Volatility 3 Framework 2.28.1

Offset	Record Type	Record Number	MFT Type	Filename	Hexdump

0xbf6db0	FILE	45043	DATA	Spider Solitaire.lnk	
4c 00 00 00 01 14 02 00 00 00 00 00 c0 00 00 00 L...............
00 00 00 46 c5 01 00 00 00 00 00 00 00 00 00 00 ...F............
00 00 00 00 00 00 00 00 00 00 00 00 00 00 00 00 ................
00 00 00 00 00 00 00 00 00 00 00 00 01 00 00 00 ................
00 00 00 00 00 00 00 00 00 00 00 00 36 00 14 00 ............6...
1f 80 df 8f 22 ed a8 9e 70 48 83 b1 96 b0 2c fe ...."...pH....,.
0d 52 20 00 00 00 47 46 53 49 39 ff a7 af df 1d .R ...GFSI9.....
70 4f a2 d5 23 fc ff f0 2e 5f 00 00 00 00 00 00 pO..#...._......
00 00 00 00 28 00 40 00 25 00 53 00 79 00 73 00 ....(.@.%.S.y.s.
74 00 65 00 6d 00 52 00 6f 00 6f 00 74 00 25 00 t.e.m.R.o.o.t.%.
5c 00 73 00 79 00 73 00 74 00 65 00 6d 00 33 00 \.s.y.s.t.e.m.3.
32 00 5c 00 67 00 61 00 6d 00 65 00 75 00 78 00 2.\.g.a.m.e.u.x.
2e 00 64 00 6c 00 6c 00 2c 00 2d 00 31 00 30 00 ..d.l.l.,.-.1.0.
33 00 31 00 30 00 42 00 25 00 50 00 72 00 6f 00 3.1.0.B.%.P.r.o.
67 00 72 00 61 00 6d 00 46 00 69 00 6c 00 65 00 g.r.a.m.F.i.l.e.
73 00 25 00 5c 00 4d 00 69 00 63 00 72 00 6f 00 s.%.\.M.i.c.r.o.
73 00 6f 00 66 00 74 00 20 00 47 00 61 00 6d 00 s.o.f.t. .G.a.m.
65 00 73 00 5c 00 53 00 70 00 69 00 64 00 65 00 e.s.\.S.p.i.d.e.
72 00 53 00 6f 00 6c 00 69 00 74 00 61 00 69 00 r.S.o.l.i.t.a.i.
72 00 65 00 5c 00 53 00 70 00 69 00 64 00 65 00 r.e.\.S.p.i.d.e.
72 00 53 00 6f 00 6c 00 69 00 74 00 61 00 69 00 r.S.o.l.i.t.a.i.
72 00 65 00 2e 00 65 00 78 00 65 00 28 00 00 00 r.e...e.x.e.(...
09 00 00 a0 1c 00 00 00 31 53 50 53 e2 8a 58 46 ........1SPS..XF
bc 4c 38 43 bb fc 13 93 26 98 6d ce 00 00 00 00 .L8C....&.m.....
00 00 00 00 00 00 00 00                         ........        
0x12585c0	FILE	83757	DATA	57C8EDB95DF3F0AD4EE2DC2B8CFD4157	
70 00 00 00 01 01 02 20 01 00 00 00 ba 00 00 00 p...... ........
d9 ae 95 48 c9 79 d2 01 28 00 00 00 06 00 00 00 ...H.y..(.......
00 00 00 00 00 00 00 00 a6 e5 77 95 3d 7c d2 01 ..........w.=|..
a6 65 be b1 c3 7c d2 01 a6 95 35 ee b2 7c d2 01 .e...|....5..|..
10 00 00 00 ff ff ff ff a6 65 be b1 c3 7c d2 01 .........e...|..
20 00 00 00 01 00 00 80 00 cc 7d e5 6d b7 d1 01  .........}.m...
80 51 01 00 26 00 00 00 00 00 00 00 00 00 00 00 .Q..&...........
9d 19 00 00 68 00 74 00 74 00 70 00 3a 00 2f 00 ....h.t.t.p.:./.
2f 00 63 00 74 00 6c 00 64 00 6c 00 2e 00 77 00 /.c.t.l.d.l...w.
69 00 6e 00 64 00 6f 00 77 00 73 00 75 00 70 00 i.n.d.o.w.s.u.p.
64 00 61 00 74 00 65 00 2e 00 63 00 6f 00 6d 00 d.a.t.e...c.o.m.
2f 00 6d 00 73 00 64 00 6f 00 77 00 6e 00 6c 00 /.m.s.d.o.w.n.l.
6f 00 61 00 64 00 2f 00 75 00 70 00 64 00 61 00 o.a.d./.u.p.d.a.
74 00 65 00 2f 00 76 00 33 00 2f 00 73 00 74 00 t.e./.v.3./.s.t.
61 00 74 00 69 00 63 00 2f 00 74 00 72 00 75 00 a.t.i.c./.t.r.u.
73 00 74 00 65 00 64 00 72 00 2f 00 65 00 6e 00 s.t.e.d.r./.e.n.
2f 00 64 00 69 00 73 00 61 00 6c 00 6c 00 6f 00 /.d.i.s.a.l.l.o.
77 00 65 00 64 00 63 00 65 00 72 00 74 00 73 00 w.e.d.c.e.r.t.s.
74 00 6c 00 2e 00 63 00 61 00 62 00 00 00 22 00 t.l...c.a.b...".
30 00 63 00 63 00 37 00 64 00 65 00 35 00 36 00 0.c.c.7.d.e.5.6.
64 00 62 00 37 00 64 00 31 00 31 00 3a 00 30 00 d.b.7.d.1.1.:.0.
22 00 00 00                                     "...            
0x12d5528	FILE	83641	DATA	Settings.ini	
ff fe 5b 00 52 00 6f 00 6f 00 74 00 5d 00 0d 00 ..[.R.o.o.t.]...
0a 00 53 00 65 00 74 00 74 00 69 00 6e 00 67 00 ..S.e.t.t.i.n.g.
73 00 56 00 65 00 72 00 73 00 69 00 6f 00 6e 00 s.V.e.r.s.i.o.n.
3d 00 22 00 30 00 30 00 2e 00 30 00 30 00 2e 00 =.".0.0...0.0...
30 00 30 00 2e 00 30 00 32 00 22 00 0d 00 0a 00 0.0...0.2.".....
0d 00 0a 00                                     ....            
0x12d5998	FILE	83642	DATA	USAGOV~1.URL	
5b 49 6e 74 65 72 6e 65 74 53 68 6f 72 74 63 75 [InternetShortcu
74 5d 0d 0a 55 52 4c 3d 68 74 74 70 3a 2f 2f 67 t]..URL=http://g
6f 2e 6d 69 63 72 6f 73 6f 66 74 2e 63 6f 6d 2f o.microsoft.com/
66 77 6c 69 6e 6b 2f 3f 4c 69 6e 6b 49 64 3d 31 fwlink/?LinkId=1
32 39 37 39 31 0d 0a 49 44 4c 69 73 74 3d 0d 0a 29791..IDList=..
5b 7b 30 30 30 32 31 34 41 30 2d 30 30 30 30 2d [{000214A0-0000-
30 30 30 30 2d 43 30 30 30 2d 30 30 30 30 30 30 0000-C000-000000
30 30 30 30 34 36 7d 5d 0d 0a 50 72 6f 70 33 3d 000046}]..Prop3=
31 39 2c 32 0d 0a                               19,2..          
0x12d5d20	FILE	83643	DATA	desktop.ini	
5b 4c 6f 63 61 6c 69 7a 65 64 46 69 6c 65 4e 61 [LocalizedFileNa
6d 65 73 5d 0d 0a 55 53 41 2e 67 6f 76 2e 75 72 mes]..USA.gov.ur
6c 3d 40 25 73 79 73 74 65 6d 72 6f 6f 74 25 5c l=@%systemroot%\
73 79 73 74 65 6d 33 32 5c 4d 43 54 52 65 73 2e system32\MCTRes.
64 6c 6c 2c 2d 32 30 30 30 31 36 0d 0a 47 6f 62 dll,-200016..Gob
69 65 72 6e 6f 55 53 41 2e 67 6f 76 2e 75 72 6c iernoUSA.gov.url
3d 40 25 73 79 73 74 65 6d 72 6f 6f 74 25 5c 73 =@%systemroot%\s
79 73 74 65 6d 33 32 5c 4d 43 54 52 65 73 2e 64 ystem32\MCTRes.d
6c 6c 2c 2d 32 30 30 30 31 37 0d 0a 5b 2e 53 68 ll,-200017..[.Sh
65 6c 6c 43 6c 61 73 73 49 6e 66 6f 5d 0d 0a 4c ellClassInfo]..L
6f 63 61 6c 69 7a 65 64 52 65 73 6f 75 72 63 65 ocalizedResource
4e 61 6d 65 3d 40 25 73 79 73 74 65 6d 72 6f 6f Name=@%systemroo
74 25 5c 73 79 73 74 65 6d 33 32 5c 4d 43 54 52 t%\system32\MCTR
65 73 2e 64 6c 6c 2c 2d 32 30 30 30 30 35 0d 0a es.dll,-200005..
0x1b9a120	FILE	42756	DATA	mapisvc.inf	
5b 53 65 72 76 69 63 65 73 5d 0d 0a 4d 53 46 41 [Services]..MSFA
58 20 58 50 3d 46 61 78 20 4d 61 69 6c 20 54 72 X XP=Fax Mail Tr
61 6e 73 70 6f 72 74 0d 0a 5b 44 65 66 61 75 6c ansport..[Defaul
74 20 53 65 72 76 69 63 65 73 5d 0d 0a 4d 53 46 t Services]..MSF
41 58 20 58 50 3d 46 61 78 20 4d 61 69 6c 20 54 AX XP=Fax Mail T
72 61 6e 73 70 6f 72 74 0d 0a 5b 4d 53 46 41 58 ransport..[MSFAX
20 58 50 50 5d 0d 0a 50 52 5f 50 52 4f 56 49 44  XPP]..PR_PROVID
45 52 5f 44 4c 4c 5f 4e 41 4d 45 3d 46 58 53 58 ER_DLL_NAME=FXSX
50 2e 44 4c 4c 0d 0a 50 52 5f 52 45 53 4f 55 52 P.DLL..PR_RESOUR
43 45 5f 54 59 50 45 3d 4d 41 50 49 5f 54 52 41 CE_TYPE=MAPI_TRA
4e 53 50 4f 52 54 5f 50 52 4f 56 49 44 45 52 0d NSPORT_PROVIDER.
0a 50 52 5f 52 45 53 4f 55 52 43 45 5f 46 4c 41 .PR_RESOURCE_FLA
47 53 3d 53 54 41 54 55 53 5f 4e 4f 5f 44 45 46 GS=STATUS_NO_DEF
41 55 4c 54 5f 53 54 4f 52 45 0d 0a 50 52 5f 44 AULT_STORE..PR_D
49 53 50 4c 41 59 5f 4e 41 4d 45 3d 46 61 78 20 ISPLAY_NAME=Fax 
4d 61 69 6c 20 54 72 61 6e 73 70 6f 72 74 0d 0a Mail Transport..
50 52 5f 50 52 4f 56 49 44 45 52 5f 44 49 53 50 PR_PROVIDER_DISP
4c 41 59 3d 46 61 78 20 4d 61 69 6c 20 54 72 61 LAY=Fax Mail Tra
6e 73 70 6f 72 74 0d 0a 5b 4d 53 46 41 58 20 58 nsport..[MSFAX X
50 5d 0d 0a 50 52 5f 44 49 53 50 4c 41 59 5f 4e P]..PR_DISPLAY_N
41 4d 45 3d 46 61 78 20 4d 61 69 6c 20 54 72 61 AME=Fax Mail Tra
6e 73 70 6f 72 74 0d 0a 50 72 6f 76 69 64 65 72 nsport..Provider
73 3d 4d 53 46 41 58 20 58 50 50 0d 0a 50 52 5f s=MSFAX XPP..PR_
53 45 52 56 49 43 45 5f 44 4c 4c 5f 4e 41 4d 45 SERVICE_DLL_NAME
3d 46 58 53 58 50 2e 44 4c 4c 0d 0a 50 52 5f 53 =FXSXP.DLL..PR_S
45 52 56 49 43 45 5f 53 55 50 50 4f 52 54 5f 46 ERVICE_SUPPORT_F
49 4c 45 53 3d 46 58 53 58 50 2e 44 4c 4c 0d 0a ILES=FXSXP.DLL..
50 52 5f 53 45 52 56 49 43 45 5f 45 4e 54 52 59 PR_SERVICE_ENTRY
5f 4e 41 4d 45 3d 53 65 72 76 69 63 65 45 6e 74 _NAME=ServiceEnt
72 79 0d 0a 50 52 5f 52 45 53 4f 55 52 43 45 5f ry..PR_RESOURCE_
46 4c 41 47 53 3d 53 45 52 56 49 43 45 5f 53 49 FLAGS=SERVICE_SI
4e 47 4c 45 5f 43 4f 50 59 7c 53 45 52 56 49 43 NGLE_COPY|SERVIC
45 5f 4e 4f 5f 50 52 49 4d 41 52 59 5f 49 44 45 E_NO_PRIMARY_IDE
4e 54 49 54 59 0d 0a                            NTITY..         
0x1b9a520	FILE	42757	DATA	mapisvc.inf	
0d 0a 5b 53 65 72 76 69 63 65 73 5d 0d 0a 4d 53 ..[Services]..MS
46 41 58 20 58 50 3d 46 61 78 20 4d 61 69 6c 20 FAX XP=Fax Mail 
54 72 61 6e 73 70 6f 72 74 0d 0a 0d 0a 5b 44 65 Transport....[De
66 61 75 6c 74 20 53 65 72 76 69 63 65 73 5d 0d fault Services].
0a 4d 53 46 41 58 20 58 50 3d 46 61 78 20 4d 61 .MSFAX XP=Fax Ma
69 6c 20 54 72 61 6e 73 70 6f 72 74 0d 0a 0d 0a il Transport....
5b 4d 53 46 41 58 20 58 50 50 5d 0d 0a 50 52 5f [MSFAX XPP]..PR_
50 52 4f 56 49 44 45 52 5f 44 4c 4c 5f 4e 41 4d PROVIDER_DLL_NAM
45 3d 46 58 53 58 50 2e 44 4c 4c 0d 0a 50 52 5f E=FXSXP.DLL..PR_
52 45 53 4f 55 52 43 45 5f 54 59 50 45 3d 4d 41 RESOURCE_TYPE=MA
50 49 5f 54 52 41 4e 53 50 4f 52 54 5f 50 52 4f PI_TRANSPORT_PRO
56 49 44 45 52 0d 0a 50 52 5f 52 45 53 4f 55 52 VIDER..PR_RESOUR
43 45 5f 46 4c 41 47 53 3d 53 54 41 54 55 53 5f CE_FLAGS=STATUS_
4e 4f 5f 44 45 46 41 55 4c 54 5f 53 54 4f 52 45 NO_DEFAULT_STORE
0d 0a 50 52 5f 44 49 53 50 4c 41 59 5f 4e 41 4d ..PR_DISPLAY_NAM
45 3d 46 61 78 20 4d 61 69 6c 20 54 72 61 6e 73 E=Fax Mail Trans
70 6f 72 74 0d 0a 50 52 5f 50 52 4f 56 49 44 45 port..PR_PROVIDE
52 5f 44 49 53 50 4c 41 59 3d 46 61 78 20 4d 61 R_DISPLAY=Fax Ma
69 6c 20 54 72 61 6e 73 70 6f 72 74 0d 0a 0d 0a il Transport....
5b 4d 53 46 41 58 20 58 50 5d 0d 0a 50 52 5f 44 [MSFAX XP]..PR_D
49 53 50 4c 41 59 5f 4e 41 4d 45 3d 46 61 78 20 ISPLAY_NAME=Fax 
4d 61 69 6c 20 54 72 61 6e 73 70 6f 72 74 0d 0a Mail Transport..
50 72 6f 76 69 64 65 72 73 3d 4d 53 46 41 58 20 Providers=MSFAX 
58 50 50 0d 0a 50 52 5f 53 45 52 56 49 43 45 5f XPP..PR_SERVICE_
44 4c 4c 5f 4e 41 4d 45 3d 46 58 53 58 50 2e 44 DLL_NAME=FXSXP.D
4c 4c 0d 0a 50 52 5f 53 45 52 56 49 43 45 5f 53 LL..PR_SERVICE_S
55 50 50 4f 52 54 5f 46 49 4c 45 53 3d 46 58 53 UPPORT_FILES=FXS
58 50 2e 44 4c 4c 0d 0a 50 52 5f 53 45 52 56 49 XP.DLL..PR_SERVI
43 45 5f 45 4e 54 52 59 5f 4e 41 4d 45 3d 53 65 CE_ENTRY_NAME=Se
72 76 69 63 65 45 6e 74 72 79 0d 0a 50 52 5f 52 rviceEntry..PR_R
45 53 4f 55 52 43 45 5f 46 4c 41 47 53 3d 53 45 ESOURCE_FLAGS=SE
52 56 49 43 45 5f 53 49 4e 47 4c 45 5f 43 4f 50 RVICE_SINGLE_COP
59 7c 53 45 52 56 49 43 45 5f 4e 4f 5f 50 52 49 Y|SERVICE_NO_PRI
4d 41 52 59 5f 49 44 45 4e 54 49 54 59 0d 0a    MARY_IDENTITY.. 
0x22d65a0	FILE	83745	DATA	container.dat	-
0x26579a0	FILE	83750	DATA	favicon[1].ico	
89 50 4e 47 0d 0a 1a 0a 00 00 00 0d 49 48 44 52 .PNG........IHDR
00 00 00 10 00 00 00 10 08 06 00 00 00 1f f3 ff ................
61 00 00 00 01 73 52 47 42 00 ae ce 1c e9 00 00 a....sRGB.......
00 04 67 41 4d 41 00 00 b1 8f 0b fc 61 05 00 00 ..gAMA......a...
00 09 70 48 59 73 00 00 0e c3 00 00 0e c3 01 c7 ..pHYs..........
6f a8 64 00 00 00 c1 49 44 41 54 38 4f 63 e0 69 o.d....IDAT8Oc.i
69 f9 4f 09 46 31 40 63 d2 a4 ff a6 33 67 a2 28 i.O.F1@c....3g.(
20 84 51 0c a8 df b7 ef ff a3 0f 1f fe cf 39 7b  .Q...........9{
f6 bf 74 4f 0f 8a 42 5c 18 c3 00 10 00 19 02 72 ..tO..B\.......r
0d b2 1c 2e 4c 5b 03 88 31 04 a7 01 a0 c0 5c 75 ....L[..1.....\u
e5 0a 38 3c 22 56 ad c2 69 18 5e 17 c0 f8 20 70 ..8<"V..i.^... p
e1 c5 8b ff 7d c7 8e 61 18 44 d0 0b 87 1f 3c 00 ....}..a.D....<.
8b c1 00 48 0d b2 1e 82 81 08 f2 0a b2 21 44 1b ...H.........!D.
00 d2 98 b1 69 13 d8 e9 c8 00 24 86 ac 07 ab 01 ....i.....$.....
9f 7e fe c4 70 3a 88 0f 0a 4c 64 f5 20 8c d5 00 .~..p:...Ld. ...
64 00 72 0d 48 1c 3d f0 60 18 c5 00 90 22 90 62 d.r.H.=.`....".b
90 26 10 c6 16 ea e8 18 c5 00 18 06 f9 9f d8 4c .&.............L
85 d5 00 e2 71 cb 7f 00 05 4b 7f 54 6b f7 d6 51 ....q....K.Tk..Q
00 00 00 00 49 45 4e 44 ae 42 60 82             ....IEND.B`.    
0x2657da0	FILE	83751	DATA	favicon[1].png	-
0x4b34a00	FILE	83850	DATA	C46E7B0F942663A1EDC8D9D6D7869173_42820CDFEA41DC84AAB89A6B63561873	
70 00 00 00 01 01 02 20 01 00 00 00 1e 01 00 00 p...... ........
bd d7 37 5b c9 79 d2 01 28 00 00 00 03 00 00 00 ..7[.y..(.......
32 00 00 00 00 00 00 00 80 5c 3e 81 81 77 d2 01 2........\>..w..
80 9c 22 aa 01 7d d2 01 00 00 00 00 00 00 00 00 .."..}..........
10 00 00 00 00 00 00 00 80 9c 22 aa 01 7d d2 01 .........."..}..
20 00 00 00 00 00 00 00 80 5c 3e 81 81 77 d2 01  ........\>..w..
1e 68 05 00 00 00 00 00 00 00 00 00 00 00 00 00 .h..............
e3 06 00 00 68 00 74 00 74 00 70 00 3a 00 2f 00 ....h.t.t.p.:./.
2f 00 73 00 32 00 2e 00 73 00 79 00 6d 00 63 00 /.s.2...s.y.m.c.
62 00 2e 00 63 00 6f 00 6d 00 2f 00 4d 00 46 00 b...c.o.m./.M.F.
45 00 77 00 54 00 7a 00 42 00 4e 00 4d 00 45 00 E.w.T.z.B.N.M.E.
73 00 77 00 53 00 54 00 41 00 4a 00 42 00 67 00 s.w.S.T.A.J.B.g.
55 00 72 00 44 00 67 00 4d 00 43 00 47 00 67 00 U.r.D.g.M.C.G.g.
55 00 41 00 42 00 42 00 53 00 35 00 36 00 62 00 U.A.B.B.S.5.6.b.
4b 00 48 00 41 00 6f 00 55 00 44 00 25 00 32 00 K.H.A.o.U.D.%.2.
42 00 4f 00 79 00 6c 00 25 00 32 00 42 00 30 00 B.O.y.l.%.2.B.0.
4c 00 68 00 50 00 67 00 39 00 4a 00 78 00 79 00 L.h.P.g.9.J.x.y.
51 00 6d 00 34 00 67 00 51 00 55 00 66 00 39 00 Q.m.4.g.Q.U.f.9.
4e 00 6c 00 70 00 38 00 4c 00 64 00 37 00 4c 00 N.l.p.8.L.d.7.L.
76 00 77 00 4d 00 41 00 6e 00 7a 00 51 00 7a 00 v.w.M.A.n.z.Q.z.
6e 00 36 00 41 00 71 00 38 00 7a 00 4d 00 54 00 n.6.A.q.8.z.M.T.
4d 00 43 00 45 00 48 00 37 00 68 00 53 00 6d 00 M.C.E.H.7.h.S.m.
39 00 76 00 37 00 25 00 32 00 46 00 4c 00 54 00 9.v.7.%.2.F.L.T.
66 00 7a 00 25 00 32 00 42 00 74 00 5a 00 55 00 f.z.%.2.B.t.Z.U.
30 00 36 00 32 00 72 00 51 00 25 00 33 00 44 00 0.6.2.r.Q.%.3.D.
00 00                                           ..              
0x4bb2528	FILE	83833	DATA	AFX6TNVK.txt	
53 52 43 48 44 0a 41 46 3d 4e 4f 46 4f 52 4d 0a SRCHD.AF=NOFORM.
6d 69 63 72 6f 73 6f 66 74 2e 63 6f 6d 2f 0a 31 microsoft.com/.1
30 32 34 0a 31 30 38 35 30 36 32 30 31 36 0a 33 024.1085062016.3
30 37 31 37 38 30 34 0a 31 32 37 34 32 35 33 35 0717804.12742535
35 32 0a 33 30 35 37 30 39 35 33 0a 2a 0a 53 52 52.30570953.*.SR
43 48 55 53 52 0a 44 4f 42 3d 32 30 31 37 30 31 CHUSR.DOB=201701
32 39 0a 6d 69 63 72 6f 73 6f 66 74 2e 63 6f 6d 29.microsoft.com
2f 0a 31 30 32 34 0a 31 30 38 35 30 36 32 30 31 /.1024.108506201
36 0a 33 30 37 31 37 38 30 34 0a 31 32 37 35 33 6.30717804.12753
38 36 33 36 35 0a 33 30 35 37 30 39 35 33 0a 2a 86365.30570953.*
0a                                              .               
0x5640a28	FILE	44642	DATA	PerfCounters_D.ini	
5b 69 6e 66 6f 5d 0d 0a 66 69 6c 65 3d 50 65 72 [info]..file=Per
66 43 6f 75 6e 74 65 72 73 2e 69 6e 69 0d 0a    fCounters.ini.. 
0x5640e28	FILE	44643	DATA	PerfCounters_D.ini	
5b 69 6e 66 6f 5d 0d 0a 66 69 6c 65 3d 50 65 72 [info]..file=Per
66 43 6f 75 6e 74 65 72 73 2e 69 6e 69 0d 0a    fCounters.ini.. 
0x5734128	FILE	2860	DATA	CiPT0000.000	
00 00 42 00 00 00 00 00 01 00 00 00 00 00 00 00 ..B.............
7d 01 00 00 7c 41 00 00 00 00 00 00 00 00 00 00 }...|A..........
7d 01 00 00 7c 41 00 00 00 00 00 00 00 00 00 00 }...|A..........
53 48 52 46 50 49 44 54 41 42 4c 45 28 00 00 00 SHRFPIDTABLE(...
33 02 00 00 7d 01 00 00 7d 11 00 00 00 00 00 00 3...}...}.......
00 00 00 00 00 01 00 02 00 00 00 00 08 1d 33 00 ..............3.
00 00 00 00 20 01 2f 00 00 00 00 00 81 27 1f f7 .... ./......'..
fe 07 00 00 90 1d 33 00 00 00 00 00 00 00 00 00 ......3.........
00 00 00 00 00 00 00 00 00 00 00 00 40 1d 33 00 ............@.3.
50 49 44 54 41 42 4c 45 28 00 00 00 33 02 00 00 PIDTABLE(...3...
7d 01 00 00 7d 11 00 00 00 00 00 00 00 00 00 00 }...}...........
00 01 00 02 00 00 00 00 08 1d 33 00 00 00 00 00 ..........3.....
20 01 2f 00 00 00 00 00 81 27 1f f7 fe 07 00 00  ./......'......
90 1d 33 00 00 00 00 00 00 00 00 00 00 00 00 00 ..3.............
00 00 00 00 00 00 00 00 40 1d 33 00 53 48 52 49 ........@.3.SHRI
0x57bc190	FILE	78760	DATA	pscript.sep	
5c 0d 0a 5c 48 31 42 5c 4c 25 2d 31 32 33 34 35 \..\H1B\L%-12345
58 40 50 4a 4c 20 45 4e 54 45 52 20 4c 41 4e 47 X@PJL ENTER LANG
55 41 47 45 3d 50 4f 53 54 53 43 52 49 50 54 5c UAGE=POSTSCRIPT\
30 0d 0a                                        0..             
0x57bc590	FILE	78761	DATA	pscript.sep	
5c 0d 0a 5c 48 31 42 5c 4c 25 2d 31 32 33 34 35 \..\H1B\L%-12345
58 40 50 4a 4c 20 45 4e 54 45 52 20 4c 41 4e 47 X@PJL ENTER LANG
55 41 47 45 3d 50 4f 53 54 53 43 52 49 50 54 5c UAGE=POSTSCRIPT\
30 0d 0a                                        0..             
0x5d27128	FILE	84952	DATA	$IVZE5QD.raw	
01 00 00 00 00 00 00 00 00 00 ff 3f 00 00 00 00 ...........?....
70 06 04 8d 43 7c d2 01 43 00 3a 00 5c 00 55 00 p...C|..C.:.\.U.
73 00 65 00 72 00 73 00 5c 00 55 00 4d 00 44 00 s.e.r.s.\.U.M.D.
43 00 53 00 45 00 43 00 5c 00 44 00 65 00 73 00 C.S.E.C.\.D.e.s.
6b 00 74 00 6f 00 70 00 5c 00 55 00 4d 00 44 00 k.t.o.p.\.U.M.D.
43 00 53 00 45 00 43 00 2d 00 50 00 43 00 2d 00 C.S.E.C.-.P.C.-.
32 00 30 00 31 00 37 00 30 00 32 00 30 00 31 00 2.0.1.7.0.2.0.1.
2d 00 30 00 34 00 32 00 36 00 32 00 37 00 2e 00 -.0.4.2.6.2.7...
72 00 61 00 77 00 00 00 00 00 00 00 00 00 00 00 r.a.w...........
00 00 00 00 00 00 00 00 00 00 00 00 00 00 00 00 ................
00 00 00 00 00 00 00 00 00 00 00 00 00 00 00 00 ................
00 00 00 00 00 00 00 00 00 00 00 00 00 00 00 00 ................
00 00 00 00 00 00 00 00 00 00 00 00 00 00 00 00 ................
00 00 00 00 00 00 00 00 00 00 00 00 00 00 00 00 ................
00 00 00 00 00 00 00 00 00 00 00 00 00 00 00 00 ................
00 00 00 00 00 00 00 00 00 00 00 00 00 00 00 00 ................
00 00 00 00 00 00 00 00 00 00 00 00 00 00 00 00 ................
00 00 00 00 00 00 00 00 00 00 00 00 00 00 00 00 ................
00 00 00 00 00 00 00 00 00 00 00 00 00 00 00 00 ................
00 00 00 00 00 00 00 00 00 00 00 00 00 00 00 00 ................
00 00 00 00 00 00 00 00 00 00 00 00 00 00 00 00 ................
00 00 00 00 00 00 00 00 00 00 00 00 00 00 00 00 ................
00 00 00 00 00 00 00 00 00 00 00 00 00 00 00 00 ................
00 00 00 00 00 00 00 00 00 00 00 00 00 00 00 00 ................
00 00 00 00 00 00 00 00 00 00 00 00 00 00 00 00 ................
00 00 00 00 00 00 00 00 00 00 00 00 00 00 00 00 ................
00 00 00 00 00 00 00 00 00 00 00 00 00 00 00 00 ................
00 00 00 00 00 00 00 00 00 00 00 00 00 00 00 00 ................
00 00 00 00 00 00 00 00 00 00 00 00 00 00 00 00 ................
00 00 00 00 00 00 00 00 00 00 00 00 00 00 00 00 ................
00 00 00 00 00 00 00 00 00 00 00 00 00 00 00 00 ................
00 00 00 00 00 00 00 00 00 00 00 00 00 00 00 00 ................
00 00 00 00 00 00 00 00 00 00 00 00 00 00 00 00 ................
00 00 00 00 00 00 00 00 00 00 00 00 00 00 00 00 ................
0x5d27600	FILE	84953	DATA	7D266D9E1E69FA1EEFB9699B009B34C8_0A9BFDD75B598C2110CBF610C078E6E6	
70 00 00 00 01 01 02 20 01 00 00 00 20 01 00 00 p...... .... ...
3d af 30 92 46 7c d2 01 28 00 00 00 03 00 00 00 =.0.F|..(.......
32 00 00 00 00 00 00 00 80 c6 d9 e6 be e7 d2 01 2...............
80 06 be 0f 3f ed d2 01 00 00 00 00 00 00 00 00 ....?...........
10 00 00 00 00 00 00 00 80 06 be 0f 3f ed d2 01 ............?...
20 00 00 00 00 00 00 00 80 c6 d9 e6 be e7 d2 01  ...............
a2 2e 05 00 00 00 00 00 00 00 00 00 00 00 00 00 ................
e3 06 00 00 68 00 74 00 74 00 70 00 3a 00 2f 00 ....h.t.t.p.:./.
2f 00 6f 00 63 00 73 00 70 00 2e 00 76 00 65 00 /.o.c.s.p...v.e.
72 00 69 00 73 00 69 00 67 00 6e 00 2e 00 63 00 r.i.s.i.g.n...c.
6f 00 6d 00 2f 00 4d 00 46 00 45 00 77 00 54 00 o.m./.M.F.E.w.T.
7a 00 42 00 4e 00 4d 00 45 00 73 00 77 00 53 00 z.B.N.M.E.s.w.S.
54 00 41 00 4a 00 42 00 67 00 55 00 72 00 44 00 T.A.J.B.g.U.r.D.
67 00 4d 00 43 00 47 00 67 00 55 00 41 00 42 00 g.M.C.G.g.U.A.B.
42 00 53 00 35 00 36 00 62 00 4b 00 48 00 41 00 B.S.5.6.b.K.H.A.
6f 00 55 00 44 00 25 00 32 00 42 00 4f 00 79 00 o.U.D.%.2.B.O.y.
6c 00 25 00 32 00 42 00 30 00 4c 00 68 00 50 00 l.%.2.B.0.L.h.P.
67 00 39 00 4a 00 78 00 79 00 51 00 6d 00 34 00 g.9.J.x.y.Q.m.4.
67 00 51 00 55 00 66 00 39 00 4e 00 6c 00 70 00 g.Q.U.f.9.N.l.p.
38 00 4c 00 64 00 37 00 4c 00 76 00 77 00 4d 00 8.L.d.7.L.v.w.M.
41 00 6e 00 7a 00 51 00 7a 00 6e 00 36 00 41 00 A.n.z.Q.z.n.6.A.
71 00 38 00 7a 00 4d 00 54 00 4d 00 43 00 45 00 q.8.z.M.T.M.C.E.
46 00 49 00 41 00 35 00 61 00 6f 00 6c 00 56 00 F.I.A.5.a.o.l.V.
76 00 77 00 61 00 68 00 75 00 32 00 57 00 79 00 v.w.a.h.u.2.W.y.
64 00 52 00 4c 00 4d 00 38 00 63 00 25 00 33 00 d.R.L.M.8.c.%.3.
44 00 00 00                                     D...            
0x5d27e00	FILE	84955	DATA	9A19ADAD9D098E039450ABBEDD5616EB_451B4A2D71A730832E8F191CC2D337DF	
70 00 00 00 01 01 02 20 01 00 00 00 1a 01 00 00 p...... ........
3d af 30 92 46 7c d2 01 28 00 00 00 03 00 00 00 =.0.F|..(.......
32 00 00 00 00 00 00 00 00 86 52 38 91 e8 d2 01 2.........R8....
00 c6 36 61 11 ee d2 01 00 00 00 00 00 00 00 00 ..6a............
10 00 00 00 00 00 00 00 00 c6 36 61 11 ee d2 01 ..........6a....
20 00 00 00 00 00 00 00 00 86 52 38 91 e8 d2 01  .........R8....
bf 8f 06 00 00 00 00 00 00 00 00 00 00 00 00 00 ................
7c 06 00 00 68 00 74 00 74 00 70 00 3a 00 2f 00 |...h.t.t.p.:./.
2f 00 73 00 66 00 2e 00 73 00 79 00 6d 00 63 00 /.s.f...s.y.m.c.
64 00 2e 00 63 00 6f 00 6d 00 2f 00 4d 00 46 00 d...c.o.m./.M.F.
45 00 77 00 54 00 7a 00 42 00 4e 00 4d 00 45 00 E.w.T.z.B.N.M.E.
73 00 77 00 53 00 54 00 41 00 4a 00 42 00 67 00 s.w.S.T.A.J.B.g.
55 00 72 00 44 00 67 00 4d 00 43 00 47 00 67 00 U.r.D.g.M.C.G.g.
55 00 41 00 42 00 42 00 54 00 53 00 71 00 5a 00 U.A.B.B.T.S.q.Z.
4d 00 47 00 35 00 4d 00 38 00 54 00 41 00 39 00 M.G.5.M.8.T.A.9.
72 00 64 00 7a 00 6b 00 62 00 43 00 6e 00 4e 00 r.d.z.k.b.C.n.N.
77 00 75 00 4d 00 41 00 64 00 35 00 56 00 67 00 w.u.M.A.d.5.V.g.
51 00 55 00 7a 00 35 00 6d 00 70 00 36 00 6e 00 Q.U.z.5.m.p.6.n.
73 00 6d 00 39 00 45 00 76 00 4a 00 6a 00 6f 00 s.m.9.E.v.J.j.o.
25 00 32 00 46 00 58 00 38 00 41 00 55 00 6d 00 %.2.F.X.8.A.U.m.
37 00 25 00 32 00 42 00 50 00 53 00 70 00 35 00 7.%.2.B.P.S.p.5.
30 00 43 00 45 00 47 00 58 00 54 00 5a 00 61 00 0.C.E.G.X.T.Z.a.
4a 00 4f 00 35 00 25 00 32 00 42 00 45 00 33 00 J.O.5.%.2.B.E.3.
45 00 46 00 75 00 36 00 77 00 6a 00 4e 00 59 00 E.F.u.6.w.j.N.Y.
46 00 74 00 67 00 25 00 33 00 44 00 00 00       F.t.g.%.3.D...  
0x5dbf200	FILE	83980	DATA	7423F88C7F265F0DEFC08EA88C3BDE45_D975BBA8033175C8D112023D8A7A8AD6	
70 00 00 00 01 01 02 20 01 00 00 00 20 01 00 00 p...... .... ...
ff 64 0f d2 c9 79 d2 01 28 00 00 00 03 00 00 00 .d...y..(.......
32 00 00 00 00 00 00 00 00 30 4f b4 e8 78 d2 01 2........0O..x..
00 70 33 dd 68 7e d2 01 00 00 00 00 00 00 00 00 .p3.h~..........
10 00 00 00 00 00 00 00 00 70 33 dd 68 7e d2 01 .........p3.h~..
20 00 00 00 00 00 00 00 00 48 8d e2 9a 79 d2 01  ........H...y..
00 a3 02 00 1e 00 00 00 00 00 00 00 00 00 00 00 ................
d7 01 00 00 68 00 74 00 74 00 70 00 3a 00 2f 00 ....h.t.t.p.:./.
2f 00 6f 00 63 00 73 00 70 00 2e 00 64 00 69 00 /.o.c.s.p...d.i.
67 00 69 00 63 00 65 00 72 00 74 00 2e 00 63 00 g.i.c.e.r.t...c.
6f 00 6d 00 2f 00 4d 00 46 00 45 00 77 00 54 00 o.m./.M.F.E.w.T.
7a 00 42 00 4e 00 4d 00 45 00 73 00 77 00 53 00 z.B.N.M.E.s.w.S.
54 00 41 00 4a 00 42 00 67 00 55 00 72 00 44 00 T.A.J.B.g.U.r.D.
67 00 4d 00 43 00 47 00 67 00 55 00 41 00 42 00 g.M.C.G.g.U.A.B.
42 00 53 00 41 00 55 00 51 00 59 00 42 00 4d 00 B.S.A.U.Q.Y.B.M.
71 00 32 00 61 00 77 00 6e 00 31 00 52 00 68 00 q.2.a.w.n.1.R.h.
36 00 44 00 6f 00 68 00 25 00 32 00 46 00 73 00 6.D.o.h.%.2.F.s.
42 00 59 00 67 00 46 00 56 00 37 00 67 00 51 00 B.Y.g.F.V.7.g.Q.
55 00 41 00 39 00 35 00 51 00 4e 00 56 00 62 00 U.A.9.5.Q.N.V.b.
52 00 54 00 4c 00 74 00 6d 00 38 00 4b 00 50 00 R.T.L.t.m.8.K.P.
69 00 47 00 78 00 76 00 44 00 6c 00 37 00 49 00 i.G.x.v.D.l.7.I.
39 00 30 00 56 00 55 00 43 00 45 00 41 00 48 00 9.0.V.U.C.E.A.H.
39 00 6f 00 25 00 32 00 42 00 74 00 75 00 79 00 9.o.%.2.B.t.u.y.
6e 00 58 00 49 00 69 00 45 00 4f 00 4c 00 63 00 n.X.I.i.E.O.L.c.
6b 00 76 00 50 00 76 00 4a 00 45 00 25 00 33 00 k.v.P.v.J.E.%.3.
44 00 00 00 22 00 35 00 38 00 38 00 63 00 65 00 D...".5.8.8.c.e.
64 00 64 00 30 00 2d 00 31 00 64 00 37 00 22 00 d.d.0.-.1.d.7.".
00 00                                           ..              
0x5dbfa00	FILE	83982	DATA	7423F88C7F265F0DEFC08EA88C3BDE45_D975BBA8033175C8D112023D8A7A8AD6	
30 82 01 d3 0a 01 00 a0 82 01 cc 30 82 01 c8 06 0..........0....
09 2b 06 01 05 05 07 30 01 01 04 82 01 b9 30 82 .+.....0......0.
01 b5 30 81 9e a2 16 04 14 03 de 50 35 56 d1 4c ..0........P5V.L
bb 66 f0 a3 e2 1b 1b c3 97 b2 3d d1 55 18 0f 32 .f........=.U..2
30 31 37 30 31 32 37 32 32 30 30 30 30 5a 30 73 0170127220000Z0s
30 71 30 49 30 09 06 05 2b 0e 03 02 1a 05 00 04 0q0I0...+.......
14 80 51 06 01 32 ad 9a c2 7d 51 87 a0 e8 87 fb ..Q..2...}Q.....
01 62 01 55 ee 04 14 03 de 50 35 56 d1 4c bb 66 .b.U.....P5V.L.f
f0 a3 e2 1b 1b c3 97 b2 3d d1 55 02 10 01 fd a3 ........=.U.....
eb 6e ca 75 c8 88 43 8b 72 4b cf bc 91 80 00 18 .n.u..C.rK......
0f 32 30 31 37 30 31 32 37 32 32 30 30 30 30 5a .20170127220000Z
a0 11 18 0f 32 30 31 37 30 32 30 33 32 32 30 30 ....201702032200
30 30 5a 30 0d 06 09 2a 86 48 86 f7 0d 01 01 0b 00Z0...*.H......
05 00 03 82 01 01 00 da 17 93 2e 1e a7 31 22 2d .............1"-
e6 d2 cb df 7a 59 43 8c 98 06 ae 26 81 37 d5 5f ....zYC....&.7._
34 f6 a1 08 83 4d 05 24 89 f7 2c d4 41 b7 56 10 4....M.$..,.A.V.
11 99 8d cc ce f3 60 a1 17 db 7f 36 9a f6 eb 2c ......`....6...,
0b 69 6b c5 f7 f5 9a 98 99 5e 3b 7b 86 1b a2 f7 .ik......^;{....
35 81 48 a6 75 04 1c 6d 30 49 a1 a1 28 ed f0 7f 5.H.u..m0I..(...
a5 b6 d3 27 97 dc c6 1e d2 0c 00 67 8c 32 8a ac ...'.......g.2..
47 d4 84 46 d1 d8 56 63 8d 7d 40 f1 44 05 6f 72 G..F..Vc.}@.D.or
32 e4 f5 c6 f9 a9 31 82 32 40 64 88 47 94 68 75 2.....1.2@d.G.hu
54 34 96 0b 36 38 c4 1a 84 37 9a a1 fa 2b 37 b3 T4..68...7...+7.
f1 ec ad 80 68 bd 2a 72 59 40 cb 96 bd 99 3f a7 ....h.*rY@....?.
df 8b 59 0b 5d 28 ea f5 aa 1b 2f 75 88 13 ee de ..Y.](..../u....
64 36 b3 54 8c bc 7c 69 f8 47 73 22 be 4e 61 fb d6.T..|i.Gs".Na.
62 e2 3c fd 85 7c 9c 1f 66 bc 1e 74 2c 95 e0 0a b.<..|..f..t,...
94 ad d1 ac fd d3 06 54 b2 5f 14 3d 23 b0 fb aa .......T._.=#...
21 88 b5 78 2e f0 42 c2 eb f9 1f 8d f9 79 94 73 !..x..B......y.s
f3 2f c6 ae b4 20 a0                            ./... .         
0x5dbfda8	FILE	83983	DATA	SystemIndex.4.gthr	
ff fe 61 00 66 00 64 00 33 00 33 00 33 00 34 00 ..a.f.d.3.3.3.4.
65 00 09 00 31 00 64 00 33 00 30 00 38 00 61 00 e...1.d.3.0.8.a.
35 00 09 00 09 00 34 00 30 00 30 00 30 00 30 00 5.....4.0.0.0.0.
30 00 30 00 66 00 09 00 30 00 09 00 30 00 09 00 0.0.f...0...0...
09 00 36 00 35 00 35 00 33 00 35 00 09 00 34 00 ..6.5.5.3.5...4.
32 00 39 00 34 00 39 00 36 00 37 00 32 00 39 00 2.9.4.9.6.7.2.9.
35 00 09 00 34 00 32 00 39 00 34 00 39 00 36 00 5...4.2.9.4.9.6.
37 00 32 00 39 00 35 00 0d 00 0a 00 61 00 66 00 7.2.9.5.....a.f.
65 00 32 00 39 00 66 00 37 00 65 00 09 00 31 00 e.2.9.f.7.e...1.
64 00 33 00 30 00 38 00 61 00 35 00 09 00 09 00 d.3.0.8.a.5.....
34 00 30 00 30 00 30 00 30 00 30 00 31 00 36 00 4.0.0.0.0.0.1.6.
09 00 30 00 09 00 30 00 09 00 09 00 36 00 35 00 ..0...0.....6.5.
35 00 33 00 35 00 09 00 34 00 32 00 39 00 34 00 5.3.5...4.2.9.4.
39 00 36 00 37 00 32 00 39 00 35 00 09 00 34 00 9.6.7.2.9.5...4.
32 00 39 00 34 00 39 00 36 00 37 00 32 00 39 00 2.9.4.9.6.7.2.9.
35 00 0d 00 0a 00                               5.....          
0x5ebd9a8	FILE	84958	DATA	SystemIndex.3.gthr	
ff fe 63 00 33 00 66 00 61 00 35 00 34 00 36 00 ..c.3.f.a.5.4.6.
33 00 09 00 31 00 64 00 32 00 65 00 61 00 32 00 3...1.d.2.e.a.2.
38 00 09 00 09 00 34 00 30 00 30 00 30 00 30 00 8.....4.0.0.0.0.
30 00 30 00 66 00 09 00 30 00 09 00 30 00 09 00 0.0.f...0...0...
09 00 36 00 35 00 35 00 33 00 35 00 09 00 34 00 ..6.5.5.3.5...4.
32 00 39 00 34 00 39 00 36 00 37 00 32 00 39 00 2.9.4.9.6.7.2.9.
35 00 09 00 34 00 32 00 39 00 34 00 39 00 36 00 5...4.2.9.4.9.6.
37 00 32 00 39 00 35 00 0d 00 0a 00 63 00 34 00 7.2.9.5.....c.4.
30 00 31 00 63 00 37 00 62 00 64 00 09 00 31 00 0.1.c.7.b.d...1.
64 00 32 00 65 00 61 00 32 00 38 00 09 00 09 00 d.2.e.a.2.8.....
34 00 30 00 30 00 30 00 30 00 30 00 31 00 36 00 4.0.0.0.0.0.1.6.
09 00 30 00 09 00 30 00 09 00 09 00 36 00 35 00 ..0...0.....6.5.
35 00 33 00 35 00 09 00 34 00 32 00 39 00 34 00 5.3.5...4.2.9.4.
39 00 36 00 37 00 32 00 39 00 35 00 09 00 34 00 9.6.7.2.9.5...4.
32 00 39 00 34 00 39 00 36 00 37 00 32 00 39 00 2.9.4.9.6.7.2.9.
35 00 0d 00 0a 00                               5.....          
0x5ebdda8	FILE	84959	DATA	SystemIndex.3.Crwl	
ff fe                                           ..              
0x6342da8	FILE	84019	DATA	SystemIndex.4.Crwl	
ff fe                                           ..              
0x6722120	FILE	83544	DATA	desktop.ini	
ff fe 0d 00 0a 00 5b 00 2e 00 53 00 68 00 65 00 ......[...S.h.e.
6c 00 6c 00 43 00 6c 00 61 00 73 00 73 00 49 00 l.l.C.l.a.s.s.I.
6e 00 66 00 6f 00 5d 00 0d 00 0a 00 4c 00 6f 00 n.f.o.].....L.o.
63 00 61 00 6c 00 69 00 7a 00 65 00 64 00 52 00 c.a.l.i.z.e.d.R.
65 00 73 00 6f 00 75 00 72 00 63 00 65 00 4e 00 e.s.o.u.r.c.e.N.
61 00 6d 00 65 00 3d 00 40 00 25 00 53 00 79 00 a.m.e.=.@.%.S.y.
73 00 74 00 65 00 6d 00 52 00 6f 00 6f 00 74 00 s.t.e.m.R.o.o.t.
25 00 5c 00 73 00 79 00 73 00 74 00 65 00 6d 00 %.\.s.y.s.t.e.m.
33 00 32 00 5c 00 73 00 68 00 65 00 6c 00 6c 00 3.2.\.s.h.e.l.l.
33 00 32 00 2e 00 64 00 6c 00 6c 00 2c 00 2d 00 3.2...d.l.l.,.-.
32 00 31 00 37 00 39 00 38 00 0d 00 0a 00 49 00 2.1.7.9.8.....I.
63 00 6f 00 6e 00 52 00 65 00 73 00 6f 00 75 00 c.o.n.R.e.s.o.u.
72 00 63 00 65 00 3d 00 25 00 53 00 79 00 73 00 r.c.e.=.%.S.y.s.
74 00 65 00 6d 00 52 00 6f 00 6f 00 74 00 25 00 t.e.m.R.o.o.t.%.
5c 00 73 00 79 00 73 00 74 00 65 00 6d 00 33 00 \.s.y.s.t.e.m.3.
32 00 5c 00 69 00 6d 00 61 00 67 00 65 00 72 00 2.\.i.m.a.g.e.r.
65 00 73 00 2e 00 64 00 6c 00 6c 00 2c 00 2d 00 e.s...d.l.l.,.-.
31 00 38 00 34 00 0d 00 0a 00                   1.8.4.....      
0x676e120	FILE	4128	DATA	flag.lnk	
4c 00 00 00 01 14 02 00 00 00 00 00 c0 00 00 00 L...............
00 00 00 46 9b 00 20 00 20 00 00 00 68 1d a7 62 ...F.. . ...h..b
39 7c d2 01 c2 7f a9 62 39 7c d2 01 c2 7f a9 62 9|.....b9|.....b
39 7c d2 01 9e 0d 00 00 00 00 00 00 01 00 00 00 9|..............
00 00 00 00 00 00 00 00 00 00 00 00 58 00 56 00 ............X.V.
32 00 9e 0d 00 00 41 4a e3 19 20 00 66 6c 61 67 2.....AJ.. .flag
2e 70 6e 67 00 00 3e 00 08 00 04 00 ef be 41 4a .png..>.......AJ
e3 19 41 4a e3 19 2a 00 00 00 1f 10 00 00 00 00 ..AJ..*.........
02 00 00 00 00 00 00 00 00 00 00 00 00 00 00 00 ................
66 00 6c 00 61 00 67 00 2e 00 70 00 6e 00 67 00 f.l.a.g...p.n.g.
00 00 18 00 00 00 50 00 00 00 1c 00 00 00 01 00 ......P.........
00 00 1c 00 00 00 2d 00 00 00 00 00 00 00 4f 00 ......-.......O.
00 00 11 00 00 00 03 00 00 00 db 0a 8e 62 10 00 .............b..
00 00 00 43 3a 5c 55 73 65 72 73 5c 55 4d 44 43 ...C:\Users\UMDC
53 45 43 5c 44 65 73 6b 74 6f 70 5c 66 6c 61 67 SEC\Desktop\flag
2e 70 6e 67 00 00 1f 00 2e 00 2e 00 5c 00 2e 00 .png........\...
2e 00 5c 00 2e 00 2e 00 5c 00 2e 00 2e 00 5c 00 ..\.....\.....\.
2e 00 2e 00 5c 00 44 00 65 00 73 00 6b 00 74 00 ....\.D.e.s.k.t.
6f 00 70 00 5c 00 66 00 6c 00 61 00 67 00 2e 00 o.p.\.f.l.a.g...
70 00 6e 00 67 00 18 00 43 00 3a 00 5c 00 55 00 p.n.g...C.:.\.U.
73 00 65 00 72 00 73 00 5c 00 55 00 4d 00 44 00 s.e.r.s.\.U.M.D.
43 00 53 00 45 00 43 00 5c 00 44 00 65 00 73 00 C.S.E.C.\.D.e.s.
6b 00 74 00 6f 00 70 00 28 00 00 00 09 00 00 a0 k.t.o.p.(.......
1c 00 00 00 31 53 50 53 e2 8a 58 46 bc 4c 38 43 ....1SPS..XF.L8C
bb fc 13 93 26 98 6d ce 00 00 00 00 00 00 00 00 ....&.m.........
60 00 00 00 03 00 00 a0 58 00 00 00 00 00 00 00 `.......X.......
75 6d 64 63 73 65 63 2d 70 63 00 00 00 00 00 00 umdcsec-pc......
94 ae d3 32 6c b6 53 4b 93 30 87 79 29 de af b5 ...2l.SK.0.y)...
77 61 e0 eb 2a e8 e6 11 8b 8d 08 00 27 c9 b2 74 wa..*.......'..t
94 ae d3 32 6c b6 53 4b 93 30 87 79 29 de af b5 ...2l.SK.0.y)...
77 61 e0 eb 2a e8 e6 11 8b 8d 08 00 27 c9 b2 74 wa..*.......'..t
00 00 00 00                                     ....            
0x676e528	FILE	4129	DATA	Pictures.lnk	
4c 00 00 00 01 14 02 00 00 00 00 00 c0 00 00 00 L...............
00 00 00 46 8b 00 20 00 20 20 00 00 40 dd b8 03 ...F.. .  ..@...
c9 79 d2 01 e8 38 a2 07 c9 79 d2 01 e8 38 a2 07 .y...8...y...8..
c9 79 d2 01 dc 0d 00 00 00 00 00 00 01 00 00 00 .y..............
00 00 00 00 00 00 00 00 00 00 00 00 8a 00 14 00 ................
1f 42 25 48 1e 03 94 7b c3 4d b1 31 e9 46 b4 4c .B%H...{.M.1.F.L
8d d5 74 00 00 00 1a 00 ee bb fe 23 00 00 10 00 ..t........#....
9f ae 90 a9 3b a0 80 4e 94 bc 99 12 d7 50 41 04 ....;..N.....PA.
00 00 2a 00 00 00 00 00 ef be 00 00 00 20 00 00 ..*.......... ..
00 00 00 00 00 00 00 00 00 00 00 00 00 00 00 00 ................
00 00 00 00 00 00 01 00 00 00 20 00 2a 00 00 00 .......... .*...
19 00 ef be eb aa 2b 0b 42 00 ca 4d aa 4d 3e e8 ......+.B..M.M>.
64 8d 03 e5 82 07 ba 82 7a 5b 69 45 b5 d7 ec 83 d.......z[iE....
08 5f 08 cc 20 00 00 00 7f 00 00 00 1c 00 00 00 ._.. ...........
01 00 00 00 1c 00 00 00 2d 00 00 00 00 00 00 00 ........-.......
7e 00 00 00 11 00 00 00 03 00 00 00 db 0a 8e 62 ~..............b
10 00 00 00 00 43 3a 5c 55 73 65 72 73 5c 55 4d .....C:\Users\UM
44 43 53 45 43 5c 41 70 70 44 61 74 61 5c 52 6f DCSEC\AppData\Ro
61 6d 69 6e 67 5c 4d 69 63 72 6f 73 6f 66 74 5c aming\Microsoft\
57 69 6e 64 6f 77 73 5c 4c 69 62 72 61 72 69 65 Windows\Librarie
73 5c 50 69 63 74 75 72 65 73 2e 6c 69 62 72 61 s\Pictures.libra
72 79 2d 6d 73 00 00 20 00 2e 00 2e 00 5c 00 4c ry-ms.. .....\.L
00 69 00 62 00 72 00 61 00 72 00 69 00 65 00 73 .i.b.r.a.r.i.e.s
00 5c 00 50 00 69 00 63 00 74 00 75 00 72 00 65 .\.P.i.c.t.u.r.e
00 73 00 2e 00 6c 00 69 00 62 00 72 00 61 00 72 .s...l.i.b.r.a.r
00 79 00 2d 00 6d 00 73 00 28 00 00 00 09 00 00 .y.-.m.s.(......
a0 1c 00 00 00 31 53 50 53 e2 8a 58 46 bc 4c 38 .....1SPS..XF.L8
43 bb fc 13 93 26 98 6d ce 00 00 00 00 00 00 00 C....&.m........
00 60 00 00 00 03 00 00 a0 58 00 00 00 00 00 00 .`.......X......
00 75 6d 64 63 73 65 63 2d 70 63 00 00 00 00 00 .umdcsec-pc.....
00 94 ae d3 32 6c b6 53 4b 93 30 87 79 29 de af ....2l.SK.0.y)..
b5 85 0b fd 22 bc e5 e6 11 aa 3e 08 00 27 c9 b2 ....".....>..'..
74 94 ae d3 32 6c b6 53 4b 93 30 87 79 29 de af t...2l.SK.0.y)..
b5 85 0b fd 22 bc e5 e6 11 aa 3e 08 00 27 c9 b2 ....".....>..'..
74 00 00 00 00                                  t....           
0x6d27920	FILE	83554	DATA	desktop.ini	
ff fe 0d 00 0a 00 5b 00 2e 00 53 00 68 00 65 00 ......[...S.h.e.
6c 00 6c 00 43 00 6c 00 61 00 73 00 73 00 49 00 l.l.C.l.a.s.s.I.
6e 00 66 00 6f 00 5d 00 0d 00 0a 00 4c 00 6f 00 n.f.o.].....L.o.
63 00 61 00 6c 00 69 00 7a 00 65 00 64 00 52 00 c.a.l.i.z.e.d.R.
65 00 73 00 6f 00 75 00 72 00 63 00 65 00 4e 00 e.s.o.u.r.c.e.N.
61 00 6d 00 65 00 3d 00 40 00 25 00 53 00 79 00 a.m.e.=.@.%.S.y.
73 00 74 00 65 00 6d 00 52 00 6f 00 6f 00 74 00 s.t.e.m.R.o.o.t.
25 00 5c 00 73 00 79 00 73 00 74 00 65 00 6d 00 %.\.s.y.s.t.e.m.
33 00 32 00 5c 00 73 00 68 00 65 00 6c 00 6c 00 3.2.\.s.h.e.l.l.
33 00 32 00 2e 00 64 00 6c 00 6c 00 2c 00 2d 00 3.2...d.l.l.,.-.
32 00 31 00 38 00 31 00 34 00 0d 00 0a 00 49 00 2.1.8.1.4.....I.
63 00 6f 00 6e 00 52 00 65 00 73 00 6f 00 75 00 c.o.n.R.e.s.o.u.
72 00 63 00 65 00 3d 00 25 00 53 00 79 00 73 00 r.c.e.=.%.S.y.s.
74 00 65 00 6d 00 52 00 6f 00 6f 00 74 00 25 00 t.e.m.R.o.o.t.%.
5c 00 73 00 79 00 73 00 74 00 65 00 6d 00 33 00 \.s.y.s.t.e.m.3.
32 00 5c 00 69 00 6d 00 61 00 67 00 65 00 72 00 2.\.i.m.a.g.e.r.
65 00 73 00 2e 00 64 00 6c 00 6c 00 2c 00 2d 00 e.s...d.l.l.,.-.
31 00 38 00 36 00 0d 00 0a 00                   1.8.6.....      
0x6d27db8	FILE	83555	DATA	Indexed Locations.search-ms	
3c 3f 78 6d 6c 20 76 65 72 73 69 6f 6e 3d 22 31 <?xml version="1
2e 30 22 3f 3e 0d 0a 3c 70 65 72 73 69 73 74 65 .0"?>..<persiste
64 51 75 65 72 79 20 76 65 72 73 69 6f 6e 3d 22 dQuery version="
31 2e 30 22 3e 0d 0a 20 20 20 20 3c 71 75 65 72 1.0">..    <quer
79 3e 0d 0a 20 20 20 20 20 20 20 20 3c 6b 69 6e y>..        <kin
64 4c 69 73 74 3e 0d 0a 20 20 20 20 20 20 20 20 dList>..        
20 20 20 20 3c 6b 69 6e 64 20 6e 61 6d 65 3d 22     <kind name="
69 74 65 6d 22 2f 3e 0d 0a 20 20 20 20 20 20 20 item"/>..       
20 3c 2f 6b 69 6e 64 4c 69 73 74 3e 0d 0a 20 20  </kindList>..  
20 20 20 20 20 20 3c 73 63 6f 70 65 20 6b 6e 6f       <scope kno
77 6e 53 63 6f 70 65 49 44 3d 22 7b 66 36 30 31 wnScopeID="{f601
36 33 63 65 2d 32 62 38 64 2d 34 35 38 64 2d 61 63ce-2b8d-458d-a
62 32 63 2d 34 30 66 32 31 35 37 36 37 35 31 34 b2c-40f215767514
7d 22 20 2f 3e 0d 0a 20 20 20 20 3c 2f 71 75 65 }" />..    </que
72 79 3e 0d 0a 3c 2f 70 65 72 73 69 73 74 65 64 ry>..</persisted
51 75 65 72 79 3e 0d 0a                         Query>..        
0x6e013f0	FILE	83936	DATA	WRITABLE.TST	-
0x7c2c120	FILE	44388	DATA	desktop.ini	
ff fe 0d 00 0a 00 5b 00 2e 00 53 00 68 00 65 00 ......[...S.h.e.
6c 00 6c 00 43 00 6c 00 61 00 73 00 73 00 49 00 l.l.C.l.a.s.s.I.
6e 00 66 00 6f 00 5d 00 0d 00 0a 00 4c 00 6f 00 n.f.o.].....L.o.
63 00 61 00 6c 00 69 00 7a 00 65 00 64 00 52 00 c.a.l.i.z.e.d.R.
65 00 73 00 6f 00 75 00 72 00 63 00 65 00 4e 00 e.s.o.u.r.c.e.N.
61 00 6d 00 65 00 3d 00 40 00 25 00 53 00 79 00 a.m.e.=.@.%.S.y.
73 00 74 00 65 00 6d 00 52 00 6f 00 6f 00 74 00 s.t.e.m.R.o.o.t.
25 00 5c 00 73 00 79 00 73 00 74 00 65 00 6d 00 %.\.s.y.s.t.e.m.
33 00 32 00 5c 00 73 00 68 00 65 00 6c 00 6c 00 3.2.\.s.h.e.l.l.
33 00 32 00 2e 00 64 00 6c 00 6c 00 2c 00 2d 00 3.2...d.l.l.,.-.
32 00 31 00 38 00 30 00 32 00 0d 00 0a 00 49 00 2.1.8.0.2.....I.
6e 00 66 00 6f 00 54 00 69 00 70 00 3d 00 40 00 n.f.o.T.i.p.=.@.
25 00 53 00 79 00 73 00 74 00 65 00 6d 00 52 00 %.S.y.s.t.e.m.R.
6f 00 6f 00 74 00 25 00 5c 00 73 00 79 00 73 00 o.o.t.%.\.s.y.s.
74 00 65 00 6d 00 33 00 32 00 5c 00 73 00 68 00 t.e.m.3.2.\.s.h.
65 00 6c 00 6c 00 33 00 32 00 2e 00 64 00 6c 00 e.l.l.3.2...d.l.
6c 00 2c 00 2d 00 31 00 32 00 36 00 38 00 38 00 l.,.-.1.2.6.8.8.
0d 00 0a 00 49 00 63 00 6f 00 6e 00 52 00 65 00 ....I.c.o.n.R.e.
73 00 6f 00 75 00 72 00 63 00 65 00 3d 00 25 00 s.o.u.r.c.e.=.%.
53 00 79 00 73 00 74 00 65 00 6d 00 52 00 6f 00 S.y.s.t.e.m.R.o.
6f 00 74 00 25 00 5c 00 73 00 79 00 73 00 74 00 o.t.%.\.s.y.s.t.
65 00 6d 00 33 00 32 00 5c 00 69 00 6d 00 61 00 e.m.3.2.\.i.m.a.
67 00 65 00 72 00 65 00 73 00 2e 00 64 00 6c 00 g.e.r.e.s...d.l.
6c 00 2c 00 2d 00 33 00 0d 00 0a 00             l.,.-.3.....    
0x7c2c520	FILE	44389	DATA	desktop.ini	
5b 2e 53 68 65 6c 6c 43 6c 61 73 73 49 6e 66 6f [.ShellClassInfo
5d 0d 0a 4c 6f 63 61 6c 69 7a 65 64 52 65 73 6f ]..LocalizedReso
75 72 63 65 4e 61 6d 65 3d 40 25 73 79 73 74 65 urceName=@%syste
6d 72 6f 6f 74 25 5c 73 79 73 74 65 6d 33 32 5c mroot%\system32\
4d 43 54 52 65 73 2e 64 6c 6c 2c 2d 33 30 32 32 MCTRes.dll,-3022
35                                              5               
0x7c2c920	FILE	44390	DATA	desktop.ini	
5b 2e 53 68 65 6c 6c 43 6c 61 73 73 49 6e 66 6f [.ShellClassInfo
5d 0d 0a 4c 6f 63 61 6c 69 7a 65 64 52 65 73 6f ]..LocalizedReso
75 72 63 65 4e 61 6d 65 3d 40 25 73 79 73 74 65 urceName=@%syste
6d 72 6f 6f 74 25 5c 73 79 73 74 65 6d 33 32 5c mroot%\system32\
4d 43 54 52 65 73 2e 64 6c 6c 2c 2d 33 30 32 32 MCTRes.dll,-3022
35                                              5               
0x7c2cd20	FILE	44391	DATA	desktop.ini	
5b 2e 53 68 65 6c 6c 43 6c 61 73 73 49 6e 66 6f [.ShellClassInfo
5d 0d 0a 43 6f 6e 66 69 72 6d 46 69 6c 65 4f 70 ]..ConfirmFileOp
3d 30 0d 0a 44 65 66 61 75 6c 74 54 6f 46 53 3d =0..DefaultToFS=
30 0d 0a 43 4c 53 49 44 3d 7b 46 46 33 39 33 35 0..CLSID={FF3935
36 30 2d 43 32 41 37 2d 31 31 43 46 2d 42 46 46 60-C2A7-11CF-BFF
34 2d 34 34 34 35 35 33 35 34 30 30 30 30 7d 0d 4-444553540000}.
0a 55 49 43 4c 53 49 44 3d 7b 37 42 44 32 39 45 .UICLSID={7BD29E
30 30 2d 37 36 43 31 2d 31 31 43 46 2d 39 44 44 00-76C1-11CF-9DD
30 2d 30 30 41 30 43 39 30 33 34 39 33 33 7d 0d 0-00A0C9034933}.
0a                                              .               
0x7ef1128	FILE	84040	DATA	DGVUZK4H.txt	
53 52 43 48 55 49 44 0a 56 3d 32 26 47 55 49 44 SRCHUID.V=2&GUID
3d 41 45 37 45 37 35 32 43 33 45 31 41 34 36 43 =AE7E752C3E1A46C
43 41 41 38 46 33 42 39 35 39 35 34 37 41 39 41 CAA8F3B959547A9A
35 0a 61 70 69 2e 62 69 6e 67 2e 63 6f 6d 2f 0a 5.api.bing.com/.
31 30 32 34 0a 31 31 33 35 30 36 32 30 31 36 0a 1024.1135062016.
33 30 37 31 37 38 30 34 0a 31 33 32 32 38 34 37 30717804.1322847
33 30 32 0a 33 30 35 37 30 39 35 33 0a 2a 0a 4d 302.30570953.*.M
55 49 44 42 0a 30 35 42 33 36 41 36 44 34 37 33 UIDB.05B36A6D473
46 36 41 30 36 31 44 30 42 36 30 37 34 34 36 42 F6A061D0B607446B
38 36 42 30 37 0a 61 70 69 2e 62 69 6e 67 2e 63 86B07.api.bing.c
6f 6d 2f 0a 39 32 31 36 0a 33 30 37 35 30 36 32 om/.9216.3075062
30 31 36 0a 33 30 37 31 37 38 30 34 0a 33 32 36 016.30717804.326
35 32 37 38 39 34 33 0a 33 30 35 37 30 39 35 33 5278943.30570953
0a 2a 0a                                        .*.             
0x7ef19c0	FILE	84042	DATA	57C8EDB95DF3F0AD4EE2DC2B8CFD4157	
70 00 00 00 01 01 02 20 01 00 00 00 ba 00 00 00 p...... ........
98 be 70 95 3d 7c d2 01 28 00 00 00 00 00 00 00 ..p.=|..(.......
00 00 00 00 00 00 00 00 00 00 00 00 00 00 00 00 ................
00 00 00 00 00 00 00 00 00 00 00 00 00 00 00 00 ................
10 00 00 00 00 00 00 00 00 00 00 00 00 00 00 00 ................
20 00 00 00 01 00 00 00 00 cc 7d e5 6d b7 d1 01  .........}.m...
80 51 01 00 26 00 00 00 00 00 00 00 00 00 00 00 .Q..&...........
9d 19 00 00 68 00 74 00 74 00 70 00 3a 00 2f 00 ....h.t.t.p.:./.
2f 00 63 00 74 00 6c 00 64 00 6c 00 2e 00 77 00 /.c.t.l.d.l...w.
69 00 6e 00 64 00 6f 00 77 00 73 00 75 00 70 00 i.n.d.o.w.s.u.p.
64 00 61 00 74 00 65 00 2e 00 63 00 6f 00 6d 00 d.a.t.e...c.o.m.
2f 00 6d 00 73 00 64 00 6f 00 77 00 6e 00 6c 00 /.m.s.d.o.w.n.l.
6f 00 61 00 64 00 2f 00 75 00 70 00 64 00 61 00 o.a.d./.u.p.d.a.
74 00 65 00 2f 00 76 00 33 00 2f 00 73 00 74 00 t.e./.v.3./.s.t.
61 00 74 00 69 00 63 00 2f 00 74 00 72 00 75 00 a.t.i.c./.t.r.u.
73 00 74 00 65 00 64 00 72 00 2f 00 65 00 6e 00 s.t.e.d.r./.e.n.
2f 00 64 00 69 00 73 00 61 00 6c 00 6c 00 6f 00 /.d.i.s.a.l.l.o.
77 00 65 00 64 00 63 00 65 00 72 00 74 00 73 00 w.e.d.c.e.r.t.s.
74 00 6c 00 2e 00 63 00 61 00 62 00 00 00 22 00 t.l...c.a.b...".
30 00 63 00 63 00 37 00 64 00 65 00 35 00 36 00 0.c.c.7.d.e.5.6.
64 00 62 00 37 00 64 00 31 00 31 00 3a 00 30 00 d.b.7.d.1.1.:.0.
22 00 00 00                                     "...            
0x7ef1e00	FILE	84043	DATA	B912B2C6928A18B8CD7D50CF08BEA95B_024A8244821E82EE6552CDA218344756	
70 00 00 00 01 01 02 20 01 00 00 00 1c 01 00 00 p...... ........
ff 64 0f d2 c9 79 d2 01 28 00 00 00 03 00 00 00 .d...y..(.......
32 00 00 00 00 00 00 00 00 cf 77 8c b1 79 d2 01 2.........w..y..
00 cf 1e 36 d6 7c d2 01 00 00 00 00 00 00 00 00 ...6.|..........
10 00 00 00 00 00 00 00 00 cf 1e 36 d6 7c d2 01 ...........6.|..
20 00 00 00 00 00 00 00 00 cf 77 8c b1 79 d2 01  .........w..y..
30 2a 00 00 56 00 00 00 00 00 00 00 00 00 00 00 0*..V...........
1c 07 00 00 68 00 74 00 74 00 70 00 3a 00 2f 00 ....h.t.t.p.:./.
2f 00 6f 00 63 00 73 00 70 00 2e 00 6d 00 73 00 /.o.c.s.p...m.s.
6f 00 63 00 73 00 70 00 2e 00 63 00 6f 00 6d 00 o.c.s.p...c.o.m.
2f 00 4d 00 46 00 51 00 77 00 55 00 6a 00 42 00 /.M.F.Q.w.U.j.B.
51 00 4d 00 45 00 34 00 77 00 54 00 44 00 41 00 Q.M.E.4.w.T.D.A.
4a 00 42 00 67 00 55 00 72 00 44 00 67 00 4d 00 J.B.g.U.r.D.g.M.
43 00 47 00 67 00 55 00 41 00 42 00 42 00 51 00 C.G.g.U.A.B.B.Q.
6d 00 45 00 43 00 4a 00 6d 00 73 00 34 00 66 00 m.E.C.J.m.s.4.f.
37 00 69 00 35 00 45 00 62 00 78 00 74 00 4e 00 7.i.5.E.b.x.t.N.
37 00 4e 00 62 00 7a 00 51 00 43 00 42 00 77 00 7.N.b.z.Q.C.B.w.
41 00 64 00 41 00 51 00 55 00 55 00 61 00 38 00 A.d.A.Q.U.U.a.8.
6b 00 4a 00 70 00 7a 00 30 00 61 00 43 00 4a 00 k.J.p.z.0.a.C.J.
58 00 67 00 43 00 59 00 72 00 4f 00 30 00 5a 00 X.g.C.Y.r.O.0.Z.
69 00 46 00 58 00 73 00 65 00 7a 00 4b 00 55 00 i.F.X.s.e.z.K.U.
43 00 45 00 31 00 6f 00 41 00 41 00 38 00 35 00 C.E.1.o.A.A.8.5.
70 00 44 00 6b 00 44 00 33 00 4a 00 76 00 4f 00 p.D.k.D.3.J.v.O.
36 00 63 00 6d 00 59 00 41 00 41 00 51 00 41 00 6.c.m.Y.A.A.Q.A.
44 00 7a 00 6d 00 6b 00 25 00 33 00 44 00 00 00 D.z.m.k.%.3.D...
22 00 36 00 61 00 35 00 62 00 66 00 64 00 32 00 ".6.a.5.b.f.d.2.
32 00 65 00 64 00 36 00 33 00 63 00 64 00 34 00 2.e.d.6.3.c.d.4.
30 00 36 00 63 00 61 00 38 00 32 00 65 00 36 00 0.6.c.a.8.2.e.6.
30 00 64 00 33 00 32 00 32 00 31 00 33 00 35 00 0.d.3.2.2.1.3.5.
39 00 64 00 65 00 33 00 36 00 32 00 63 00 32 00 9.d.e.3.6.2.c.2.
38 00 22 00 00 00                               8."...          
0x801ba90	FILE	83983	DATA	SystemIndex.4.gthr	-
0x809c6d0	FILE	84019	DATA	SystemIndex.4.Crwl	-
0x8db5120	FILE	44512	DATA	desktop.ini	
ff fe 5b 00 4c 00 6f 00 63 00 61 00 6c 00 69 00 ..[.L.o.c.a.l.i.
7a 00 65 00 64 00 46 00 69 00 6c 00 65 00 4e 00 z.e.d.F.i.l.e.N.
61 00 6d 00 65 00 73 00 5d 00 0d 00 0a 00 4b 00 a.m.e.s.].....K.
61 00 6c 00 69 00 6d 00 62 00 61 00 2e 00 6d 00 a.l.i.m.b.a...m.
70 00 33 00 3d 00 40 00 25 00 73 00 79 00 73 00 p.3.=.@.%.s.y.s.
74 00 65 00 6d 00 72 00 6f 00 6f 00 74 00 25 00 t.e.m.r.o.o.t.%.
5c 00 73 00 79 00 73 00 74 00 65 00 6d 00 33 00 \.s.y.s.t.e.m.3.
32 00 5c 00 53 00 61 00 6d 00 70 00 6c 00 65 00 2.\.S.a.m.p.l.e.
52 00 65 00 73 00 2e 00 64 00 6c 00 6c 00 2c 00 R.e.s...d.l.l.,.
2d 00 31 00 31 00 36 00 0d 00 0a 00 4d 00 61 00 -.1.1.6.....M.a.
69 00 64 00 20 00 77 00 69 00 74 00 68 00 20 00 i.d. .w.i.t.h. .
74 00 68 00 65 00 20 00 46 00 6c 00 61 00 78 00 t.h.e. .F.l.a.x.
65 00 6e 00 20 00 48 00 61 00 69 00 72 00 2e 00 e.n. .H.a.i.r...
6d 00 70 00 33 00 3d 00 40 00 25 00 73 00 79 00 m.p.3.=.@.%.s.y.
73 00 74 00 65 00 6d 00 72 00 6f 00 6f 00 74 00 s.t.e.m.r.o.o.t.
25 00 5c 00 73 00 79 00 73 00 74 00 65 00 6d 00 %.\.s.y.s.t.e.m.
33 00 32 00 5c 00 53 00 61 00 6d 00 70 00 6c 00 3.2.\.S.a.m.p.l.
65 00 52 00 65 00 73 00 2e 00 64 00 6c 00 6c 00 e.R.e.s...d.l.l.
2c 00 2d 00 31 00 31 00 37 00 0d 00 0a 00 53 00 ,.-.1.1.7.....S.
6c 00 65 00 65 00 70 00 20 00 41 00 77 00 61 00 l.e.e.p. .A.w.a.
79 00 2e 00 6d 00 70 00 33 00 3d 00 40 00 25 00 y...m.p.3.=.@.%.
73 00 79 00 73 00 74 00 65 00 6d 00 72 00 6f 00 s.y.s.t.e.m.r.o.
6f 00 74 00 25 00 5c 00 73 00 79 00 73 00 74 00 o.t.%.\.s.y.s.t.
65 00 6d 00 33 00 32 00 5c 00 53 00 61 00 6d 00 e.m.3.2.\.S.a.m.
70 00 6c 00 65 00 52 00 65 00 73 00 2e 00 64 00 p.l.e.R.e.s...d.
6c 00 6c 00 2c 00 2d 00 31 00 31 00 38 00 0d 00 l.l.,.-.1.1.8...
0a 00 5b 00 2e 00 53 00 68 00 65 00 6c 00 6c 00 ..[...S.h.e.l.l.
43 00 6c 00 61 00 73 00 73 00 49 00 6e 00 66 00 C.l.a.s.s.I.n.f.
6f 00 5d 00 0d 00 0a 00 4c 00 6f 00 63 00 61 00 o.].....L.o.c.a.
6c 00 69 00 7a 00 65 00 64 00 52 00 65 00 73 00 l.i.z.e.d.R.e.s.
6f 00 75 00 72 00 63 00 65 00 4e 00 61 00 6d 00 o.u.r.c.e.N.a.m.
65 00 3d 00 40 00 25 00 53 00 79 00 73 00 74 00 e.=.@.%.S.y.s.t.
65 00 6d 00 52 00 6f 00 6f 00 74 00 25 00 5c 00 e.m.R.o.o.t.%.\.
73 00 79 00 73 00 74 00 65 00 6d 00 33 00 32 00 s.y.s.t.e.m.3.2.
5c 00 73 00 68 00 65 00 6c 00 6c 00 33 00 32 00 \.s.h.e.l.l.3.2.
2e 00 64 00 6c 00 6c 00 2c 00 2d 00 32 00 31 00 ..d.l.l.,.-.2.1.
38 00 30 00 36 00 0d 00 0a 00                   8.0.6.....      
0x8db5920	FILE	44514	DATA	desktop.ini	
ff fe 0d 00 0a 00 5b 00 2e 00 53 00 68 00 65 00 ......[...S.h.e.
6c 00 6c 00 43 00 6c 00 61 00 73 00 73 00 49 00 l.l.C.l.a.s.s.I.
6e 00 66 00 6f 00 5d 00 0d 00 0a 00 4c 00 6f 00 n.f.o.].....L.o.
63 00 61 00 6c 00 69 00 7a 00 65 00 64 00 52 00 c.a.l.i.z.e.d.R.
65 00 73 00 6f 00 75 00 72 00 63 00 65 00 4e 00 e.s.o.u.r.c.e.N.
61 00 6d 00 65 00 3d 00 40 00 25 00 53 00 79 00 a.m.e.=.@.%.S.y.
73 00 74 00 65 00 6d 00 52 00 6f 00 6f 00 74 00 s.t.e.m.R.o.o.t.
25 00 5c 00 73 00 79 00 73 00 74 00 65 00 6d 00 %.\.s.y.s.t.e.m.
33 00 32 00 5c 00 73 00 68 00 65 00 6c 00 6c 00 3.2.\.s.h.e.l.l.
33 00 32 00 2e 00 64 00 6c 00 6c 00 2c 00 2d 00 3.2...d.l.l.,.-.
32 00 31 00 38 00 30 00 33 00 0d 00 0a 00 49 00 2.1.8.0.3.....I.
6e 00 66 00 6f 00 54 00 69 00 70 00 3d 00 40 00 n.f.o.T.i.p.=.@.
25 00 53 00 79 00 73 00 74 00 65 00 6d 00 52 00 %.S.y.s.t.e.m.R.
6f 00 6f 00 74 00 25 00 5c 00 73 00 79 00 73 00 o.o.t.%.\.s.y.s.
74 00 65 00 6d 00 33 00 32 00 5c 00 73 00 68 00 t.e.m.3.2.\.s.h.
65 00 6c 00 6c 00 33 00 32 00 2e 00 64 00 6c 00 e.l.l.3.2...d.l.
6c 00 2c 00 2d 00 31 00 32 00 36 00 38 00 39 00 l.,.-.1.2.6.8.9.
0d 00 0a 00 49 00 63 00 6f 00 6e 00 52 00 65 00 ....I.c.o.n.R.e.
73 00 6f 00 75 00 72 00 63 00 65 00 3d 00 25 00 s.o.u.r.c.e.=.%.
53 00 79 00 73 00 74 00 65 00 6d 00 52 00 6f 00 S.y.s.t.e.m.R.o.
6f 00 74 00 25 00 5c 00 73 00 79 00 73 00 74 00 o.t.%.\.s.y.s.t.
65 00 6d 00 33 00 32 00 5c 00 69 00 6d 00 61 00 e.m.3.2.\.i.m.a.
67 00 65 00 72 00 65 00 73 00 2e 00 64 00 6c 00 g.e.r.e.s...d.l.
6c 00 2c 00 2d 00 33 00 0d 00 0a 00             l.,.-.3.....    
0x8db5d20	FILE	44515	DATA	desktop.ini	
5b 4c 6f 63 61 6c 69 7a 65 64 46 69 6c 65 4e 61 [LocalizedFileNa
6d 65 73 5d 0d 0a 52 65 63 6f 72 64 65 64 54 56 mes]..RecordedTV
2e 6c 69 62 72 61 72 79 2d 6d 73 3d 40 40 25 53 .library-ms=@@%S
79 73 74 65 6d 52 6f 6f 74 25 5c 73 79 73 74 65 ystemRoot%\syste
6d 33 32 5c 73 68 65 6c 6c 33 32 2e 64 6c 6c 2c m32\shell32.dll,
2d 33 34 36 31 35 0d 0a                         -34615..        
0x8e40d20	FILE	83423	DATA	desktop.ini	
5b 2e 53 68 65 6c 6c 43 6c 61 73 73 49 6e 66 6f [.ShellClassInfo
5d 0d 0a 43 4c 53 49 44 3d 7b 36 34 35 46 46 30 ]..CLSID={645FF0
34 30 2d 35 30 38 31 2d 31 30 31 42 2d 39 46 30 40-5081-101B-9F0
38 2d 30 30 41 41 30 30 32 46 39 35 34 45 7d 0d 8-00AA002F954E}.
0a 4c 6f 63 61 6c 69 7a 65 64 52 65 73 6f 75 72 .LocalizedResour
63 65 4e 61 6d 65 3d 40 25 53 79 73 74 65 6d 52 ceName=@%SystemR
6f 6f 74 25 5c 73 79 73 74 65 6d 33 32 5c 73 68 oot%\system32\sh
65 6c 6c 33 32 2e 64 6c 6c 2c 2d 38 39 36 34 0d ell32.dll,-8964.
0a                                              .               
0x91031c8	FILE	40048	DATA	fc83c684-a8b7-4b86-81d6-03569df87bc9	
22 9e 44 2a 3b 07 d3 01 00 00 00 00 62 3c f2 03 ".D*;.......b<..
cf 7e d0 01                                     .~..            
0x93321d0	FILE	83628	DATA	7e4dca80246863e3.customDestinations-ms	
02 00 00 00 01 00 00 00 00 00 00 00 01 00 00 00 ................
02 00 00 00 ab fb bf ba                         ........        
0x9332d20	FILE	83631	DATA	desktop.ini	
ff fe 0d 00 0a 00 5b 00 2e 00 53 00 68 00 65 00 ......[...S.h.e.
6c 00 6c 00 43 00 6c 00 61 00 73 00 73 00 49 00 l.l.C.l.a.s.s.I.
6e 00 66 00 6f 00 5d 00 0d 00 0a 00 4c 00 6f 00 n.f.o.].....L.o.
63 00 61 00 6c 00 69 00 7a 00 65 00 64 00 52 00 c.a.l.i.z.e.d.R.
65 00 73 00 6f 00 75 00 72 00 63 00 65 00 4e 00 e.s.o.u.r.c.e.N.
61 00 6d 00 65 00 3d 00 40 00 25 00 53 00 79 00 a.m.e.=.@.%.S.y.
73 00 74 00 65 00 6d 00 52 00 6f 00 6f 00 74 00 s.t.e.m.R.o.o.t.
25 00 5c 00 73 00 79 00 73 00 74 00 65 00 6d 00 %.\.s.y.s.t.e.m.
33 00 32 00 5c 00 73 00 68 00 65 00 6c 00 6c 00 3.2.\.s.h.e.l.l.
33 00 32 00 2e 00 64 00 6c 00 6c 00 2c 00 2d 00 3.2...d.l.l.,.-.
32 00 31 00 38 00 31 00 35 00 0d 00 0a 00       2.1.8.1.5.....  
0x9ae29a0	FILE	25770	DATA	mqtgsvc.exe.cfg	
5b 4f 70 74 69 6f 6e 73 5d 0d 0a 55 6e 61 74 74 [Options]..Unatt
65 6e 64 65 64 20 3d 20 31 0d 0a 52 65 74 61 69 ended = 1..Retai
6e 65 64 20 3d 20 31 0d 0a                      ned = 1..       
0x9c041c0	FILE	18336	DATA	696F3DE637E6DE85B458996D49D759AD	
70 00 00 00 01 01 02 20 01 00 00 00 80 00 00 00 p...... ........
0b 32 e1 66 d0 7e d0 01 28 00 00 00 02 00 00 00 .2.f.~..(.......
00 00 00 00 00 00 00 00 00 f6 d4 b6 aa 65 d0 01 .............e..
00 ce 78 00 cb ac d0 01 00 32 a3 05 65 ac d0 01 ..x......2..e...
10 00 00 00 00 00 00 00 00 ce 78 00 cb ac d0 01 ..........x.....
20 00 00 00 01 00 00 80 80 46 dc b7 ef 65 d0 01  ........F...e..
84 03 00 00 26 00 00 00 00 00 00 00 00 00 00 00 ....&...........
2d 03 00 00 68 00 74 00 74 00 70 00 3a 00 2f 00 -...h.t.t.p.:./.
2f 00 63 00 72 00 6c 00 2e 00 6d 00 69 00 63 00 /.c.r.l...m.i.c.
72 00 6f 00 73 00 6f 00 66 00 74 00 2e 00 63 00 r.o.s.o.f.t...c.
6f 00 6d 00 2f 00 70 00 6b 00 69 00 2f 00 63 00 o.m./.p.k.i./.c.
72 00 6c 00 2f 00 70 00 72 00 6f 00 64 00 75 00 r.l./.p.r.o.d.u.
63 00 74 00 73 00 2f 00 6d 00 69 00 63 00 72 00 c.t.s./.m.i.c.r.
6f 00 73 00 6f 00 66 00 74 00 72 00 6f 00 6f 00 o.s.o.f.t.r.o.o.
74 00 63 00 65 00 72 00 74 00 2e 00 63 00 72 00 t.c.e.r.t...c.r.
6c 00 00 00 22 00 61 00 31 00 31 00 33 00 32 00 l...".a.1.1.3.2.
62 00 38 00 65 00 66 00 36 00 35 00 64 00 30 00 b.8.e.f.6.5.d.0.
31 00 3a 00 30 00 22 00 00 00                   1.:.0."...      
0x9c045c0	FILE	18337	DATA	696F3DE637E6DE85B458996D49D759AD	
70 00 00 00 01 01 02 20 01 00 00 00 80 00 00 00 p...... ........
5c e4 ca 4d cf 7e d0 01 28 00 00 00 02 00 00 00 \..M.~..(.......
00 00 00 00 00 00 00 00 00 f6 d4 b6 aa 65 d0 01 .............e..
00 ce 78 00 cb ac d0 01 00 32 a3 05 65 ac d0 01 ..x......2..e...
10 00 00 00 00 00 00 00 00 ce 78 00 cb ac d0 01 ..........x.....
20 00 00 00 01 00 00 80 80 46 dc b7 ef 65 d0 01  ........F...e..
84 03 00 00 26 00 00 00 00 00 00 00 00 00 00 00 ....&...........
2d 03 00 00 68 00 74 00 74 00 70 00 3a 00 2f 00 -...h.t.t.p.:./.
2f 00 63 00 72 00 6c 00 2e 00 6d 00 69 00 63 00 /.c.r.l...m.i.c.
72 00 6f 00 73 00 6f 00 66 00 74 00 2e 00 63 00 r.o.s.o.f.t...c.
6f 00 6d 00 2f 00 70 00 6b 00 69 00 2f 00 63 00 o.m./.p.k.i./.c.
72 00 6c 00 2f 00 70 00 72 00 6f 00 64 00 75 00 r.l./.p.r.o.d.u.
63 00 74 00 73 00 2f 00 6d 00 69 00 63 00 72 00 c.t.s./.m.i.c.r.
6f 00 73 00 6f 00 66 00 74 00 72 00 6f 00 6f 00 o.s.o.f.t.r.o.o.
74 00 63 00 65 00 72 00 74 00 2e 00 63 00 72 00 t.c.e.r.t...c.r.
6c 00 00 00 22 00 61 00 31 00 31 00 33 00 32 00 l...".a.1.1.3.2.
62 00 38 00 65 00 66 00 36 00 35 00 64 00 30 00 b.8.e.f.6.5.d.0.
31 00 3a 00 30 00 22 00 00 00                   1.:.0."...      
0x9c049c8	FILE	18338	DATA	72db7465-bc54-491b-a92a-4637a28c9bbf	
00 00 00 00 00 00 00 00 00 00 00 00 29 1f de 2c ............)..,
41 04 ca 01                                     A...            
0x9c04dc0	FILE	18339	DATA	7396C420A8E1BC1DA97F1AF0D10BAD21	
70 00 00 00 01 01 02 20 01 00 00 00 8c 00 00 00 p...... ........
a5 39 92 69 d0 7e d0 01 28 00 00 00 02 00 00 00 .9.i.~..(.......
00 00 00 00 00 00 00 00 80 c5 40 6b 07 76 d0 01 ..........@k.v..
80 9d e4 b4 27 bd d0 01 80 01 0f ba c1 bc d0 01 ....'...........
10 00 00 00 00 00 00 00 80 9d e4 b4 27 bd d0 01 ............'...
20 00 00 00 01 00 00 80 80 71 ce 27 70 76 d0 01  ........q.'pv..
84 03 00 00 28 00 00 00 00 00 00 00 00 00 00 00 ....(...........
2a 02 00 00 68 00 74 00 74 00 70 00 3a 00 2f 00 *...h.t.t.p.:./.
2f 00 63 00 72 00 6c 00 2e 00 6d 00 69 00 63 00 /.c.r.l...m.i.c.
72 00 6f 00 73 00 6f 00 66 00 74 00 2e 00 63 00 r.o.s.o.f.t...c.
6f 00 6d 00 2f 00 70 00 6b 00 69 00 2f 00 63 00 o.m./.p.k.i./.c.
72 00 6c 00 2f 00 70 00 72 00 6f 00 64 00 75 00 r.l./.p.r.o.d.u.
63 00 74 00 73 00 2f 00 4d 00 69 00 63 00 43 00 c.t.s./.M.i.c.C.
6f 00 64 00 53 00 69 00 67 00 50 00 43 00 41 00 o.d.S.i.g.P.C.A.
5f 00 30 00 38 00 2d 00 33 00 31 00 2d 00 32 00 _.0.8.-.3.1.-.2.
30 00 31 00 30 00 2e 00 63 00 72 00 6c 00 00 00 0.1.0...c.r.l...
22 00 32 00 37 00 31 00 31 00 66 00 37 00 32 00 ".2.7.1.1.f.7.2.
37 00 37 00 30 00 37 00 36 00 64 00 30 00 31 00 7.7.0.7.6.d.0.1.
3a 00 30 00 22 00 00 00                         :.0."...        
0x9c12590	FILE	26625	DATA	Pconfig.dcf	
e2 00 7c b3 0b 4a 95 ae aa f1 30 6f d7 f8 f0 25 ..|..J....0o...%
d9 12 62 9c ee 19 3e 73 99 d2 22 5c d0 ed 32 7d ..b...>s.."\..2}
ac dc f4 29 c7 00 50 8a 86 b2 f7 2b 84 ce 0b 38 ...)..P....+...8
a5 ba ff 71 e7 0d 4e 7a 42 77 02 32 9f de 24 46 ...q..NzBw.2..$F
3f 53 98 09 7f b5 fe 31 1b 65 9b cb 38 77 bd df ?S.....1.e..8w..
4d 61 a6 21 87 c4 01 3f 2a 73 a9 d9 46 85 cb ed Ma.!...?*s..F...
1f 33 78 f3 4f 90 df 21 f2 38 7d b6 1d 4a 8b c6 .3x.O..!.8}..J..
4b 8b cf f1 49 5d a2 1d 0b 4a 85 b9 2b 4d 89 9d K...I]...J..+M..
01 82 c3 f8 57 90 e6 13 06 46 8a ac 04 18 5d d8 ....W....F....].
5a 89 d9 06 80 9a f5 2b 06 40 90 d0 1e 4a 6e a3 Z......+.@...Jn.
27 61 9c e5 3c 70 ca e8 c7 dc 21 a1 02 38 70 9c 'a..<p....!..8p.
f2 27 a6 e0 34 76 b2 c6 af 2a 7a a9 15 42 a0 ba .'..4v...*z..B..
ce 06 43 84 de 0f 4b 5f 48 c3 03 4a 9b d6 1b 66 ..C...K_H..J...f
cd 01 3c 51 b2 25 6f a7 89 b5 d9 0e ad ef 2c 5d ..<Q.%o.......,]
8e a3 e8 5a be 02 37 62 2b 60 ab e0 95 bf 29 68 ...Z..7b+`....)h
d5 09 2e 99 f1 2c 6c a5 9e c1 b9 ee 91 e7 36 6f .....,l.......6o
f9 24 5d 81 f9 27 88 c2 a8 eb 04 2f 70 a5       .$]..'...../p.  
0x9c129c8	FILE	26626	DATA	e22a8667-f75b-4ba9-ba46-067ed4429de8	
00 00 00 00 00 00 00 00 00 00 00 00 29 a2 21 30 ............).!0
41 04 ca 01                                     A...            
0x9c12dc8	FILE	26627	DATA	dd9f510c-95f4-499a-90c8-bac5bc372ff4	
00 00 00 00 00 00 00 00 00 00 00 00 29 a2 21 30 ............).!0
41 04 ca 01                                     A...            
0x9d991c8	FILE	18372	DATA	a35bb7a6-5f0c-4c9f-8450-2b3bed532d51	
46 33 46 33 41 04 ca 01 00 00 00 00 cd d3 01 2d F3F3A..........-
41 04 ca 01                                     A...            
0x9d995c8	FILE	18373	DATA	a394aeb0-c47c-4624-bf19-78841e1ba720	
00 00 00 00 00 00 00 00 00 00 00 00 5c f1 4b 05 ............\.K.
cf 7e d0 01                                     .~..            
0x9d999c8	FILE	18374	DATA	a6af9377-77ce-47ab-ad7d-ec32cad0c82d	
00 00 00 00 00 00 00 00 00 00 00 00 d6 01 7b 2f ..............{/
41 04 ca 01                                     A...            
0x9d99dc8	FILE	18375	DATA	a48cabbf-24c8-4b87-b00f-9261807c3b43	
00 00 00 00 00 00 00 00 00 00 00 00 d6 01 7b 2f ..............{/
41 04 ca 01                                     A...            
0x9dbfd20	FILE	44519	DATA	desktop.ini	
ff fe 0d 00 0a 00 5b 00 2e 00 53 00 68 00 65 00 ......[...S.h.e.
6c 00 6c 00 43 00 6c 00 61 00 73 00 73 00 49 00 l.l.C.l.a.s.s.I.
6e 00 66 00 6f 00 5d 00 0d 00 0a 00 4c 00 6f 00 n.f.o.].....L.o.
63 00 61 00 6c 00 69 00 7a 00 65 00 64 00 52 00 c.a.l.i.z.e.d.R.
65 00 73 00 6f 00 75 00 72 00 63 00 65 00 4e 00 e.s.o.u.r.c.e.N.
61 00 6d 00 65 00 3d 00 40 00 25 00 53 00 79 00 a.m.e.=.@.%.S.y.
73 00 74 00 65 00 6d 00 52 00 6f 00 6f 00 74 00 s.t.e.m.R.o.o.t.
25 00 5c 00 73 00 79 00 73 00 74 00 65 00 6d 00 %.\.s.y.s.t.e.m.
33 00 32 00 5c 00 73 00 68 00 65 00 6c 00 6c 00 3.2.\.s.h.e.l.l.
33 00 32 00 2e 00 64 00 6c 00 6c 00 2c 00 2d 00 3.2...d.l.l.,.-.
32 00 31 00 38 00 30 00 38 00 0d 00 0a 00       2.1.8.0.8.....  
0x9e8a1c8	FILE	18356	DATA	853a2bd3-1a97-44f2-9536-ebdc2b57e5ac	
02 00 00 00 00 00 00 00 00 00 00 00 38 00 35 00 ............8.5.
33 00 61 00 32 00 62 00 64 00 33 00 2d 00 31 00 3.a.2.b.d.3.-.1.
61 00 39 00 37 00 2d 00 34 00 34 00 66 00 32 00 a.9.7.-.4.4.f.2.
2d 00 39 00 35 00 33 00 36 00 2d 00 65 00 62 00 -.9.5.3.6.-.e.b.
64 00 63 00 32 00 62 00 35 00 37 00 65 00 35 00 d.c.2.b.5.7.e.5.
61 00 63 00 00 00 00 00 00 00 00 00 06 00 00 00 a.c.............
b0 00 00 00 00 00 00 00 90 00 00 00 00 00 00 00 ................
14 00 00 00 00 00 00 00 00 00 00 00 00 00 00 00 ................
02 00 00 00 69 aa e3 1f 07 bd 83 02 fc bc 33 d4 ....i.........3.
f8 87 d0 3b f8 43 00 00 0e 80 00 00 10 66 00 00 ...;.C.......f..
0d 8c 51 2a b7 db a3 97 ae 64 c5 1c 7a 62 cd 43 ..Q*.....d..zb.C
9a e5 36 c3 9e 76 cd d3 8d 2e cb 42 ad 4f fe c5 ..6..v.....B.O..
56 34 06 f2 67 50 be 27 68 ea 58 f3 c9 46 be d3 V4..gP.'h.X..F..
d8 f8 37 96 41 ed 8d a2 f0 43 5c 25 9b 10 62 9a ..7.A....C\%..b.
07 bb a8 f9 78 d2 e1 33 68 fc 4f cb 5d bf 09 75 ....x..3h.O.]..u
52 11 98 0d 78 21 85 aa ca 2e 83 d0 99 d1 3e d1 R...x!........>.
ea 11 a5 4e b9 5e a9 a2 e6 88 36 b1 8e 7e e3 ed ...N.^....6..~..
1c df 91 33 f5 3f d7 38 85 a0 e7 5f d4 2d 29 7d ...3.?.8..._.-)}
ff 6d ec 6c 80 f7 18 99 37 ea 6a 21 de c2 5d 90 .m.l....7.j!..].
02 00 00 00 db 68 94 74 f4 c2 41 81 6a 05 53 ba .....h.t..A.j.S.
95 bd 1c e7 f8 43 00 00 0e 80 00 00 10 66 00 00 .....C.......f..
6f 25 71 fb 0a 42 85 37 0c d9 e9 cf 1c 08 a9 e4 o%q..B.7........
d6 c7 1c 28 cb b8 e8 02 da 97 02 28 b8 60 9a 62 ...(.......(.`.b
70 04 2f 0b 65 89 06 5d c2 29 5c 58 2f cd b5 10 p./.e..].)\X/...
bb e0 eb 53 6c 9b 11 9a 85 06 0f e3 77 f2 54 5d ...Sl.......w.T]
83 0d 8e b7 c4 8d 4b 99 c6 80 59 c0 72 d9 1a 01 ......K...Y.r...
d5 b2 fd e3 eb 03 bf 67 5d fd 2d fa 02 a9 55 4d .......g].-...UM
49 5d 99 9d 82 ba ea b5 d2 e3 0c 17 ca 6c 91 3f I]...........l.?
03 00 00 00 00 00 00 00 00 00 00 00 00 00 00 00 ................
00 00 00 00                                     ....            
0x9e8a5c8	FILE	18357	DATA	8d91d439-0f7e-4c89-afbc-ffc2bfc76c64	
68 ee 44 02 c9 79 d2 01 8f 04 07 80 f4 3a 11 04 h.D..y.......:..
cf 7e d0 01                                     .~..            
0x9e8a9c8	FILE	18358	DATA	93559457-1ff5-4215-9a77-d1fc4f36259d	
00 00 00 00 00 00 00 00 00 00 00 00 9a 05 40 05 ..............@.
cf 7e d0 01                                     .~..            
0x9e9a1c0	FILE	18360	DATA	94308059B57B3142E455B38A6EB92015	
70 00 00 00 01 01 02 20 01 00 00 00 bc 00 00 00 p...... ........
27 b3 4a 52 3f 04 ca 01 28 00 00 00 05 00 00 00 '.JR?...(.......
00 00 00 00 00 00 00 00 f5 f6 c6 28 bf fe c9 01 ...........(....
f5 36 ab 51 3f 04 ca 01 f5 56 76 bc da 03 ca 01 .6.Q?....Vv.....
10 00 00 00 ff ff ff ff f5 36 ab 51 3f 04 ca 01 .........6.Q?...
20 00 00 00 00 00 00 00 00 00 00 00 00 00 00 00  ...............
00 00 00 00 00 00 00 00 00 00 00 00 00 00 00 00 ................
00 00 00 00 68 00 74 00 74 00 70 00 3a 00 2f 00 ....h.t.t.p.:./.
2f 00 77 00 77 00 77 00 2e 00 64 00 6f 00 77 00 /.w.w.w...d.o.w.
6e 00 6c 00 6f 00 61 00 64 00 2e 00 77 00 69 00 n.l.o.a.d...w.i.
6e 00 64 00 6f 00 77 00 73 00 75 00 70 00 64 00 n.d.o.w.s.u.p.d.
61 00 74 00 65 00 2e 00 63 00 6f 00 6d 00 2f 00 a.t.e...c.o.m./.
6d 00 73 00 64 00 6f 00 77 00 6e 00 6c 00 6f 00 m.s.d.o.w.n.l.o.
61 00 64 00 2f 00 75 00 70 00 64 00 61 00 74 00 a.d./.u.p.d.a.t.
65 00 2f 00 76 00 33 00 2f 00 73 00 74 00 61 00 e./.v.3./.s.t.a.
74 00 69 00 63 00 2f 00 74 00 72 00 75 00 73 00 t.i.c./.t.r.u.s.
74 00 65 00 64 00 72 00 2f 00 65 00 6e 00 2f 00 t.e.d.r./.e.n./.
61 00 75 00 74 00 68 00 72 00 6f 00 6f 00 74 00 a.u.t.h.r.o.o.t.
73 00 74 00 6c 00 2e 00 63 00 61 00 62 00 00 00 s.t.l...c.a.b...
0x9e9a9c0	FILE	18362	DATA	94308059B57B3142E455B38A6EB92015	
70 00 00 00 01 01 02 20 01 00 00 00 bc 00 00 00 p...... ........
23 de f6 fd 2b 89 cb 01 28 00 00 00 05 00 00 00 #...+...(.......
00 00 00 00 00 00 00 00 23 de f6 fd 2b 89 cb 01 ........#...+...
23 1e db 26 ac 8e cb 01 23 3e a6 91 47 8e cb 01 #..&....#>..G...
10 00 00 00 ff ff ff ff 23 1e db 26 ac 8e cb 01 ........#..&....
20 00 00 00 01 00 00 80 00 e7 46 c9 9b 5e cb 01  .........F..^..
00 00 00 00 26 00 00 00 92 01 12 4c 00 00 00 00 ....&......L....
41 76 00 00 68 00 74 00 74 00 70 00 3a 00 2f 00 Av..h.t.t.p.:./.
2f 00 77 00 77 00 77 00 2e 00 64 00 6f 00 77 00 /.w.w.w...d.o.w.
6e 00 6c 00 6f 00 61 00 64 00 2e 00 77 00 69 00 n.l.o.a.d...w.i.
6e 00 64 00 6f 00 77 00 73 00 75 00 70 00 64 00 n.d.o.w.s.u.p.d.
61 00 74 00 65 00 2e 00 63 00 6f 00 6d 00 2f 00 a.t.e...c.o.m./.
6d 00 73 00 64 00 6f 00 77 00 6e 00 6c 00 6f 00 m.s.d.o.w.n.l.o.
61 00 64 00 2f 00 75 00 70 00 64 00 61 00 74 00 a.d./.u.p.d.a.t.
65 00 2f 00 76 00 33 00 2f 00 73 00 74 00 61 00 e./.v.3./.s.t.a.
74 00 69 00 63 00 2f 00 74 00 72 00 75 00 73 00 t.i.c./.t.r.u.s.
74 00 65 00 64 00 72 00 2f 00 65 00 6e 00 2f 00 t.e.d.r./.e.n./.
61 00 75 00 74 00 68 00 72 00 6f 00 6f 00 74 00 a.u.t.h.r.o.o.t.
73 00 74 00 6c 00 2e 00 63 00 61 00 62 00 00 00 s.t.l...c.a.b...
22 00 30 00 65 00 37 00 34 00 36 00 63 00 39 00 ".0.e.7.4.6.c.9.
39 00 62 00 35 00 65 00 63 00 62 00 31 00 3a 00 9.b.5.e.c.b.1.:.
30 00 22 00 00 00                               0."...          
0x9e9adc8	FILE	18363	DATA	9435f817-fed2-454e-88cd-7f78fda62c48	
5a d6 c9 3e 3b 07 d3 01 00 00 00 00 7c 40 9b 2e Z..>;.......|@..
41 04 ca 01                                     A...            
0xa353120	FILE	83536	DATA	desktop.ini	
ff fe 0d 00 0a 00 5b 00 2e 00 53 00 68 00 65 00 ......[...S.h.e.
6c 00 6c 00 43 00 6c 00 61 00 73 00 73 00 49 00 l.l.C.l.a.s.s.I.
6e 00 66 00 6f 00 5d 00 0d 00 0a 00 4c 00 6f 00 n.f.o.].....L.o.
63 00 61 00 6c 00 69 00 7a 00 65 00 64 00 52 00 c.a.l.i.z.e.d.R.
65 00 73 00 6f 00 75 00 72 00 63 00 65 00 4e 00 e.s.o.u.r.c.e.N.
61 00 6d 00 65 00 3d 00 40 00 25 00 53 00 79 00 a.m.e.=.@.%.S.y.
73 00 74 00 65 00 6d 00 52 00 6f 00 6f 00 74 00 s.t.e.m.R.o.o.t.
25 00 5c 00 73 00 79 00 73 00 74 00 65 00 6d 00 %.\.s.y.s.t.e.m.
33 00 32 00 5c 00 73 00 68 00 65 00 6c 00 6c 00 3.2.\.s.h.e.l.l.
33 00 32 00 2e 00 64 00 6c 00 6c 00 2c 00 2d 00 3.2...d.l.l.,.-.
32 00 31 00 37 00 39 00 30 00 0d 00 0a 00 49 00 2.1.7.9.0.....I.
6e 00 66 00 6f 00 54 00 69 00 70 00 3d 00 40 00 n.f.o.T.i.p.=.@.
25 00 53 00 79 00 73 00 74 00 65 00 6d 00 52 00 %.S.y.s.t.e.m.R.
6f 00 6f 00 74 00 25 00 5c 00 73 00 79 00 73 00 o.o.t.%.\.s.y.s.
74 00 65 00 6d 00 33 00 32 00 5c 00 73 00 68 00 t.e.m.3.2.\.s.h.
65 00 6c 00 6c 00 33 00 32 00 2e 00 64 00 6c 00 e.l.l.3.2...d.l.
6c 00 2c 00 2d 00 31 00 32 00 36 00 38 00 39 00 l.,.-.1.2.6.8.9.
0d 00 0a 00 49 00 63 00 6f 00 6e 00 52 00 65 00 ....I.c.o.n.R.e.
73 00 6f 00 75 00 72 00 63 00 65 00 3d 00 25 00 s.o.u.r.c.e.=.%.
53 00 79 00 73 00 74 00 65 00 6d 00 52 00 6f 00 S.y.s.t.e.m.R.o.
6f 00 74 00 25 00 5c 00 73 00 79 00 73 00 74 00 o.t.%.\.s.y.s.t.
65 00 6d 00 33 00 32 00 5c 00 69 00 6d 00 61 00 e.m.3.2.\.i.m.a.
67 00 65 00 72 00 65 00 73 00 2e 00 64 00 6c 00 g.e.r.e.s...d.l.
6c 00 2c 00 2d 00 31 00 30 00 38 00 0d 00 0a 00 l.,.-.1.0.8.....
49 00 63 00 6f 00 6e 00 46 00 69 00 6c 00 65 00 I.c.o.n.F.i.l.e.
3d 00 25 00 53 00 79 00 73 00 74 00 65 00 6d 00 =.%.S.y.s.t.e.m.
52 00 6f 00 6f 00 74 00 25 00 5c 00 73 00 79 00 R.o.o.t.%.\.s.y.
73 00 74 00 65 00 6d 00 33 00 32 00 5c 00 73 00 s.t.e.m.3.2.\.s.
68 00 65 00 6c 00 6c 00 33 00 32 00 2e 00 64 00 h.e.l.l.3.2...d.
6c 00 6c 00 0d 00 0a 00 49 00 63 00 6f 00 6e 00 l.l.....I.c.o.n.
49 00 6e 00 64 00 65 00 78 00 3d 00 2d 00 32 00 I.n.d.e.x.=.-.2.
33 00 37 00 0d 00 0a 00                         3.7.....        
0xa353520	FILE	83537	DATA	desktop.ini	
ff fe 0d 00 0a 00 5b 00 2e 00 53 00 68 00 65 00 ......[...S.h.e.
6c 00 6c 00 43 00 6c 00 61 00 73 00 73 00 49 00 l.l.C.l.a.s.s.I.
6e 00 66 00 6f 00 5d 00 0d 00 0a 00 4c 00 6f 00 n.f.o.].....L.o.
63 00 61 00 6c 00 69 00 7a 00 65 00 64 00 52 00 c.a.l.i.z.e.d.R.
65 00 73 00 6f 00 75 00 72 00 63 00 65 00 4e 00 e.s.o.u.r.c.e.N.
61 00 6d 00 65 00 3d 00 40 00 25 00 53 00 79 00 a.m.e.=.@.%.S.y.
73 00 74 00 65 00 6d 00 52 00 6f 00 6f 00 74 00 s.t.e.m.R.o.o.t.
25 00 5c 00 73 00 79 00 73 00 74 00 65 00 6d 00 %.\.s.y.s.t.e.m.
33 00 32 00 5c 00 73 00 68 00 65 00 6c 00 6c 00 3.2.\.s.h.e.l.l.
33 00 32 00 2e 00 64 00 6c 00 6c 00 2c 00 2d 00 3.2...d.l.l.,.-.
32 00 31 00 37 00 38 00 32 00 0d 00 0a 00 5b 00 2.1.7.8.2.....[.
4c 00 6f 00 63 00 61 00 6c 00 69 00 7a 00 65 00 L.o.c.a.l.i.z.e.
64 00 46 00 69 00 6c 00 65 00 4e 00 61 00 6d 00 d.F.i.l.e.N.a.m.
65 00 73 00 5d 00 0d 00 0a 00 49 00 6e 00 74 00 e.s.].....I.n.t.
65 00 72 00 6e 00 65 00 74 00 20 00 45 00 78 00 e.r.n.e.t. .E.x.
70 00 6c 00 6f 00 72 00 65 00 72 00 2e 00 6c 00 p.l.o.r.e.r...l.
6e 00 6b 00 3d 00 40 00 25 00 77 00 69 00 6e 00 n.k.=.@.%.w.i.n.
64 00 69 00 72 00 25 00 5c 00 53 00 79 00 73 00 d.i.r.%.\.S.y.s.
74 00 65 00 6d 00 33 00 32 00 5c 00 69 00 65 00 t.e.m.3.2.\.i.e.
34 00 75 00 69 00 6e 00 69 00 74 00 2e 00 65 00 4.u.i.n.i.t...e.
78 00 65 00 2c 00 2d 00 37 00 33 00 31 00 0d 00 x.e.,.-.7.3.1...
0a 00                                           ..              
0xa353920	FILE	83538	DATA	desktop.ini	
ff fe 0d 00 0a 00 5b 00 2e 00 53 00 68 00 65 00 ......[...S.h.e.
6c 00 6c 00 43 00 6c 00 61 00 73 00 73 00 49 00 l.l.C.l.a.s.s.I.
6e 00 66 00 6f 00 5d 00 0d 00 0a 00 4c 00 6f 00 n.f.o.].....L.o.
63 00 61 00 6c 00 69 00 7a 00 65 00 64 00 52 00 c.a.l.i.z.e.d.R.
65 00 73 00 6f 00 75 00 72 00 63 00 65 00 4e 00 e.s.o.u.r.c.e.N.
61 00 6d 00 65 00 3d 00 40 00 25 00 53 00 79 00 a.m.e.=.@.%.S.y.
73 00 74 00 65 00 6d 00 52 00 6f 00 6f 00 74 00 s.t.e.m.R.o.o.t.
25 00 5c 00 73 00 79 00 73 00 74 00 65 00 6d 00 %.\.s.y.s.t.e.m.
33 00 32 00 5c 00 73 00 68 00 65 00 6c 00 6c 00 3.2.\.s.h.e.l.l.
33 00 32 00 2e 00 64 00 6c 00 6c 00 2c 00 2d 00 3.2...d.l.l.,.-.
32 00 31 00 37 00 37 00 30 00 0d 00 0a 00 49 00 2.1.7.7.0.....I.
63 00 6f 00 6e 00 52 00 65 00 73 00 6f 00 75 00 c.o.n.R.e.s.o.u.
72 00 63 00 65 00 3d 00 25 00 53 00 79 00 73 00 r.c.e.=.%.S.y.s.
74 00 65 00 6d 00 52 00 6f 00 6f 00 74 00 25 00 t.e.m.R.o.o.t.%.
5c 00 73 00 79 00 73 00 74 00 65 00 6d 00 33 00 \.s.y.s.t.e.m.3.
32 00 5c 00 69 00 6d 00 61 00 67 00 65 00 72 00 2.\.i.m.a.g.e.r.
65 00 73 00 2e 00 64 00 6c 00 6c 00 2c 00 2d 00 e.s...d.l.l.,.-.
31 00 31 00 32 00 0d 00 0a 00 49 00 63 00 6f 00 1.1.2.....I.c.o.
6e 00 46 00 69 00 6c 00 65 00 3d 00 25 00 53 00 n.F.i.l.e.=.%.S.
79 00 73 00 74 00 65 00 6d 00 52 00 6f 00 6f 00 y.s.t.e.m.R.o.o.
74 00 25 00 5c 00 73 00 79 00 73 00 74 00 65 00 t.%.\.s.y.s.t.e.
6d 00 33 00 32 00 5c 00 73 00 68 00 65 00 6c 00 m.3.2.\.s.h.e.l.
6c 00 33 00 32 00 2e 00 64 00 6c 00 6c 00 0d 00 l.3.2...d.l.l...
0a 00 49 00 63 00 6f 00 6e 00 49 00 6e 00 64 00 ..I.c.o.n.I.n.d.
65 00 78 00 3d 00 2d 00 32 00 33 00 35 00 0d 00 e.x.=.-.2.3.5...
0a 00                                           ..              
0xa353d20	FILE	83539	DATA	desktop.ini	
ff fe 0d 00 0a 00 5b 00 2e 00 53 00 68 00 65 00 ......[...S.h.e.
6c 00 6c 00 43 00 6c 00 61 00 73 00 73 00 49 00 l.l.C.l.a.s.s.I.
6e 00 66 00 6f 00 5d 00 0d 00 0a 00 4c 00 6f 00 n.f.o.].....L.o.
63 00 61 00 6c 00 69 00 7a 00 65 00 64 00 52 00 c.a.l.i.z.e.d.R.
65 00 73 00 6f 00 75 00 72 00 63 00 65 00 4e 00 e.s.o.u.r.c.e.N.
61 00 6d 00 65 00 3d 00 40 00 25 00 53 00 79 00 a.m.e.=.@.%.S.y.
73 00 74 00 65 00 6d 00 52 00 6f 00 6f 00 74 00 s.t.e.m.R.o.o.t.
25 00 5c 00 73 00 79 00 73 00 74 00 65 00 6d 00 %.\.s.y.s.t.e.m.
33 00 32 00 5c 00 73 00 68 00 65 00 6c 00 6c 00 3.2.\.s.h.e.l.l.
33 00 32 00 2e 00 64 00 6c 00 6c 00 2c 00 2d 00 3.2...d.l.l.,.-.
32 00 31 00 37 00 39 00 37 00 0d 00 0a 00 49 00 2.1.7.9.7.....I.
6e 00 66 00 6f 00 54 00 69 00 70 00 3d 00 40 00 n.f.o.T.i.p.=.@.
73 00 68 00 65 00 6c 00 6c 00 33 00 32 00 2c 00 s.h.e.l.l.3.2.,.
64 00 6c 00 6c 00 2c 00 2d 00 31 00 32 00 36 00 d.l.l.,.-.1.2.6.
39 00 32 00 0d 00 0a 00 49 00 63 00 6f 00 6e 00 9.2.....I.c.o.n.
52 00 65 00 73 00 6f 00 75 00 72 00 63 00 65 00 R.e.s.o.u.r.c.e.
3d 00 25 00 53 00 79 00 73 00 74 00 65 00 6d 00 =.%.S.y.s.t.e.m.
52 00 6f 00 6f 00 74 00 25 00 5c 00 73 00 79 00 R.o.o.t.%.\.s.y.
73 00 74 00 65 00 6d 00 33 00 32 00 5c 00 69 00 s.t.e.m.3.2.\.i.
6d 00 61 00 67 00 65 00 72 00 65 00 73 00 2e 00 m.a.g.e.r.e.s...
64 00 6c 00 6c 00 2c 00 2d 00 31 00 31 00 37 00 d.l.l.,.-.1.1.7.
0d 00 0a 00 43 00 4c 00 53 00 49 00 44 00 3d 00 ....C.L.S.I.D.=.
7b 00 30 00 43 00 33 00 39 00 41 00 35 00 43 00 {.0.C.3.9.A.5.C.
46 00 2d 00 31 00 41 00 37 00 41 00 2d 00 34 00 F.-.1.A.7.A.-.4.
30 00 43 00 38 00 2d 00 42 00 41 00 37 00 34 00 0.C.8.-.B.A.7.4.
2d 00 38 00 39 00 30 00 30 00 45 00 36 00 44 00 -.8.9.0.0.E.6.D.
46 00 35 00 46 00 43 00 44 00 7d 00 0d 00 0a 00 F.5.F.C.D.}.....
0xa3d5120	FILE	44480	DATA	desktop.ini	
5b 4c 6f 63 61 6c 69 7a 65 64 46 69 6c 65 4e 61 [LocalizedFileNa
6d 65 73 5d 0d 0a 52 69 6e 67 74 6f 6e 65 20 30 mes]..Ringtone 0
31 2e 77 6d 61 3d 40 25 73 79 73 74 65 6d 72 6f 1.wma=@%systemro
6f 74 25 5c 73 79 73 74 65 6d 33 32 5c 53 61 6d ot%\system32\Sam
70 6c 65 52 65 73 2e 64 6c 6c 2c 2d 31 35 30 0d pleRes.dll,-150.
0a 52 69 6e 67 74 6f 6e 65 20 30 32 2e 77 6d 61 .Ringtone 02.wma
3d 40 25 73 79 73 74 65 6d 72 6f 6f 74 25 5c 73 =@%systemroot%\s
79 73 74 65 6d 33 32 5c 53 61 6d 70 6c 65 52 65 ystem32\SampleRe
73 2e 64 6c 6c 2c 2d 31 35 31 0d 0a 52 69 6e 67 s.dll,-151..Ring
74 6f 6e 65 20 30 33 2e 77 6d 61 3d 40 25 73 79 tone 03.wma=@%sy
73 74 65 6d 72 6f 6f 74 25 5c 73 79 73 74 65 6d stemroot%\system
33 32 5c 53 61 6d 70 6c 65 52 65 73 2e 64 6c 6c 32\SampleRes.dll
2c 2d 31 35 32 0d 0a 52 69 6e 67 74 6f 6e 65 20 ,-152..Ringtone 
30 34 2e 77 6d 61 3d 40 25 73 79 73 74 65 6d 72 04.wma=@%systemr
6f 6f 74 25 5c 73 79 73 74 65 6d 33 32 5c 53 61 oot%\system32\Sa
6d 70 6c 65 52 65 73 2e 64 6c 6c 2c 2d 31 35 33 mpleRes.dll,-153
0d 0a 52 69 6e 67 74 6f 6e 65 20 30 35 2e 77 6d ..Ringtone 05.wm
61 3d 40 25 73 79 73 74 65 6d 72 6f 6f 74 25 5c a=@%systemroot%\
73 79 73 74 65 6d 33 32 5c 53 61 6d 70 6c 65 52 system32\SampleR
65 73 2e 64 6c 6c 2c 2d 31 35 34 0d 0a 52 69 6e es.dll,-154..Rin
67 74 6f 6e 65 20 30 36 2e 77 6d 61 3d 40 25 73 gtone 06.wma=@%s
79 73 74 65 6d 72 6f 6f 74 25 5c 73 79 73 74 65 ystemroot%\syste
6d 33 32 5c 53 61 6d 70 6c 65 52 65 73 2e 64 6c m32\SampleRes.dl
6c 2c 2d 31 35 35 0d 0a 52 69 6e 67 74 6f 6e 65 l,-155..Ringtone
20 30 37 2e 77 6d 61 3d 40 25 73 79 73 74 65 6d  07.wma=@%system
72 6f 6f 74 25 5c 73 79 73 74 65 6d 33 32 5c 53 root%\system32\S
61 6d 70 6c 65 52 65 73 2e 64 6c 6c 2c 2d 31 35 ampleRes.dll,-15
36 0d 0a 52 69 6e 67 74 6f 6e 65 20 30 38 2e 77 6..Ringtone 08.w
6d 61 3d 40 25 73 79 73 74 65 6d 72 6f 6f 74 25 ma=@%systemroot%
5c 73 79 73 74 65 6d 33 32 5c 53 61 6d 70 6c 65 \system32\Sample
52 65 73 2e 64 6c 6c 2c 2d 31 35 37 0d 0a 52 69 Res.dll,-157..Ri
6e 67 74 6f 6e 65 20 30 39 2e 77 6d 61 3d 40 25 ngtone 09.wma=@%
73 79 73 74 65 6d 72 6f 6f 74 25 5c 73 79 73 74 systemroot%\syst
65 6d 33 32 5c 53 61 6d 70 6c 65 52 65 73 2e 64 em32\SampleRes.d
6c 6c 2c 2d 31 35 38 0d 0a 52 69 6e 67 74 6f 6e ll,-158..Rington
65 20 31 30 2e 77 6d 61 3d 40 25 73 79 73 74 65 e 10.wma=@%syste
6d 72 6f 6f 74 25 5c 73 79 73 74 65 6d 33 32 5c mroot%\system32\
53 61 6d 70 6c 65 52 65 73 2e 64 6c 6c 2c 2d 31 SampleRes.dll,-1
35 39 0d 0a                                     59..            
0xa3d5520	FILE	44481	DATA	desktop.ini	
5b 4c 6f 63 61 6c 69 7a 65 64 46 69 6c 65 4e 61 [LocalizedFileNa
6d 65 73 5d 0d 0a 52 69 6e 67 74 6f 6e 65 20 30 mes]..Ringtone 0
31 2e 77 6d 61 3d 40 25 73 79 73 74 65 6d 72 6f 1.wma=@%systemro
6f 74 25 5c 73 79 73 74 65 6d 33 32 5c 53 61 6d ot%\system32\Sam
70 6c 65 52 65 73 2e 64 6c 6c 2c 2d 31 35 30 0d pleRes.dll,-150.
0a 52 69 6e 67 74 6f 6e 65 20 30 32 2e 77 6d 61 .Ringtone 02.wma
3d 40 25 73 79 73 74 65 6d 72 6f 6f 74 25 5c 73 =@%systemroot%\s
79 73 74 65 6d 33 32 5c 53 61 6d 70 6c 65 52 65 ystem32\SampleRe
73 2e 64 6c 6c 2c 2d 31 35 31 0d 0a 52 69 6e 67 s.dll,-151..Ring
74 6f 6e 65 20 30 33 2e 77 6d 61 3d 40 25 73 79 tone 03.wma=@%sy
73 74 65 6d 72 6f 6f 74 25 5c 73 79 73 74 65 6d stemroot%\system
33 32 5c 53 61 6d 70 6c 65 52 65 73 2e 64 6c 6c 32\SampleRes.dll
2c 2d 31 35 32 0d 0a 52 69 6e 67 74 6f 6e 65 20 ,-152..Ringtone 
30 34 2e 77 6d 61 3d 40 25 73 79 73 74 65 6d 72 04.wma=@%systemr
6f 6f 74 25 5c 73 79 73 74 65 6d 33 32 5c 53 61 oot%\system32\Sa
6d 70 6c 65 52 65 73 2e 64 6c 6c 2c 2d 31 35 33 mpleRes.dll,-153
0d 0a 52 69 6e 67 74 6f 6e 65 20 30 35 2e 77 6d ..Ringtone 05.wm
61 3d 40 25 73 79 73 74 65 6d 72 6f 6f 74 25 5c a=@%systemroot%\
73 79 73 74 65 6d 33 32 5c 53 61 6d 70 6c 65 52 system32\SampleR
65 73 2e 64 6c 6c 2c 2d 31 35 34 0d 0a 52 69 6e es.dll,-154..Rin
67 74 6f 6e 65 20 30 36 2e 77 6d 61 3d 40 25 73 gtone 06.wma=@%s
79 73 74 65 6d 72 6f 6f 74 25 5c 73 79 73 74 65 ystemroot%\syste
6d 33 32 5c 53 61 6d 70 6c 65 52 65 73 2e 64 6c m32\SampleRes.dl
6c 2c 2d 31 35 35 0d 0a 52 69 6e 67 74 6f 6e 65 l,-155..Ringtone
20 30 37 2e 77 6d 61 3d 40 25 73 79 73 74 65 6d  07.wma=@%system
72 6f 6f 74 25 5c 73 79 73 74 65 6d 33 32 5c 53 root%\system32\S
61 6d 70 6c 65 52 65 73 2e 64 6c 6c 2c 2d 31 35 ampleRes.dll,-15
36 0d 0a 52 69 6e 67 74 6f 6e 65 20 30 38 2e 77 6..Ringtone 08.w
6d 61 3d 40 25 73 79 73 74 65 6d 72 6f 6f 74 25 ma=@%systemroot%
5c 73 79 73 74 65 6d 33 32 5c 53 61 6d 70 6c 65 \system32\Sample
52 65 73 2e 64 6c 6c 2c 2d 31 35 37 0d 0a 52 69 Res.dll,-157..Ri
6e 67 74 6f 6e 65 20 30 39 2e 77 6d 61 3d 40 25 ngtone 09.wma=@%
73 79 73 74 65 6d 72 6f 6f 74 25 5c 73 79 73 74 systemroot%\syst
65 6d 33 32 5c 53 61 6d 70 6c 65 52 65 73 2e 64 em32\SampleRes.d
6c 6c 2c 2d 31 35 38 0d 0a 52 69 6e 67 74 6f 6e ll,-158..Rington
65 20 31 30 2e 77 6d 61 3d 40 25 73 79 73 74 65 e 10.wma=@%syste
6d 72 6f 6f 74 25 5c 73 79 73 74 65 6d 33 32 5c mroot%\system32\
53 61 6d 70 6c 65 52 65 73 2e 64 6c 6c 2c 2d 31 SampleRes.dll,-1
35 39 0d 0a                                     59..            
0xa3d5920	FILE	44482	DATA	desktop.ini	
ff fe 5b 00 4c 00 6f 00 63 00 61 00 6c 00 69 00 ..[.L.o.c.a.l.i.
7a 00 65 00 64 00 46 00 69 00 6c 00 65 00 4e 00 z.e.d.F.i.l.e.N.
61 00 6d 00 65 00 73 00 5d 00 0d 00 0a 00 57 00 a.m.e.s.].....W.
69 00 6e 00 64 00 6f 00 77 00 73 00 20 00 55 00 i.n.d.o.w.s. .U.
70 00 64 00 61 00 74 00 65 00 2e 00 6c 00 6e 00 p.d.a.t.e...l.n.
6b 00 3d 00 40 00 25 00 53 00 79 00 73 00 74 00 k.=.@.%.S.y.s.t.
65 00 6d 00 52 00 6f 00 6f 00 74 00 25 00 5c 00 e.m.R.o.o.t.%.\.
73 00 79 00 73 00 74 00 65 00 6d 00 33 00 32 00 s.y.s.t.e.m.3.2.
5c 00 77 00 75 00 63 00 6c 00 74 00 75 00 78 00 \.w.u.c.l.t.u.x.
2e 00 64 00 6c 00 6c 00 2c 00 2d 00 31 00 0d 00 ..d.l.l.,.-.1...
0a 00 44 00 65 00 66 00 61 00 75 00 6c 00 74 00 ..D.e.f.a.u.l.t.
20 00 50 00 72 00 6f 00 67 00 72 00 61 00 6d 00  .P.r.o.g.r.a.m.
73 00 2e 00 6c 00 6e 00 6b 00 3d 00 40 00 25 00 s...l.n.k.=.@.%.
53 00 79 00 73 00 74 00 65 00 6d 00 52 00 6f 00 S.y.s.t.e.m.R.o.
6f 00 74 00 25 00 5c 00 73 00 79 00 73 00 74 00 o.t.%.\.s.y.s.t.
65 00 6d 00 33 00 32 00 5c 00 73 00 75 00 64 00 e.m.3.2.\.s.u.d.
2e 00 64 00 6c 00 6c 00 2c 00 2d 00 31 00 0d 00 ..d.l.l.,.-.1...
0a 00 5b 00 2e 00 53 00 68 00 65 00 6c 00 6c 00 ..[...S.h.e.l.l.
43 00 6c 00 61 00 73 00 73 00 49 00 6e 00 66 00 C.l.a.s.s.I.n.f.
6f 00 5d 00 0d 00 0a 00 4c 00 6f 00 63 00 61 00 o.].....L.o.c.a.
6c 00 69 00 7a 00 65 00 64 00 52 00 65 00 73 00 l.i.z.e.d.R.e.s.
6f 00 75 00 72 00 63 00 65 00 4e 00 61 00 6d 00 o.u.r.c.e.N.a.m.
65 00 3d 00 40 00 25 00 53 00 79 00 73 00 74 00 e.=.@.%.S.y.s.t.
65 00 6d 00 52 00 6f 00 6f 00 74 00 25 00 5c 00 e.m.R.o.o.t.%.\.
73 00 79 00 73 00 74 00 65 00 6d 00 33 00 32 00 s.y.s.t.e.m.3.2.
5c 00 73 00 68 00 65 00 6c 00 6c 00 33 00 32 00 \.s.h.e.l.l.3.2.
2e 00 64 00 6c 00 6c 00 2c 00 2d 00 32 00 31 00 ..d.l.l.,.-.2.1.
37 00 38 00 36 00 0d 00 0a 00                   7.8.6.....      
0xa6911c8	FILE	18364	DATA	95574a2f-d935-4dd3-83b5-bf7142418586	
00 00 00 00 00 00 00 00 00 00 00 00 bc 9e f4 03 ................
cf 7e d0 01                                     .~..            
0xa6915c8	FILE	18365	DATA	97b319b2-d652-4588-a0db-7d43080f696e	
00 00 00 00 00 00 00 00 00 00 00 00 a8 2c 47 05 .............,G.
cf 7e d0 01                                     .~..            
0xa6919c8	FILE	18366	DATA	994c86ad-a929-4b2c-88a0-4e25a107a029	
00 00 00 00 00 00 00 00 00 00 00 00 e9 e1 e2 2c ...............,
41 04 ca 01                                     A...            
0xa691dc8	FILE	18367	DATA	9979cb83-103a-4105-9e5d-c74b0af6d198	
00 00 00 00 00 00 00 00 00 00 00 00 dc a1 9d 2e ................
41 04 ca 01                                     A...            
0xa85b920	FILE	44522	DATA	desktop.ini	
ff fe 0d 00 0a 00 5b 00 2e 00 53 00 68 00 65 00 ......[...S.h.e.
6c 00 6c 00 43 00 6c 00 61 00 73 00 73 00 49 00 l.l.C.l.a.s.s.I.
6e 00 66 00 6f 00 5d 00 0d 00 0a 00 4c 00 6f 00 n.f.o.].....L.o.
63 00 61 00 6c 00 69 00 7a 00 65 00 64 00 52 00 c.a.l.i.z.e.d.R.
65 00 73 00 6f 00 75 00 72 00 63 00 65 00 4e 00 e.s.o.u.r.c.e.N.
61 00 6d 00 65 00 3d 00 40 00 25 00 53 00 79 00 a.m.e.=.@.%.S.y.
73 00 74 00 65 00 6d 00 52 00 6f 00 6f 00 74 00 s.t.e.m.R.o.o.t.
25 00 5c 00 73 00 79 00 73 00 74 00 65 00 6d 00 %.\.s.y.s.t.e.m.
33 00 32 00 5c 00 73 00 68 00 65 00 6c 00 6c 00 3.2.\.s.h.e.l.l.
33 00 32 00 2e 00 64 00 6c 00 6c 00 2c 00 2d 00 3.2...d.l.l.,.-.
32 00 31 00 38 00 30 00 31 00 0d 00 0a 00 49 00 2.1.8.0.1.....I.
63 00 6f 00 6e 00 52 00 65 00 73 00 6f 00 75 00 c.o.n.R.e.s.o.u.
72 00 63 00 65 00 3d 00 25 00 53 00 79 00 73 00 r.c.e.=.%.S.y.s.
74 00 65 00 6d 00 52 00 6f 00 6f 00 74 00 25 00 t.e.m.R.o.o.t.%.
5c 00 73 00 79 00 73 00 74 00 65 00 6d 00 33 00 \.s.y.s.t.e.m.3.
32 00 5c 00 69 00 6d 00 61 00 67 00 65 00 72 00 2.\.i.m.a.g.e.r.
65 00 73 00 2e 00 64 00 6c 00 6c 00 2c 00 2d 00 e.s...d.l.l.,.-.
33 00 0d 00 0a 00                               3.....          
0xa85bd20	FILE	44523	DATA	desktop.ini	
ff fe 0d 00 0a 00 5b 00 2e 00 53 00 68 00 65 00 ......[...S.h.e.
6c 00 6c 00 43 00 6c 00 61 00 73 00 73 00 49 00 l.l.C.l.a.s.s.I.
6e 00 66 00 6f 00 5d 00 0d 00 0a 00 4c 00 6f 00 n.f.o.].....L.o.
63 00 61 00 6c 00 69 00 7a 00 65 00 64 00 52 00 c.a.l.i.z.e.d.R.
65 00 73 00 6f 00 75 00 72 00 63 00 65 00 4e 00 e.s.o.u.r.c.e.N.
61 00 6d 00 65 00 3d 00 40 00 25 00 53 00 79 00 a.m.e.=.@.%.S.y.
73 00 74 00 65 00 6d 00 52 00 6f 00 6f 00 74 00 s.t.e.m.R.o.o.t.
25 00 5c 00 73 00 79 00 73 00 74 00 65 00 6d 00 %.\.s.y.s.t.e.m.
33 00 32 00 5c 00 73 00 68 00 65 00 6c 00 6c 00 3.2.\.s.h.e.l.l.
33 00 32 00 2e 00 64 00 6c 00 6c 00 2c 00 2d 00 3.2...d.l.l.,.-.
32 00 31 00 37 00 39 00 39 00 0d 00 0a 00       2.1.7.9.9.....  
0xa87b1c8	FILE	26632	DATA	Desktop (create shortcut).DeskLink	
64 65 73 6b 74 6f 70                            desktop         
0xa87b5c8	FILE	26633	DATA	Desktop (create shortcut).DeskLink	
64 65 73 6b 74 6f 70                            desktop         
0xa87b9c8	FILE	26634	DATA	Desktop (create shortcut).DeskLink	
64 65 73 6b 74 6f 70                            desktop         
0xaa7a120	FILE	26572	DATA	pscomps.dat	
23 20 54 68 65 20 66 6f 72 6d 61 74 20 66 6f 72 # The format for
20 61 6e 20 65 6e 74 72 79 20 69 73 3a 0d 0a 23  an entry is:..#
20 3c 54 49 46 46 20 54 61 67 20 56 61 6c 75 65  <TIFF Tag Value
3e 7c 3c 50 53 5f 43 4f 4d 50 52 45 53 53 49 4f >|<PS_COMPRESSIO
4e 5f 56 41 4c 3e 7c 3c 44 69 73 70 6c 61 79 20 N_VAL>|<Display 
56 61 6c 75 65 3e 0d 0a 23 0d 0a 23 20 3c 44 69 Value>..#..# <Di
73 70 6c 61 79 20 56 61 6c 75 65 3e 20 49 73 20 splay Value> Is 
61 20 6e 6f 6e 2d 6c 6f 63 61 6c 69 7a 65 64 20 a non-localized 
73 74 72 69 6e 67 20 67 69 76 69 6e 67 20 61 20 string giving a 
62 72 69 65 66 20 64 65 73 63 72 69 70 74 69 6f brief descriptio
6e 20 6f 66 20 74 68 65 20 63 6f 6d 70 72 65 73 n of the compres
73 69 6f 6e 2e 0d 0a 23 0d 0a 23 0d 0a 0d 0a 33 sion...#..#....3
32 37 37 33 7c 34 7c 50 61 63 6b 62 69 74 73 20 2773|4|Packbits 
28 52 4c 45 29 0d 0a 35 7c 35 7c 4c 5a 57 0d 0a (RLE)..5|5|LZW..
31 32 7c 32 35 7c 4a 42 49 47 32 0d 0a 33 34 37 12|25|JBIG2..347
31 35 7c 32 35 7c 4a 42 49 47 32 0d 0a 31 34 7c 15|25|JBIG2..14|
32 38 7c 4a 50 45 47 20 32 30 30 30 0d 0a 33 34 28|JPEG 2000..34
37 31 36 7c 32 38 7c 4a 50 45 47 20 32 30 30 30 716|28|JPEG 2000
0d 0a 39 7c 31 37 7c 4a 42 49 47 0d 0a 38 7c 32 ..9|17|JBIG..8|2
30 7c 44 65 66 6c 61 74 65 0d 0a 33 34 37 31 34 0|Deflate..34714
7c 32 30 7c 44 65 66 6c 61 74 65 0d 0a 23 20 4e |20|Deflate..# N
45 45 44 20 54 49 46 46 20 56 41 4c 55 45 20 7c EED TIFF VALUE |
32 37 7c 4c 6f 73 73 6c 65 73 73 20 4a 42 49 47 27|Lossless JBIG
32 0d 0a 23 20 4e 45 45 44 20 54 49 46 46 20 56 2..# NEED TIFF V
41 4c 55 45 20 7c 32 36 7c 43 6f 6c 6f 72 20 4a ALUE |26|Color J
42 49 47 32 0d 0a 0d 0a 0d 0a                   BIG2......      
0xaa7ada0	FILE	26575	DATA	RacMetaData.dat	
ab bf fa 00 ad db ba 00                         ........        
0xabe4120	FILE	83540	DATA	desktop.ini	
5b 4c 6f 63 61 6c 69 7a 65 64 46 69 6c 65 4e 61 [LocalizedFileNa
6d 65 73 5d 0d 0a 44 6f 63 75 6d 65 6e 74 73 2e mes]..Documents.
6c 69 62 72 61 72 79 2d 6d 73 3d 40 40 25 53 79 library-ms=@@%Sy
73 74 65 6d 52 6f 6f 74 25 5c 73 79 73 74 65 6d stemRoot%\system
33 32 5c 73 68 65 6c 6c 33 32 2e 64 6c 6c 2c 2d 32\shell32.dll,-
33 34 35 37 35 0d 0a 50 69 63 74 75 72 65 73 2e 34575..Pictures.
6c 69 62 72 61 72 79 2d 6d 73 3d 40 40 25 53 79 library-ms=@@%Sy
73 74 65 6d 52 6f 6f 74 25 5c 73 79 73 74 65 6d stemRoot%\system
33 32 5c 73 68 65 6c 6c 33 32 2e 64 6c 6c 2c 2d 32\shell32.dll,-
33 34 35 39 35 0d 0a 56 69 64 65 6f 73 2e 6c 69 34595..Videos.li
62 72 61 72 79 2d 6d 73 3d 40 40 25 53 79 73 74 brary-ms=@@%Syst
65 6d 52 6f 6f 74 25 5c 73 79 73 74 65 6d 33 32 emRoot%\system32
5c 73 68 65 6c 6c 33 32 2e 64 6c 6c 2c 2d 33 34 \shell32.dll,-34
36 32 30 0d 0a 4d 75 73 69 63 2e 6c 69 62 72 61 620..Music.libra
72 79 2d 6d 73 3d 40 40 25 53 79 73 74 65 6d 52 ry-ms=@@%SystemR
6f 6f 74 25 5c 73 79 73 74 65 6d 33 32 5c 73 68 oot%\system32\sh
65 6c 6c 33 32 2e 64 6c 6c 2c 2d 33 34 35 38 34 ell32.dll,-34584
0d 0a                                           ..              
0xabe4d20	FILE	83543	DATA	desktop.ini	
ff fe 0d 00 0a 00 5b 00 2e 00 53 00 68 00 65 00 ......[...S.h.e.
6c 00 6c 00 43 00 6c 00 61 00 73 00 73 00 49 00 l.l.C.l.a.s.s.I.
6e 00 66 00 6f 00 5d 00 0d 00 0a 00 4c 00 6f 00 n.f.o.].....L.o.
63 00 61 00 6c 00 69 00 7a 00 65 00 64 00 52 00 c.a.l.i.z.e.d.R.
65 00 73 00 6f 00 75 00 72 00 63 00 65 00 4e 00 e.s.o.u.r.c.e.N.
61 00 6d 00 65 00 3d 00 40 00 25 00 53 00 79 00 a.m.e.=.@.%.S.y.
73 00 74 00 65 00 6d 00 52 00 6f 00 6f 00 74 00 s.t.e.m.R.o.o.t.
25 00 5c 00 73 00 79 00 73 00 74 00 65 00 6d 00 %.\.s.y.s.t.e.m.
33 00 32 00 5c 00 73 00 68 00 65 00 6c 00 6c 00 3.2.\.s.h.e.l.l.
33 00 32 00 2e 00 64 00 6c 00 6c 00 2c 00 2d 00 3.2...d.l.l.,.-.
39 00 30 00 33 00 31 00 0d 00 0a 00 49 00 63 00 9.0.3.1.....I.c.
6f 00 6e 00 52 00 65 00 73 00 6f 00 75 00 72 00 o.n.R.e.s.o.u.r.
63 00 65 00 3d 00 25 00 53 00 79 00 73 00 74 00 c.e.=.%.S.y.s.t.
65 00 6d 00 52 00 6f 00 6f 00 74 00 25 00 5c 00 e.m.R.o.o.t.%.\.
73 00 79 00 73 00 74 00 65 00 6d 00 33 00 32 00 s.y.s.t.e.m.3.2.
5c 00 69 00 6d 00 61 00 67 00 65 00 72 00 65 00 \.i.m.a.g.e.r.e.
73 00 2e 00 64 00 6c 00 6c 00 2c 00 2d 00 31 00 s...d.l.l.,.-.1.
38 00 0d 00 0a 00 5b 00 4c 00 6f 00 63 00 61 00 8.....[.L.o.c.a.
6c 00 69 00 7a 00 65 00 64 00 46 00 69 00 6c 00 l.i.z.e.d.F.i.l.
65 00 4e 00 61 00 6d 00 65 00 73 00 5d 00 0d 00 e.N.a.m.e.s.]...
0a 00 49 00 6e 00 64 00 65 00 78 00 65 00 64 00 ..I.n.d.e.x.e.d.
20 00 4c 00 6f 00 63 00 61 00 74 00 69 00 6f 00  .L.o.c.a.t.i.o.
6e 00 73 00 2e 00 73 00 65 00 61 00 72 00 63 00 n.s...s.e.a.r.c.
68 00 2d 00 6d 00 73 00 3d 00 40 00 73 00 65 00 h.-.m.s.=.@.s.e.
61 00 72 00 63 00 68 00 66 00 6f 00 6c 00 64 00 a.r.c.h.f.o.l.d.
65 00 72 00 2e 00 64 00 6c 00 6c 00 2c 00 2d 00 e.r...d.l.l.,.-.
33 00 32 00 38 00 32 00 30 00 0d 00 0a 00 45 00 3.2.8.2.0.....E.
76 00 65 00 72 00 79 00 77 00 68 00 65 00 72 00 v.e.r.y.w.h.e.r.
65 00 2e 00 73 00 65 00 61 00 72 00 63 00 68 00 e...s.e.a.r.c.h.
2d 00 6d 00 73 00 3d 00 40 00 73 00 65 00 61 00 -.m.s.=.@.s.e.a.
72 00 63 00 68 00 66 00 6f 00 6c 00 64 00 65 00 r.c.h.f.o.l.d.e.
72 00 2e 00 64 00 6c 00 6c 00 2c 00 2d 00 33 00 r...d.l.l.,.-.3.
32 00 38 00 32 00 32 00 0d 00 0a 00             2.8.2.2.....    
0xacb05a8	FILE	83417	DATA	WebCacheLock.dat	-
0xb1325a0	FILE	83597	DATA	container.dat	-
0xb1329a0	FILE	83598	DATA	container.dat	-
0xb374d20	FILE	83375	DATA	Desktop.ini	
ff fe 5b 00 2e 00 53 00 68 00 65 00 6c 00 6c 00 ..[...S.h.e.l.l.
43 00 6c 00 61 00 73 00 73 00 49 00 6e 00 66 00 C.l.a.s.s.I.n.f.
6f 00 5d 00 0d 00 0a 00 4c 00 6f 00 63 00 61 00 o.].....L.o.c.a.
6c 00 69 00 7a 00 65 00 64 00 52 00 65 00 73 00 l.i.z.e.d.R.e.s.
6f 00 75 00 72 00 63 00 65 00 4e 00 61 00 6d 00 o.u.r.c.e.N.a.m.
65 00 3d 00 40 00 25 00 53 00 79 00 73 00 74 00 e.=.@.%.S.y.s.t.
65 00 6d 00 52 00 6f 00 6f 00 74 00 25 00 5c 00 e.m.R.o.o.t.%.\.
73 00 79 00 73 00 74 00 65 00 6d 00 33 00 32 00 s.y.s.t.e.m.3.2.
5c 00 73 00 68 00 65 00 6c 00 6c 00 33 00 32 00 \.s.h.e.l.l.3.2.
2e 00 64 00 6c 00 6c 00 2c 00 2d 00 32 00 31 00 ..d.l.l.,.-.2.1.
37 00 36 00 30 00 0d 00 0a 00 5b 00 4c 00 6f 00 7.6.0.....[.L.o.
63 00 61 00 6c 00 69 00 7a 00 65 00 64 00 46 00 c.a.l.i.z.e.d.F.
69 00 6c 00 65 00 4e 00 61 00 6d 00 65 00 73 00 i.l.e.N.a.m.e.s.
5d 00 0d 00 0a 00 4d 00 61 00 67 00 6e 00 69 00 ].....M.a.g.n.i.
66 00 79 00 2e 00 6c 00 6e 00 6b 00 3d 00 40 00 f.y...l.n.k.=.@.
25 00 53 00 79 00 73 00 74 00 65 00 6d 00 52 00 %.S.y.s.t.e.m.R.
6f 00 6f 00 74 00 25 00 5c 00 73 00 79 00 73 00 o.o.t.%.\.s.y.s.
74 00 65 00 6d 00 33 00 32 00 5c 00 73 00 68 00 t.e.m.3.2.\.s.h.
65 00 6c 00 6c 00 33 00 32 00 2e 00 64 00 6c 00 e.l.l.3.2...d.l.
6c 00 2c 00 2d 00 32 00 32 00 30 00 34 00 31 00 l.,.-.2.2.0.4.1.
0d 00 0a 00 4f 00 6e 00 2d 00 53 00 63 00 72 00 ....O.n.-.S.c.r.
65 00 65 00 6e 00 20 00 4b 00 65 00 79 00 62 00 e.e.n. .K.e.y.b.
6f 00 61 00 72 00 64 00 2e 00 6c 00 6e 00 6b 00 o.a.r.d...l.n.k.
3d 00 40 00 25 00 53 00 79 00 73 00 74 00 65 00 =.@.%.S.y.s.t.e.
6d 00 52 00 6f 00 6f 00 74 00 25 00 5c 00 73 00 m.R.o.o.t.%.\.s.
79 00 73 00 74 00 65 00 6d 00 33 00 32 00 5c 00 y.s.t.e.m.3.2.\.
73 00 68 00 65 00 6c 00 6c 00 33 00 32 00 2e 00 s.h.e.l.l.3.2...
64 00 6c 00 6c 00 2c 00 2d 00 32 00 32 00 30 00 d.l.l.,.-.2.2.0.
35 00 32 00 0d 00 0a 00 45 00 61 00 73 00 65 00 5.2.....E.a.s.e.
20 00 6f 00 66 00 20 00 41 00 63 00 63 00 65 00  .o.f. .A.c.c.e.
73 00 73 00 2e 00 6c 00 6e 00 6b 00 3d 00 40 00 s.s...l.n.k.=.@.
25 00 53 00 79 00 73 00 74 00 65 00 6d 00 52 00 %.S.y.s.t.e.m.R.
6f 00 6f 00 74 00 25 00 5c 00 73 00 79 00 73 00 o.o.t.%.\.s.y.s.
74 00 65 00 6d 00 33 00 32 00 5c 00 41 00 63 00 t.e.m.3.2.\.A.c.
63 00 65 00 73 00 73 00 69 00 62 00 69 00 6c 00 c.e.s.s.i.b.i.l.
69 00 74 00 79 00 43 00 70 00 6c 00 2e 00 64 00 i.t.y.C.p.l...d.
6c 00 6c 00 2c 00 2d 00 31 00 30 00 0d 00 0a 00 l.l.,.-.1.0.....
4e 00 61 00 72 00 72 00 61 00 74 00 6f 00 72 00 N.a.r.r.a.t.o.r.
2e 00 6c 00 6e 00 6b 00 3d 00 40 00 25 00 53 00 ..l.n.k.=.@.%.S.
79 00 73 00 74 00 65 00 6d 00 52 00 6f 00 6f 00 y.s.t.e.m.R.o.o.
74 00 25 00 5c 00 73 00 79 00 73 00 74 00 65 00 t.%.\.s.y.s.t.e.
6d 00 33 00 32 00 5c 00 73 00 68 00 65 00 6c 00 m.3.2.\.s.h.e.l.
6c 00 33 00 32 00 2e 00 64 00 6c 00 6c 00 2c 00 l.3.2...d.l.l.,.
2d 00 32 00 32 00 30 00 34 00 38 00 0d 00 0a 00 -.2.2.0.4.8.....
0xb3a65a8	FILE	66845	DATA	XPThemes.manifest	
3c 3f 78 6d 6c 20 76 65 72 73 69 6f 6e 3d 22 31 <?xml version="1
2e 30 22 20 65 6e 63 6f 64 69 6e 67 3d 22 55 54 .0" encoding="UT
46 2d 38 22 20 73 74 61 6e 64 61 6c 6f 6e 65 3d F-8" standalone=
22 79 65 73 22 20 3f 3e 20 0d 0a 3c 61 73 73 65 "yes" ?> ..<asse
6d 62 6c 79 20 78 6d 6c 6e 73 3d 22 75 72 6e 3a mbly xmlns="urn:
73 63 68 65 6d 61 73 2d 6d 69 63 72 6f 73 6f 66 schemas-microsof
74 2d 63 6f 6d 3a 61 73 6d 2e 76 31 22 20 6d 61 t-com:asm.v1" ma
6e 69 66 65 73 74 56 65 72 73 69 6f 6e 3d 22 31 nifestVersion="1
2e 30 22 3e 0d 0a 20 20 3c 64 65 73 63 72 69 70 .0">..  <descrip
74 69 6f 6e 3e 57 69 6e 64 6f 77 73 20 46 6f 72 tion>Windows For
6d 73 20 43 6f 6d 6d 6f 6e 20 43 6f 6e 74 72 6f ms Common Contro
6c 20 6d 61 6e 69 66 65 73 74 3c 2f 64 65 73 63 l manifest</desc
72 69 70 74 69 6f 6e 3e 20 0d 0a 20 20 3c 64 65 ription> ..  <de
70 65 6e 64 65 6e 63 79 3e 0d 0a 20 20 20 20 3c pendency>..    <
64 65 70 65 6e 64 65 6e 74 41 73 73 65 6d 62 6c dependentAssembl
79 3e 0d 0a 20 20 20 20 20 20 3c 61 73 73 65 6d y>..      <assem
62 6c 79 49 64 65 6e 74 69 74 79 20 74 79 70 65 blyIdentity type
3d 22 77 69 6e 33 32 22 20 6e 61 6d 65 3d 22 4d ="win32" name="M
69 63 72 6f 73 6f 66 74 2e 57 69 6e 64 6f 77 73 icrosoft.Windows
2e 43 6f 6d 6d 6f 6e 2d 43 6f 6e 74 72 6f 6c 73 .Common-Controls
22 20 76 65 72 73 69 6f 6e 3d 22 36 2e 30 2e 30 " version="6.0.0
2e 30 22 20 70 72 6f 63 65 73 73 6f 72 41 72 63 .0" processorArc
68 69 74 65 63 74 75 72 65 3d 22 2a 22 20 70 75 hitecture="*" pu
62 6c 69 63 4b 65 79 54 6f 6b 65 6e 3d 22 36 35 blicKeyToken="65
39 35 62 36 34 31 34 34 63 63 66 31 64 66 22 20 95b64144ccf1df" 
6c 61 6e 67 75 61 67 65 3d 22 2a 22 20 2f 3e 20 language="*" /> 
0d 0a 20 20 20 20 3c 2f 64 65 70 65 6e 64 65 6e ..    </dependen
74 41 73 73 65 6d 62 6c 79 3e 0d 0a 20 20 3c 2f tAssembly>..  </
64 65 70 65 6e 64 65 6e 63 79 3e 0d 0a 3c 2f 61 dependency>..</a
73 73 65 6d 62 6c 79 3e 0d 0a                   ssembly>..      
0xb3a69a8	FILE	66846	DATA	XPThemes.manifest	
3c 3f 78 6d 6c 20 76 65 72 73 69 6f 6e 3d 22 31 <?xml version="1
2e 30 22 20 65 6e 63 6f 64 69 6e 67 3d 22 55 54 .0" encoding="UT
46 2d 38 22 20 73 74 61 6e 64 61 6c 6f 6e 65 3d F-8" standalone=
22 79 65 73 22 20 3f 3e 20 0d 0a 3c 61 73 73 65 "yes" ?> ..<asse
6d 62 6c 79 20 78 6d 6c 6e 73 3d 22 75 72 6e 3a mbly xmlns="urn:
73 63 68 65 6d 61 73 2d 6d 69 63 72 6f 73 6f 66 schemas-microsof
74 2d 63 6f 6d 3a 61 73 6d 2e 76 31 22 20 6d 61 t-com:asm.v1" ma
6e 69 66 65 73 74 56 65 72 73 69 6f 6e 3d 22 31 nifestVersion="1
2e 30 22 3e 0d 0a 20 20 3c 64 65 73 63 72 69 70 .0">..  <descrip
74 69 6f 6e 3e 57 69 6e 64 6f 77 73 20 46 6f 72 tion>Windows For
6d 73 20 43 6f 6d 6d 6f 6e 20 43 6f 6e 74 72 6f ms Common Contro
6c 20 6d 61 6e 69 66 65 73 74 3c 2f 64 65 73 63 l manifest</desc
72 69 70 74 69 6f 6e 3e 20 0d 0a 20 20 3c 64 65 ription> ..  <de
70 65 6e 64 65 6e 63 79 3e 0d 0a 20 20 20 20 3c pendency>..    <
64 65 70 65 6e 64 65 6e 74 41 73 73 65 6d 62 6c dependentAssembl
79 3e 0d 0a 20 20 20 20 20 20 3c 61 73 73 65 6d y>..      <assem
62 6c 79 49 64 65 6e 74 69 74 79 20 74 79 70 65 blyIdentity type
3d 22 77 69 6e 33 32 22 20 6e 61 6d 65 3d 22 4d ="win32" name="M
69 63 72 6f 73 6f 66 74 2e 57 69 6e 64 6f 77 73 icrosoft.Windows
2e 43 6f 6d 6d 6f 6e 2d 43 6f 6e 74 72 6f 6c 73 .Common-Controls
22 20 76 65 72 73 69 6f 6e 3d 22 36 2e 30 2e 30 " version="6.0.0
2e 30 22 20 70 72 6f 63 65 73 73 6f 72 41 72 63 .0" processorArc
68 69 74 65 63 74 75 72 65 3d 22 2a 22 20 70 75 hitecture="*" pu
62 6c 69 63 4b 65 79 54 6f 6b 65 6e 3d 22 36 35 blicKeyToken="65
39 35 62 36 34 31 34 34 63 63 66 31 64 66 22 20 95b64144ccf1df" 
6c 61 6e 67 75 61 67 65 3d 22 2a 22 20 2f 3e 20 language="*" /> 
0d 0a 20 20 20 20 3c 2f 64 65 70 65 6e 64 65 6e ..    </dependen
74 41 73 73 65 6d 62 6c 79 3e 0d 0a 20 20 3c 2f tAssembly>..  </
64 65 70 65 6e 64 65 6e 63 79 3e 0d 0a 3c 2f 61 dependency>..</a
73 73 65 6d 62 6c 79 3e 0d 0a                   ssembly>..      
0xb4d0e28	FILE	43895	DATA	netnwifi.inf_loc	
ff fe 5b 00 53 00 74 00 72 00 69 00 6e 00 67 00 ..[.S.t.r.i.n.g.
73 00 2e 00 30 00 34 00 30 00 39 00 5d 00 0d 00 s...0.4.0.9.]...
0a 00 3b 00 20 00 4c 00 6f 00 63 00 61 00 6c 00 ..;. .L.o.c.a.l.
69 00 7a 00 61 00 62 00 6c 00 65 00 0d 00 0a 00 i.z.a.b.l.e.....
4d 00 73 00 66 00 74 00 20 00 3d 00 20 00 22 00 M.s.f.t. .=. .".
4d 00 69 00 63 00 72 00 6f 00 73 00 6f 00 66 00 M.i.c.r.o.s.o.f.
74 00 22 00 0d 00 0a 00 4d 00 53 00 5f 00 4e 00 t.".....M.S._.N.
57 00 49 00 46 00 49 00 2e 00 44 00 69 00 73 00 W.I.F.I...D.i.s.
70 00 6c 00 61 00 79 00 4e 00 61 00 6d 00 65 00 p.l.a.y.N.a.m.e.
20 00 3d 00 20 00 22 00 4e 00 61 00 74 00 69 00  .=. .".N.a.t.i.
76 00 65 00 57 00 69 00 46 00 69 00 20 00 46 00 v.e.W.i.F.i. .F.
69 00 6c 00 74 00 65 00 72 00 22 00 0d 00 0a 00 i.l.t.e.r.".....
0d 00 0a 00                                     ....            
0xb4ee120	FILE	83548	DATA	desktop.ini	
ff fe 0d 00 0a 00 5b 00 2e 00 53 00 68 00 65 00 ......[...S.h.e.
6c 00 6c 00 43 00 6c 00 61 00 73 00 73 00 49 00 l.l.C.l.a.s.s.I.
6e 00 66 00 6f 00 5d 00 0d 00 0a 00 4c 00 6f 00 n.f.o.].....L.o.
63 00 61 00 6c 00 69 00 7a 00 65 00 64 00 52 00 c.a.l.i.z.e.d.R.
65 00 73 00 6f 00 75 00 72 00 63 00 65 00 4e 00 e.s.o.u.r.c.e.N.
61 00 6d 00 65 00 3d 00 40 00 25 00 53 00 79 00 a.m.e.=.@.%.S.y.
73 00 74 00 65 00 6d 00 52 00 6f 00 6f 00 74 00 s.t.e.m.R.o.o.t.
25 00 5c 00 73 00 79 00 73 00 74 00 65 00 6d 00 %.\.s.y.s.t.e.m.
33 00 32 00 5c 00 73 00 68 00 65 00 6c 00 6c 00 3.2.\.s.h.e.l.l.
33 00 32 00 2e 00 64 00 6c 00 6c 00 2c 00 2d 00 3.2...d.l.l.,.-.
32 00 31 00 37 00 38 00 37 00 0d 00 0a 00       2.1.7.8.7.....  
0xb4ee920	FILE	83550	DATA	desktop.ini	
ff fe 0d 00 0a 00 5b 00 2e 00 53 00 68 00 65 00 ......[...S.h.e.
6c 00 6c 00 43 00 6c 00 61 00 73 00 73 00 49 00 l.l.C.l.a.s.s.I.
6e 00 66 00 6f 00 5d 00 0d 00 0a 00 4c 00 6f 00 n.f.o.].....L.o.
63 00 61 00 6c 00 69 00 7a 00 65 00 64 00 52 00 c.a.l.i.z.e.d.R.
65 00 73 00 6f 00 75 00 72 00 63 00 65 00 4e 00 e.s.o.u.r.c.e.N.
61 00 6d 00 65 00 3d 00 40 00 25 00 53 00 79 00 a.m.e.=.@.%.S.y.
73 00 74 00 65 00 6d 00 52 00 6f 00 6f 00 74 00 s.t.e.m.R.o.o.t.
25 00 5c 00 73 00 79 00 73 00 74 00 65 00 6d 00 %.\.s.y.s.t.e.m.
33 00 32 00 5c 00 73 00 68 00 65 00 6c 00 6c 00 3.2.\.s.h.e.l.l.
33 00 32 00 2e 00 64 00 6c 00 6c 00 2c 00 2d 00 3.2...d.l.l.,.-.
32 00 31 00 37 00 36 00 32 00 0d 00 0a 00       2.1.7.6.2.....  
0xb4eed20	FILE	83551	DATA	desktop.ini	
ff fe 0d 00 0a 00 5b 00 2e 00 53 00 68 00 65 00 ......[...S.h.e.
6c 00 6c 00 43 00 6c 00 61 00 73 00 73 00 49 00 l.l.C.l.a.s.s.I.
6e 00 66 00 6f 00 5d 00 0d 00 0a 00 4c 00 6f 00 n.f.o.].....L.o.
63 00 61 00 6c 00 69 00 7a 00 65 00 64 00 52 00 c.a.l.i.z.e.d.R.
65 00 73 00 6f 00 75 00 72 00 63 00 65 00 4e 00 e.s.o.u.r.c.e.N.
61 00 6d 00 65 00 3d 00 40 00 25 00 53 00 79 00 a.m.e.=.@.%.S.y.
73 00 74 00 65 00 6d 00 52 00 6f 00 6f 00 74 00 s.t.e.m.R.o.o.t.
25 00 5c 00 73 00 79 00 73 00 74 00 65 00 6d 00 %.\.s.y.s.t.e.m.
33 00 32 00 5c 00 73 00 68 00 65 00 6c 00 6c 00 3.2.\.s.h.e.l.l.
33 00 32 00 2e 00 64 00 6c 00 6c 00 2c 00 2d 00 3.2...d.l.l.,.-.
32 00 31 00 38 00 31 00 30 00 0d 00 0a 00 49 00 2.1.8.1.0.....I.
63 00 6f 00 6e 00 52 00 65 00 73 00 6f 00 75 00 c.o.n.R.e.s.o.u.
72 00 63 00 65 00 3d 00 25 00 53 00 79 00 73 00 r.c.e.=.%.S.y.s.
74 00 65 00 6d 00 52 00 6f 00 6f 00 74 00 25 00 t.e.m.R.o.o.t.%.
5c 00 73 00 79 00 73 00 74 00 65 00 6d 00 33 00 \.s.y.s.t.e.m.3.
32 00 5c 00 69 00 6d 00 61 00 67 00 65 00 72 00 2.\.i.m.a.g.e.r.
65 00 73 00 2e 00 64 00 6c 00 6c 00 2c 00 2d 00 e.s...d.l.l.,.-.
31 00 38 00 35 00 0d 00 0a 00 44 00 65 00 66 00 1.8.5.....D.e.f.
61 00 75 00 6c 00 74 00 44 00 72 00 6f 00 70 00 a.u.l.t.D.r.o.p.
45 00 66 00 66 00 65 00 63 00 74 00 3d 00 34 00 E.f.f.e.c.t.=.4.
0d 00 0a 00 5b 00 4c 00 6f 00 63 00 61 00 6c 00 ....[.L.o.c.a.l.
69 00 7a 00 65 00 64 00 46 00 69 00 6c 00 65 00 i.z.e.d.F.i.l.e.
4e 00 61 00 6d 00 65 00 73 00 5d 00 0d 00 0a 00 N.a.m.e.s.].....
52 00 65 00 63 00 65 00 6e 00 74 00 50 00 6c 00 R.e.c.e.n.t.P.l.
61 00 63 00 65 00 73 00 2e 00 6c 00 6e 00 6b 00 a.c.e.s...l.n.k.
3d 00 40 00 73 00 68 00 65 00 6c 00 6c 00 33 00 =.@.s.h.e.l.l.3.
32 00 2e 00 64 00 6c 00 6c 00 2c 00 2d 00 33 00 2...d.l.l.,.-.3.
37 00 32 00 31 00 37 00 0d 00 0a 00 44 00 65 00 7.2.1.7.....D.e.
73 00 6b 00 74 00 6f 00 70 00 2e 00 6c 00 6e 00 s.k.t.o.p...l.n.
6b 00 3d 00 40 00 73 00 68 00 65 00 6c 00 6c 00 k.=.@.s.h.e.l.l.
33 00 32 00 2e 00 64 00 6c 00 6c 00 2c 00 2d 00 3.2...d.l.l.,.-.
32 00 31 00 37 00 36 00 39 00 0d 00 0a 00 44 00 2.1.7.6.9.....D.
6f 00 77 00 6e 00 6c 00 6f 00 61 00 64 00 73 00 o.w.n.l.o.a.d.s.
2e 00 6c 00 6e 00 6b 00 3d 00 40 00 73 00 68 00 ..l.n.k.=.@.s.h.
65 00 6c 00 6c 00 33 00 32 00 2e 00 64 00 6c 00 e.l.l.3.2...d.l.
6c 00 2c 00 2d 00 32 00 31 00 37 00 39 00 38 00 l.,.-.2.1.7.9.8.
0d 00 0a 00                                     ....            
0xb56c120	FILE	83380	DATA	Desktop.ini	
ff fe 5b 00 2e 00 53 00 68 00 65 00 6c 00 6c 00 ..[...S.h.e.l.l.
43 00 6c 00 61 00 73 00 73 00 49 00 6e 00 66 00 C.l.a.s.s.I.n.f.
6f 00 5d 00 0d 00 0a 00 4c 00 6f 00 63 00 61 00 o.].....L.o.c.a.
6c 00 69 00 7a 00 65 00 64 00 52 00 65 00 73 00 l.i.z.e.d.R.e.s.
6f 00 75 00 72 00 63 00 65 00 4e 00 61 00 6d 00 o.u.r.c.e.N.a.m.
65 00 3d 00 40 00 25 00 53 00 79 00 73 00 74 00 e.=.@.%.S.y.s.t.
65 00 6d 00 52 00 6f 00 6f 00 74 00 25 00 5c 00 e.m.R.o.o.t.%.\.
73 00 79 00 73 00 74 00 65 00 6d 00 33 00 32 00 s.y.s.t.e.m.3.2.
5c 00 73 00 68 00 65 00 6c 00 6c 00 33 00 32 00 \.s.h.e.l.l.3.2.
2e 00 64 00 6c 00 6c 00 2c 00 2d 00 32 00 31 00 ..d.l.l.,.-.2.1.
37 00 36 00 31 00 0d 00 0a 00 5b 00 4c 00 6f 00 7.6.1.....[.L.o.
63 00 61 00 6c 00 69 00 7a 00 65 00 64 00 46 00 c.a.l.i.z.e.d.F.
69 00 6c 00 65 00 4e 00 61 00 6d 00 65 00 73 00 i.l.e.N.a.m.e.s.
5d 00 0d 00 0a 00 57 00 69 00 6e 00 64 00 6f 00 ].....W.i.n.d.o.
77 00 73 00 20 00 45 00 78 00 70 00 6c 00 6f 00 w.s. .E.x.p.l.o.
72 00 65 00 72 00 2e 00 6c 00 6e 00 6b 00 3d 00 r.e.r...l.n.k.=.
40 00 25 00 53 00 79 00 73 00 74 00 65 00 6d 00 @.%.S.y.s.t.e.m.
52 00 6f 00 6f 00 74 00 25 00 5c 00 73 00 79 00 R.o.o.t.%.\.s.y.
73 00 74 00 65 00 6d 00 33 00 32 00 5c 00 73 00 s.t.e.m.3.2.\.s.
68 00 65 00 6c 00 6c 00 33 00 32 00 2e 00 64 00 h.e.l.l.3.2...d.
6c 00 6c 00 2c 00 2d 00 32 00 32 00 30 00 36 00 l.l.,.-.2.2.0.6.
37 00 0d 00 0a 00 52 00 75 00 6e 00 2e 00 6c 00 7.....R.u.n...l.
6e 00 6b 00 3d 00 40 00 25 00 53 00 79 00 73 00 n.k.=.@.%.S.y.s.
74 00 65 00 6d 00 52 00 6f 00 6f 00 74 00 25 00 t.e.m.R.o.o.t.%.
5c 00 73 00 79 00 73 00 74 00 65 00 6d 00 33 00 \.s.y.s.t.e.m.3.
32 00 5c 00 73 00 68 00 65 00 6c 00 6c 00 33 00 2.\.s.h.e.l.l.3.
32 00 2e 00 64 00 6c 00 6c 00 2c 00 2d 00 31 00 2...d.l.l.,.-.1.
32 00 37 00 31 00 30 00 0d 00 0a 00 43 00 6f 00 2.7.1.0.....C.o.
6d 00 6d 00 61 00 6e 00 64 00 20 00 50 00 72 00 m.m.a.n.d. .P.r.
6f 00 6d 00 70 00 74 00 2e 00 6c 00 6e 00 6b 00 o.m.p.t...l.n.k.
3d 00 40 00 25 00 53 00 79 00 73 00 74 00 65 00 =.@.%.S.y.s.t.e.
6d 00 52 00 6f 00 6f 00 74 00 25 00 5c 00 73 00 m.R.o.o.t.%.\.s.
79 00 73 00 74 00 65 00 6d 00 33 00 32 00 5c 00 y.s.t.e.m.3.2.\.
73 00 68 00 65 00 6c 00 6c 00 33 00 32 00 2e 00 s.h.e.l.l.3.2...
64 00 6c 00 6c 00 2c 00 2d 00 32 00 32 00 30 00 d.l.l.,.-.2.2.0.
32 00 32 00 0d 00 0a 00 4e 00 6f 00 74 00 65 00 2.2.....N.o.t.e.
70 00 61 00 64 00 2e 00 6c 00 6e 00 6b 00 3d 00 p.a.d...l.n.k.=.
40 00 25 00 53 00 79 00 73 00 74 00 65 00 6d 00 @.%.S.y.s.t.e.m.
52 00 6f 00 6f 00 74 00 25 00 5c 00 73 00 79 00 R.o.o.t.%.\.s.y.
73 00 74 00 65 00 6d 00 33 00 32 00 5c 00 73 00 s.t.e.m.3.2.\.s.
68 00 65 00 6c 00 6c 00 33 00 32 00 2e 00 64 00 h.e.l.l.3.2...d.
6c 00 6c 00 2c 00 2d 00 32 00 32 00 30 00 35 00 l.l.,.-.2.2.0.5.
31 00 0d 00 0a 00                               1.....          
0xb56c5d8	FILE	83381	DATA	Compressed (zipped) Folder.ZFSendToTarget	
5a 69 70                                        Zip             
0xb56c9a8	FILE	83382	DATA	Window Switcher.lnk	
4c 00 00 00 01 14 02 00 00 00 00 00 c0 00 00 00 L...............
00 00 00 46 c5 01 00 00 00 00 00 00 00 00 00 00 ...F............
00 00 00 00 00 00 00 00 00 00 00 00 00 00 00 00 ................
00 00 00 00 00 00 00 00 fe fe ff ff 01 00 00 00 ................
00 00 00 00 00 00 00 00 00 00 00 00 16 00 14 00 ................
1f 80 0e f9 80 30 ad d7 d9 11 bd 98 00 00 94 7b .....0.........{
02 57 00 00 29 00 40 00 25 00 53 00 79 00 73 00 .W..).@.%.S.y.s.
74 00 65 00 6d 00 52 00 6f 00 6f 00 74 00 25 00 t.e.m.R.o.o.t.%.
5c 00 73 00 79 00 73 00 74 00 65 00 6d 00 33 00 \.s.y.s.t.e.m.3.
32 00 5c 00 73 00 68 00 65 00 6c 00 6c 00 33 00 2.\.s.h.e.l.l.3.
32 00 2e 00 64 00 6c 00 6c 00 2c 00 2d 00 31 00 2...d.l.l.,.-.1.
30 00 31 00 31 00 34 00 15 00 25 00 77 00 69 00 0.1.1.4...%.w.i.
6e 00 64 00 69 00 72 00 25 00 5c 00 65 00 78 00 n.d.i.r.%.\.e.x.
70 00 6c 00 6f 00 72 00 65 00 72 00 2e 00 65 00 p.l.o.r.e.r...e.
78 00 65 00 28 00 00 00 09 00 00 a0 1c 00 00 00 x.e.(...........
31 53 50 53 e2 8a 58 46 bc 4c 38 43 bb fc 13 93 1SPS..XF.L8C....
26 98 6d ce 00 00 00 00 00 00 00 00 00 00 00 00 &.m.............
0xb56cda8	FILE	83383	DATA	Control Panel.lnk	
4c 00 00 00 01 14 02 00 00 00 00 00 c0 00 00 00 L...............
00 00 00 46 c5 01 00 00 00 00 00 00 00 00 00 00 ...F............
00 00 00 00 00 00 00 00 00 00 00 00 00 00 00 00 ................
00 00 00 00 00 00 00 00 e5 ff ff ff 01 00 00 00 ................
00 00 00 00 00 00 00 00 00 00 00 00 16 00 14 00 ................
1f 80 94 e6 99 53 e5 6c 6c 4d 8f ce 1d 88 70 fd .....S.llM....p.
cb a0 00 00 1b 00 40 00 25 00 77 00 69 00 6e 00 ......@.%.w.i.n.
64 00 69 00 72 00 25 00 5c 00 65 00 78 00 70 00 d.i.r.%.\.e.x.p.
6c 00 6f 00 72 00 65 00 72 00 2e 00 65 00 78 00 l.o.r.e.r...e.x.
65 00 2c 00 2d 00 33 00 30 00 37 00 1e 00 25 00 e.,.-.3.0.7...%.
77 00 69 00 6e 00 64 00 69 00 72 00 25 00 5c 00 w.i.n.d.i.r.%.\.
73 00 79 00 73 00 74 00 65 00 6d 00 33 00 32 00 s.y.s.t.e.m.3.2.
5c 00 69 00 6d 00 61 00 67 00 65 00 72 00 65 00 \.i.m.a.g.e.r.e.
73 00 2e 00 64 00 6c 00 6c 00 28 00 00 00 09 00 s...d.l.l.(.....
00 a0 1c 00 00 00 31 53 50 53 e2 8a 58 46 bc 4c ......1SPS..XF.L
38 43 bb fc 13 93 26 98 6d ce 00 00 00 00 00 00 8C....&.m.......
00 00 00 00 00 00                               ......          
0xb5c5120	FILE	44400	DATA	desktop.ini	
5b 2e 53 68 65 6c 6c 43 6c 61 73 73 49 6e 66 6f [.ShellClassInfo
5d 0d 0a 4c 6f 63 61 6c 69 7a 65 64 52 65 73 6f ]..LocalizedReso
75 72 63 65 4e 61 6d 65 3d 40 25 73 79 73 74 65 urceName=@%syste
6d 72 6f 6f 74 25 5c 73 79 73 74 65 6d 33 32 5c mroot%\system32\
4d 43 54 52 65 73 2e 64 6c 6c 2c 2d 31 30 32 32 MCTRes.dll,-1022
35                                              5               
0xb5c5520	FILE	44401	DATA	desktop.ini	
5b 2e 53 68 65 6c 6c 43 6c 61 73 73 49 6e 66 6f [.ShellClassInfo
5d 0d 0a 4c 6f 63 61 6c 69 7a 65 64 52 65 73 6f ]..LocalizedReso
75 72 63 65 4e 61 6d 65 3d 40 25 73 79 73 74 65 urceName=@%syste
6d 72 6f 6f 74 25 5c 73 79 73 74 65 6d 33 32 5c mroot%\system32\
4d 43 54 52 65 73 2e 64 6c 6c 2c 2d 31 30 32 32 MCTRes.dll,-1022
35                                              5               
0xb5c5920	FILE	44402	DATA	Desktop.ini	
5b 2e 53 68 65 6c 6c 43 6c 61 73 73 49 6e 66 6f [.ShellClassInfo
5d 0d 0a 4c 6f 63 61 6c 69 7a 65 64 52 65 73 6f ]..LocalizedReso
75 72 63 65 4e 61 6d 65 3d 40 25 53 79 73 74 65 urceName=@%Syste
6d 52 6f 6f 74 25 5c 53 79 73 74 65 6d 33 32 5c mRoot%\System32\
74 68 65 6d 65 75 69 2e 64 6c 6c 2c 2d 32 31 30 themeui.dll,-210
39                                              9               
0xb5c5d20	FILE	44403	DATA	Desktop.ini	
5b 2e 53 68 65 6c 6c 43 6c 61 73 73 49 6e 66 6f [.ShellClassInfo
5d 0d 0a 4c 6f 63 61 6c 69 7a 65 64 52 65 73 6f ]..LocalizedReso
75 72 63 65 4e 61 6d 65 3d 40 25 53 79 73 74 65 urceName=@%Syste
6d 52 6f 6f 74 25 5c 53 79 73 74 65 6d 33 32 5c mRoot%\System32\
74 68 65 6d 65 75 69 2e 64 6c 6c 2c 2d 32 31 30 themeui.dll,-210
39                                              9               
0xb626228	FILE	43788	DATA	faxcn001.inf_loc	
ff fe 5b 00 53 00 74 00 72 00 69 00 6e 00 67 00 ..[.S.t.r.i.n.g.
73 00 2e 00 30 00 34 00 30 00 39 00 5d 00 0d 00 s...0.4.0.9.]...
0a 00 3b 00 4e 00 6f 00 6e 00 2d 00 6c 00 6f 00 ..;.N.o.n.-.l.o.
63 00 61 00 6c 00 69 00 7a 00 61 00 62 00 6c 00 c.a.l.i.z.a.b.l.
65 00 0d 00 0a 00 4d 00 66 00 67 00 3d 00 22 00 e.....M.f.g.=.".
43 00 61 00 6e 00 6f 00 6e 00 20 00 49 00 6e 00 C.a.n.o.n. .I.n.
63 00 2e 00 22 00 0d 00 0a 00 53 00 50 00 53 00 c...".....S.P.S.
56 00 43 00 49 00 4e 00 53 00 54 00 5f 00 41 00 V.C.I.N.S.T._.A.
53 00 53 00 4f 00 43 00 53 00 45 00 52 00 56 00 S.S.O.C.S.E.R.V.
49 00 43 00 45 00 20 00 3d 00 20 00 30 00 78 00 I.C.E. .=. .0.x.
30 00 30 00 30 00 30 00 30 00 30 00 30 00 32 00 0.0.0.0.0.0.0.2.
0d 00 0a 00 3b 00 4c 00 6f 00 63 00 61 00 6c 00 ....;.L.o.c.a.l.
69 00 7a 00 61 00 62 00 6c 00 65 00 0d 00 0a 00 i.z.a.b.l.e.....
0xb626628	FILE	43789	DATA	faxcn002.inf_loc	
ff fe 5b 00 53 00 74 00 72 00 69 00 6e 00 67 00 ..[.S.t.r.i.n.g.
73 00 2e 00 30 00 34 00 30 00 39 00 5d 00 0d 00 s...0.4.0.9.]...
0a 00 3b 00 4e 00 6f 00 6e 00 2d 00 6c 00 6f 00 ..;.N.o.n.-.l.o.
63 00 61 00 6c 00 69 00 7a 00 61 00 62 00 6c 00 c.a.l.i.z.a.b.l.
65 00 0d 00 0a 00 43 00 61 00 6e 00 6f 00 6e 00 e.....C.a.n.o.n.
3d 00 22 00 43 00 61 00 6e 00 6f 00 6e 00 20 00 =.".C.a.n.o.n. .
49 00 6e 00 63 00 2e 00 22 00 0d 00 0a 00 3b 00 I.n.c...".....;.
4c 00 6f 00 63 00 61 00 6c 00 69 00 7a 00 61 00 L.o.c.a.l.i.z.a.
62 00 6c 00 65 00 0d 00 0a 00                   b.l.e.....      
0xb626a00	FILE	43790	DATA	fdc.inf_loc	
ff fe 5b 00 53 00 74 00 72 00 69 00 6e 00 67 00 ..[.S.t.r.i.n.g.
73 00 2e 00 30 00 34 00 30 00 39 00 5d 00 0d 00 s...0.4.0.9.]...
0a 00 3b 00 4e 00 6f 00 6e 00 2d 00 6c 00 6f 00 ..;.N.o.n.-.l.o.
63 00 61 00 6c 00 69 00 7a 00 61 00 62 00 6c 00 c.a.l.i.z.a.b.l.
65 00 0d 00 0a 00 4d 00 53 00 46 00 54 00 3d 00 e.....M.S.F.T.=.
22 00 4d 00 69 00 63 00 72 00 6f 00 73 00 6f 00 ".M.i.c.r.o.s.o.
66 00 74 00 22 00 0d 00 0a 00 0d 00 0a 00 3b 00 f.t.".........;.
4c 00 6f 00 63 00 61 00 6c 00 69 00 7a 00 61 00 L.o.c.a.l.i.z.a.
62 00 6c 00 65 00 0d 00 0a 00 47 00 65 00 6e 00 b.l.e.....G.e.n.
4d 00 61 00 6e 00 75 00 66 00 61 00 63 00 74 00 M.a.n.u.f.a.c.t.
75 00 72 00 65 00 72 00 3d 00 22 00 28 00 53 00 u.r.e.r.=.".(.S.
74 00 61 00 6e 00 64 00 61 00 72 00 64 00 20 00 t.a.n.d.a.r.d. .
66 00 6c 00 6f 00 70 00 70 00 79 00 20 00 64 00 f.l.o.p.p.y. .d.
69 00 73 00 6b 00 20 00 63 00 6f 00 6e 00 74 00 i.s.k. .c.o.n.t.
72 00 6f 00 6c 00 6c 00 65 00 72 00 73 00 29 00 r.o.l.l.e.r.s.).
22 00 0d 00 0a 00 66 00 64 00 63 00 5f 00 64 00 ".....f.d.c._.d.
65 00 76 00 64 00 65 00 73 00 63 00 3d 00 22 00 e.v.d.e.s.c.=.".
53 00 74 00 61 00 6e 00 64 00 61 00 72 00 64 00 S.t.a.n.d.a.r.d.
20 00 66 00 6c 00 6f 00 70 00 70 00 79 00 20 00  .f.l.o.p.p.y. .
64 00 69 00 73 00 6b 00 20 00 63 00 6f 00 6e 00 d.i.s.k. .c.o.n.
74 00 72 00 6f 00 6c 00 6c 00 65 00 72 00 22 00 t.r.o.l.l.e.r.".
0d 00 0a 00 66 00 64 00 63 00 5f 00 53 00 65 00 ....f.d.c._.S.e.
72 00 76 00 69 00 63 00 65 00 44 00 65 00 73 00 r.v.i.c.e.D.e.s.
63 00 3d 00 22 00 46 00 6c 00 6f 00 70 00 70 00 c.=.".F.l.o.p.p.
79 00 20 00 44 00 69 00 73 00 6b 00 20 00 43 00 y. .D.i.s.k. .C.
6f 00 6e 00 74 00 72 00 6f 00 6c 00 6c 00 65 00 o.n.t.r.o.l.l.e.
72 00 20 00 44 00 72 00 69 00 76 00 65 00 72 00 r. .D.r.i.v.e.r.
22 00 0d 00 0a 00                               ".....          
0xb646120	FILE	44384	DATA	desktop.ini	
5b 2e 53 68 65 6c 6c 43 6c 61 73 73 49 6e 66 6f [.ShellClassInfo
5d 0d 0a 4c 6f 63 61 6c 69 7a 65 64 52 65 73 6f ]..LocalizedReso
75 72 63 65 4e 61 6d 65 3d 40 25 73 79 73 74 65 urceName=@%syste
6d 72 6f 6f 74 25 5c 73 79 73 74 65 6d 33 32 5c mroot%\system32\
4d 43 54 52 65 73 2e 64 6c 6c 2c 2d 31 39 30 32 MCTRes.dll,-1902
32 35                                           25              
0xb646520	FILE	44385	DATA	desktop.ini	
5b 2e 53 68 65 6c 6c 43 6c 61 73 73 49 6e 66 6f [.ShellClassInfo
5d 0d 0a 4c 6f 63 61 6c 69 7a 65 64 52 65 73 6f ]..LocalizedReso
75 72 63 65 4e 61 6d 65 3d 40 25 73 79 73 74 65 urceName=@%syste
6d 72 6f 6f 74 25 5c 73 79 73 74 65 6d 33 32 5c mroot%\system32\
4d 43 54 52 65 73 2e 64 6c 6c 2c 2d 31 39 30 32 MCTRes.dll,-1902
32 35                                           25              
0xb646920	FILE	44386	DATA	Desktop.ini	
5b 2e 53 68 65 6c 6c 43 6c 61 73 73 49 6e 66 6f [.ShellClassInfo
5d 0d 0a 4c 6f 63 61 6c 69 7a 65 64 52 65 73 6f ]..LocalizedReso
75 72 63 65 4e 61 6d 65 3d 40 25 53 79 73 74 65 urceName=@%Syste
6d 52 6f 6f 74 25 5c 53 79 73 74 65 6d 33 32 5c mRoot%\System32\
74 68 65 6d 65 75 69 2e 64 6c 6c 2c 2d 32 31 30 themeui.dll,-210
35                                              5               
0xb646d20	FILE	44387	DATA	Desktop.ini	
5b 2e 53 68 65 6c 6c 43 6c 61 73 73 49 6e 66 6f [.ShellClassInfo
5d 0d 0a 4c 6f 63 61 6c 69 7a 65 64 52 65 73 6f ]..LocalizedReso
75 72 63 65 4e 61 6d 65 3d 40 25 53 79 73 74 65 urceName=@%Syste
6d 52 6f 6f 74 25 5c 53 79 73 74 65 6d 33 32 5c mRoot%\System32\
74 68 65 6d 65 75 69 2e 64 6c 6c 2c 2d 32 31 30 themeui.dll,-210
35                                              5               
0xb74ba18	FILE	43882	DATA	netimm.inf_loc	
ff fe 5b 00 53 00 74 00 72 00 69 00 6e 00 67 00 ..[.S.t.r.i.n.g.
73 00 2e 00 30 00 34 00 30 00 39 00 5d 00 0d 00 s...0.4.0.9.]...
0a 00 4d 00 53 00 46 00 54 00 20 00 20 00 20 00 ..M.S.F.T. . . .
20 00 20 00 20 00 20 00 20 00 20 00 20 00 20 00  . . . . . . . .
20 00 20 00 20 00 3d 00 20 00 22 00 4d 00 69 00  . . .=. .".M.i.
63 00 72 00 6f 00 73 00 6f 00 66 00 74 00 22 00 c.r.o.s.o.f.t.".
0d 00 0a 00 49 00 42 00 4d 00 20 00 20 00 20 00 ....I.B.M. . . .
20 00 20 00 20 00 20 00 20 00 20 00 20 00 20 00  . . . . . . . .
20 00 20 00 20 00 20 00 3d 00 20 00 22 00 49 00  . . . .=. .".I.
42 00 4d 00 20 00 43 00 6f 00 72 00 70 00 6f 00 B.M. .C.o.r.p.o.
72 00 61 00 74 00 69 00 6f 00 6e 00 22 00 0d 00 r.a.t.i.o.n."...
0a 00 49 00 42 00 4d 00 44 00 65 00 76 00 69 00 ..I.B.M.D.e.v.i.
63 00 65 00 20 00 20 00 20 00 20 00 20 00 20 00 c.e. . . . . . .
20 00 20 00 20 00 3d 00 20 00 22 00 49 00 42 00  . . .=. .".I.B.
4d 00 20 00 55 00 53 00 42 00 20 00 52 00 65 00 M. .U.S.B. .R.e.
6d 00 6f 00 74 00 65 00 20 00 4e 00 44 00 49 00 m.o.t.e. .N.D.I.
53 00 20 00 4e 00 65 00 74 00 77 00 6f 00 72 00 S. .N.e.t.w.o.r.
6b 00 20 00 44 00 65 00 76 00 69 00 63 00 65 00 k. .D.e.v.i.c.e.
22 00 0d 00 0a 00 0d 00 0a 00                   ".........      
0xb8d4228	FILE	43860	DATA	multiprt.inf_loc	
ff fe 5b 00 53 00 74 00 72 00 69 00 6e 00 67 00 ..[.S.t.r.i.n.g.
73 00 2e 00 30 00 34 00 30 00 39 00 5d 00 0d 00 s...0.4.0.9.]...
0a 00 4d 00 53 00 20 00 20 00 3d 00 20 00 22 00 ..M.S. . .=. .".
4d 00 69 00 63 00 72 00 6f 00 73 00 6f 00 66 00 M.i.c.r.o.s.o.f.
74 00 22 00 0d 00 0a 00 4d 00 75 00 6c 00 74 00 t.".....M.u.l.t.
69 00 50 00 6f 00 72 00 74 00 53 00 65 00 72 00 i.P.o.r.t.S.e.r.
69 00 61 00 6c 00 43 00 6c 00 61 00 73 00 73 00 i.a.l.C.l.a.s.s.
4e 00 61 00 6d 00 65 00 20 00 3d 00 20 00 22 00 N.a.m.e. .=. .".
4d 00 75 00 6c 00 74 00 69 00 2d 00 70 00 6f 00 M.u.l.t.i.-.p.o.
72 00 74 00 20 00 73 00 65 00 72 00 69 00 61 00 r.t. .s.e.r.i.a.
6c 00 20 00 61 00 64 00 61 00 70 00 74 00 65 00 l. .a.d.a.p.t.e.
72 00 73 00 22 00 0d 00 0a 00                   r.s.".....      
0xb8d4618	FILE	43861	DATA	ndiscap.inf_loc	
ff fe 5b 00 53 00 74 00 72 00 69 00 6e 00 67 00 ..[.S.t.r.i.n.g.
73 00 2e 00 30 00 34 00 30 00 39 00 5d 00 0d 00 s...0.4.0.9.]...
0a 00 4d 00 73 00 66 00 74 00 20 00 3d 00 20 00 ..M.s.f.t. .=. .
22 00 4d 00 69 00 63 00 72 00 6f 00 73 00 6f 00 ".M.i.c.r.o.s.o.
66 00 74 00 22 00 0d 00 0a 00 4e 00 64 00 69 00 f.t.".....N.d.i.
73 00 43 00 61 00 70 00 5f 00 44 00 65 00 73 00 s.C.a.p._.D.e.s.
63 00 20 00 3d 00 20 00 22 00 4e 00 44 00 49 00 c. .=. .".N.D.I.
53 00 20 00 43 00 61 00 70 00 74 00 75 00 72 00 S. .C.a.p.t.u.r.
65 00 20 00 4c 00 69 00 67 00 68 00 74 00 57 00 e. .L.i.g.h.t.W.
65 00 69 00 67 00 68 00 74 00 20 00 46 00 69 00 e.i.g.h.t. .F.i.
6c 00 74 00 65 00 72 00 22 00 0d 00 0a 00 4e 00 l.t.e.r.".....N.
64 00 69 00 73 00 43 00 61 00 70 00 5f 00 48 00 d.i.s.C.a.p._.H.
65 00 6c 00 70 00 54 00 65 00 78 00 74 00 20 00 e.l.p.T.e.x.t. .
3d 00 20 00 22 00 50 00 61 00 63 00 6b 00 65 00 =. .".P.a.c.k.e.
74 00 20 00 43 00 61 00 70 00 74 00 75 00 72 00 t. .C.a.p.t.u.r.
65 00 20 00 46 00 69 00 6c 00 74 00 65 00 72 00 e. .F.i.l.t.e.r.
20 00 44 00 72 00 69 00 76 00 65 00 72 00 22 00  .D.r.i.v.e.r.".
0d 00 0a 00                                     ....            
0xb8d4a18	FILE	43862	DATA	ndisuio.inf_loc	
ff fe 5b 00 53 00 74 00 72 00 69 00 6e 00 67 00 ..[.S.t.r.i.n.g.
73 00 2e 00 30 00 34 00 30 00 39 00 5d 00 0d 00 s...0.4.0.9.]...
0a 00 3b 00 4c 00 6f 00 63 00 61 00 6c 00 69 00 ..;.L.o.c.a.l.i.
7a 00 61 00 62 00 6c 00 65 00 0d 00 0a 00 4d 00 z.a.b.l.e.....M.
73 00 66 00 74 00 20 00 3d 00 20 00 22 00 4d 00 s.f.t. .=. .".M.
69 00 63 00 72 00 6f 00 73 00 6f 00 66 00 74 00 i.c.r.o.s.o.f.t.
22 00 0d 00 0a 00 4e 00 44 00 49 00 53 00 55 00 ".....N.D.I.S.U.
49 00 4f 00 5f 00 44 00 65 00 73 00 63 00 20 00 I.O._.D.e.s.c. .
3d 00 20 00 22 00 4e 00 44 00 49 00 53 00 20 00 =. .".N.D.I.S. .
55 00 73 00 65 00 72 00 6d 00 6f 00 64 00 65 00 U.s.e.r.m.o.d.e.
20 00 49 00 2f 00 4f 00 20 00 50 00 72 00 6f 00  .I./.O. .P.r.o.
74 00 6f 00 63 00 6f 00 6c 00 22 00 0d 00 0a 00 t.o.c.o.l.".....
0d 00 0a 00 0d 00 0a 00 0d 00 0a 00 0d 00 0a 00 ................
0xb9f3520	FILE	44509	DATA	Desktop.ini	
ff fe 5b 00 2e 00 53 00 68 00 65 00 6c 00 6c 00 ..[...S.h.e.l.l.
43 00 6c 00 61 00 73 00 73 00 49 00 6e 00 66 00 C.l.a.s.s.I.n.f.
6f 00 5d 00 0d 00 0a 00 4c 00 6f 00 63 00 61 00 o.].....L.o.c.a.
6c 00 69 00 7a 00 65 00 64 00 52 00 65 00 73 00 l.i.z.e.d.R.e.s.
6f 00 75 00 72 00 63 00 65 00 4e 00 61 00 6d 00 o.u.r.c.e.N.a.m.
65 00 3d 00 40 00 25 00 53 00 79 00 73 00 74 00 e.=.@.%.S.y.s.t.
65 00 6d 00 52 00 6f 00 6f 00 74 00 25 00 5c 00 e.m.R.o.o.t.%.\.
73 00 79 00 73 00 74 00 65 00 6d 00 33 00 32 00 s.y.s.t.e.m.3.2.
5c 00 73 00 68 00 65 00 6c 00 6c 00 33 00 32 00 \.s.h.e.l.l.3.2.
2e 00 64 00 6c 00 6c 00 2c 00 2d 00 32 00 31 00 ..d.l.l.,.-.2.1.
38 00 31 00 31 00 0d 00 0a 00 5b 00 4c 00 6f 00 8.1.1.....[.L.o.
63 00 61 00 6c 00 69 00 7a 00 65 00 64 00 46 00 c.a.l.i.z.e.d.F.
69 00 6c 00 65 00 4e 00 61 00 6d 00 65 00 73 00 i.l.e.N.a.m.e.s.
5d 00 0d 00 0a 00 43 00 72 00 65 00 61 00 74 00 ].....C.r.e.a.t.
65 00 20 00 52 00 65 00 63 00 6f 00 76 00 65 00 e. .R.e.c.o.v.e.
72 00 79 00 20 00 44 00 69 00 73 00 63 00 2e 00 r.y. .D.i.s.c...
6c 00 6e 00 6b 00 3d 00 40 00 25 00 73 00 79 00 l.n.k.=.@.%.s.y.
73 00 74 00 65 00 6d 00 72 00 6f 00 6f 00 74 00 s.t.e.m.r.o.o.t.
25 00 5c 00 73 00 79 00 73 00 74 00 65 00 6d 00 %.\.s.y.s.t.e.m.
33 00 32 00 5c 00 72 00 65 00 63 00 64 00 69 00 3.2.\.r.e.c.d.i.
73 00 63 00 2e 00 65 00 78 00 65 00 2c 00 2d 00 s.c...e.x.e.,.-.
32 00 30 00 30 00 30 00 0d 00 0a 00 42 00 61 00 2.0.0.0.....B.a.
63 00 6b 00 75 00 70 00 20 00 61 00 6e 00 64 00 c.k.u.p. .a.n.d.
20 00 52 00 65 00 73 00 74 00 6f 00 72 00 65 00  .R.e.s.t.o.r.e.
20 00 43 00 65 00 6e 00 74 00 65 00 72 00 2e 00  .C.e.n.t.e.r...
6c 00 6e 00 6b 00 3d 00 40 00 25 00 73 00 79 00 l.n.k.=.@.%.s.y.
73 00 74 00 65 00 6d 00 72 00 6f 00 6f 00 74 00 s.t.e.m.r.o.o.t.
25 00 5c 00 73 00 79 00 73 00 74 00 65 00 6d 00 %.\.s.y.s.t.e.m.
33 00 32 00 5c 00 73 00 64 00 63 00 70 00 6c 00 3.2.\.s.d.c.p.l.
2e 00 64 00 6c 00 6c 00 2c 00 2d 00 31 00 30 00 ..d.l.l.,.-.1.0.
31 00 0d 00 0a 00 52 00 65 00 6d 00 6f 00 74 00 1.....R.e.m.o.t.
65 00 20 00 41 00 73 00 73 00 69 00 73 00 74 00 e. .A.s.s.i.s.t.
61 00 6e 00 63 00 65 00 2e 00 6c 00 6e 00 6b 00 a.n.c.e...l.n.k.
3d 00 40 00 25 00 53 00 79 00 73 00 74 00 65 00 =.@.%.S.y.s.t.e.
6d 00 52 00 6f 00 6f 00 74 00 25 00 5c 00 73 00 m.R.o.o.t.%.\.s.
79 00 73 00 74 00 65 00 6d 00 33 00 32 00 5c 00 y.s.t.e.m.3.2.\.
6d 00 73 00 72 00 61 00 2e 00 65 00 78 00 65 00 m.s.r.a...e.x.e.
2c 00 2d 00 31 00 30 00 30 00 0d 00 0a 00       ,.-.1.0.0.....  
0xb9f3d20	FILE	44511	DATA	desktop.ini	
ff fe 0d 00 0a 00 5b 00 2e 00 53 00 68 00 65 00 ......[...S.h.e.
6c 00 6c 00 43 00 6c 00 61 00 73 00 73 00 49 00 l.l.C.l.a.s.s.I.
6e 00 66 00 6f 00 5d 00 0d 00 0a 00 4c 00 6f 00 n.f.o.].....L.o.
63 00 61 00 6c 00 69 00 7a 00 65 00 64 00 52 00 c.a.l.i.z.e.d.R.
65 00 73 00 6f 00 75 00 72 00 63 00 65 00 4e 00 e.s.o.u.r.c.e.N.
61 00 6d 00 65 00 3d 00 40 00 25 00 53 00 79 00 a.m.e.=.@.%.S.y.
73 00 74 00 65 00 6d 00 52 00 6f 00 6f 00 74 00 s.t.e.m.R.o.o.t.
25 00 5c 00 73 00 79 00 73 00 74 00 65 00 6d 00 %.\.s.y.s.t.e.m.
33 00 32 00 5c 00 73 00 68 00 65 00 6c 00 6c 00 3.2.\.s.h.e.l.l.
33 00 32 00 2e 00 64 00 6c 00 6c 00 2c 00 2d 00 3.2...d.l.l.,.-.
32 00 31 00 38 00 31 00 33 00 0d 00 0a 00       2.1.8.1.3.....  
0xba27a70	FILE	66850	DATA	amd64_microsoft-windows-sendmail_31bf3856ad364e35_6.1.7600.16385_none_b6de6c0835b43484_mailrecipient.mapimail_d3a49bc0	
4d 61 69 6c                                     Mail            
0xba27db0	FILE	66851	DATA	Mail Recipient.MAPIMail	
4d 61 69 6c                                     Mail            
0xbc89120	FILE	83404	DATA	UMDCSEC.dat	-
0xbc89da8	FILE	83407	DATA	UsrClass.dat.LOG2	-
0xbcd9218	FILE	43912	DATA	netserv.inf_loc	
ff fe 5b 00 53 00 74 00 72 00 69 00 6e 00 67 00 ..[.S.t.r.i.n.g.
73 00 2e 00 30 00 34 00 30 00 39 00 5d 00 0d 00 s...0.4.0.9.]...
0a 00 3b 00 20 00 6c 00 6f 00 63 00 61 00 6c 00 ..;. .l.o.c.a.l.
69 00 7a 00 61 00 62 00 6c 00 65 00 0d 00 0a 00 i.z.a.b.l.e.....
4d 00 73 00 66 00 74 00 20 00 3d 00 20 00 22 00 M.s.f.t. .=. .".
4d 00 69 00 63 00 72 00 6f 00 73 00 6f 00 66 00 M.i.c.r.o.s.o.f.
74 00 22 00 0d 00 0a 00 0d 00 0a 00 3b 00 20 00 t.".........;. .
43 00 6f 00 6d 00 70 00 6f 00 6e 00 65 00 6e 00 C.o.m.p.o.n.e.n.
74 00 20 00 64 00 65 00 73 00 63 00 72 00 69 00 t. .d.e.s.c.r.i.
70 00 74 00 69 00 6f 00 6e 00 0d 00 0a 00 4d 00 p.t.i.o.n.....M.
53 00 53 00 65 00 72 00 76 00 65 00 72 00 5f 00 S.S.e.r.v.e.r._.
44 00 65 00 73 00 63 00 20 00 3d 00 20 00 22 00 D.e.s.c. .=. .".
46 00 69 00 6c 00 65 00 20 00 61 00 6e 00 64 00 F.i.l.e. .a.n.d.
20 00 50 00 72 00 69 00 6e 00 74 00 65 00 72 00  .P.r.i.n.t.e.r.
20 00 53 00 68 00 61 00 72 00 69 00 6e 00 67 00  .S.h.a.r.i.n.g.
20 00 66 00 6f 00 72 00 20 00 4d 00 69 00 63 00  .f.o.r. .M.i.c.
72 00 6f 00 73 00 6f 00 66 00 74 00 20 00 4e 00 r.o.s.o.f.t. .N.
65 00 74 00 77 00 6f 00 72 00 6b 00 73 00 22 00 e.t.w.o.r.k.s.".
0d 00 0a 00 0d 00 0a 00                         ........        
0xbcd9628	FILE	43913	DATA	netsstpa.inf_loc	
ff fe 5b 00 53 00 74 00 72 00 69 00 6e 00 67 00 ..[.S.t.r.i.n.g.
73 00 2e 00 30 00 34 00 30 00 39 00 5d 00 0d 00 s...0.4.0.9.]...
0a 00 4d 00 73 00 66 00 74 00 20 00 3d 00 20 00 ..M.s.f.t. .=. .
22 00 4d 00 69 00 63 00 72 00 6f 00 73 00 6f 00 ".M.i.c.r.o.s.o.
66 00 74 00 22 00 0d 00 0a 00 0d 00 0a 00 4d 00 f.t.".........M.
70 00 2d 00 53 00 73 00 74 00 70 00 2d 00 44 00 p.-.S.s.t.p.-.D.
69 00 73 00 70 00 4e 00 61 00 6d 00 65 00 20 00 i.s.p.N.a.m.e. .
20 00 20 00 20 00 20 00 20 00 20 00 20 00 20 00  . . . . . . . .
20 00 20 00 20 00 3d 00 20 00 22 00 57 00 41 00  . . .=. .".W.A.
4e 00 20 00 4d 00 69 00 6e 00 69 00 70 00 6f 00 N. .M.i.n.i.p.o.
72 00 74 00 20 00 28 00 53 00 53 00 54 00 50 00 r.t. .(.S.S.T.P.
29 00 22 00 0d 00 0a 00 0d 00 0a 00 0d 00 0a 00 ).".............
0xbcd9a28	FILE	43914	DATA	netsstpt.inf_loc	
ff fe 5b 00 53 00 74 00 72 00 69 00 6e 00 67 00 ..[.S.t.r.i.n.g.
73 00 2e 00 30 00 34 00 30 00 39 00 5d 00 0d 00 s...0.4.0.9.]...
0a 00 4d 00 73 00 66 00 74 00 20 00 3d 00 20 00 ..M.s.f.t. .=. .
22 00 4d 00 69 00 63 00 72 00 6f 00 73 00 6f 00 ".M.i.c.r.o.s.o.
66 00 74 00 22 00 0d 00 0a 00 0d 00 0a 00 53 00 f.t.".........S.
73 00 74 00 70 00 2d 00 44 00 69 00 73 00 70 00 s.t.p.-.D.i.s.p.
4e 00 61 00 6d 00 65 00 20 00 20 00 20 00 20 00 N.a.m.e. . . . .
20 00 20 00 20 00 20 00 20 00 20 00 20 00 20 00  . . . . . . . .
20 00 20 00 20 00 3d 00 20 00 22 00 53 00 53 00  . . .=. .".S.S.
54 00 50 00 20 00 62 00 61 00 73 00 65 00 64 00 T.P. .b.a.s.e.d.
20 00 56 00 50 00 4e 00 22 00 0d 00 0a 00        .V.P.N.".....  
0xbf18520	FILE	83361	DATA	Help.lnk	
4c 00 00 00 01 14 02 00 00 00 00 00 c0 00 00 00 L...............
00 00 00 46 c5 01 00 00 00 00 00 00 00 00 00 00 ...F............
00 00 00 00 00 00 00 00 00 00 00 00 00 00 00 00 ................
00 00 00 00 00 00 00 00 e8 ff ff ff 01 00 00 00 ................
00 00 00 00 00 00 00 00 00 00 00 00 16 00 14 00 ................
1f 80 f1 a1 59 25 d7 21 d4 11 bd af 00 c0 4f 60 ....Y%.!......O`
b9 f0 00 00 1c 00 40 00 25 00 77 00 69 00 6e 00 ......@.%.w.i.n.
64 00 69 00 72 00 25 00 5c 00 65 00 78 00 70 00 d.i.r.%.\.e.x.p.
6c 00 6f 00 72 00 65 00 72 00 2e 00 65 00 78 00 l.o.r.e.r...e.x.
65 00 2c 00 2d 00 37 00 30 00 30 00 31 00 1d 00 e.,.-.7.0.0.1...
25 00 77 00 69 00 6e 00 64 00 69 00 72 00 25 00 %.w.i.n.d.i.r.%.
5c 00 73 00 79 00 73 00 74 00 65 00 6d 00 33 00 \.s.y.s.t.e.m.3.
32 00 5c 00 73 00 68 00 65 00 6c 00 6c 00 33 00 2.\.s.h.e.l.l.3.
32 00 2e 00 64 00 6c 00 6c 00 28 00 00 00 09 00 2...d.l.l.(.....
00 a0 1c 00 00 00 31 53 50 53 e2 8a 58 46 bc 4c ......1SPS..XF.L
38 43 bb fc 13 93 26 98 6d ce 00 00 00 00 00 00 8C....&.m.......
00 00 00 00 00 00                               ......          
0xbf18920	FILE	83362	DATA	Desktop.ini	
ff fe 5b 00 2e 00 53 00 68 00 65 00 6c 00 6c 00 ..[...S.h.e.l.l.
43 00 6c 00 61 00 73 00 73 00 49 00 6e 00 66 00 C.l.a.s.s.I.n.f.
6f 00 5d 00 0d 00 0a 00 4c 00 6f 00 63 00 61 00 o.].....L.o.c.a.
6c 00 69 00 7a 00 65 00 64 00 52 00 65 00 73 00 l.i.z.e.d.R.e.s.
6f 00 75 00 72 00 63 00 65 00 4e 00 61 00 6d 00 o.u.r.c.e.N.a.m.
65 00 3d 00 40 00 25 00 53 00 79 00 73 00 74 00 e.=.@.%.S.y.s.t.
65 00 6d 00 52 00 6f 00 6f 00 74 00 25 00 5c 00 e.m.R.o.o.t.%.\.
73 00 79 00 73 00 74 00 65 00 6d 00 33 00 32 00 s.y.s.t.e.m.3.2.
5c 00 73 00 68 00 65 00 6c 00 6c 00 33 00 32 00 \.s.h.e.l.l.3.2.
2e 00 64 00 6c 00 6c 00 2c 00 2d 00 32 00 31 00 ..d.l.l.,.-.2.1.
38 00 31 00 31 00 0d 00 0a 00 5b 00 4c 00 6f 00 8.1.1.....[.L.o.
63 00 61 00 6c 00 69 00 7a 00 65 00 64 00 46 00 c.a.l.i.z.e.d.F.
69 00 6c 00 65 00 4e 00 61 00 6d 00 65 00 73 00 i.l.e.N.a.m.e.s.
5d 00 0d 00 0a 00 48 00 65 00 6c 00 70 00 2e 00 ].....H.e.l.p...
6c 00 6e 00 6b 00 3d 00 40 00 25 00 53 00 79 00 l.n.k.=.@.%.S.y.
73 00 74 00 65 00 6d 00 52 00 6f 00 6f 00 74 00 s.t.e.m.R.o.o.t.
25 00 5c 00 73 00 79 00 73 00 74 00 65 00 6d 00 %.\.s.y.s.t.e.m.
33 00 32 00 5c 00 73 00 68 00 65 00 6c 00 6c 00 3.2.\.s.h.e.l.l.
33 00 32 00 2e 00 64 00 6c 00 6c 00 2c 00 2d 00 3.2...d.l.l.,.-.
31 00 32 00 37 00 30 00 39 00 0d 00 0a 00       1.2.7.0.9.....  
0xbf56228	FILE	43896	DATA	netpacer.inf_loc	
ff fe 5b 00 53 00 74 00 72 00 69 00 6e 00 67 00 ..[.S.t.r.i.n.g.
73 00 2e 00 30 00 34 00 30 00 39 00 5d 00 0d 00 s...0.4.0.9.]...
0a 00 4d 00 73 00 66 00 74 00 20 00 3d 00 20 00 ..M.s.f.t. .=. .
22 00 4d 00 69 00 63 00 72 00 6f 00 73 00 6f 00 ".M.i.c.r.o.s.o.
66 00 74 00 22 00 0d 00 0a 00 50 00 53 00 43 00 f.t.".....P.S.C.
48 00 45 00 44 00 5f 00 44 00 65 00 73 00 63 00 H.E.D._.D.e.s.c.
20 00 3d 00 20 00 22 00 51 00 6f 00 53 00 20 00  .=. .".Q.o.S. .
50 00 61 00 63 00 6b 00 65 00 74 00 20 00 53 00 P.a.c.k.e.t. .S.
63 00 68 00 65 00 64 00 75 00 6c 00 65 00 72 00 c.h.e.d.u.l.e.r.
22 00 0d 00 0a 00                               ".....          
0xbf7d120	FILE	44484	DATA	desktop.ini	
5b 4c 6f 63 61 6c 69 7a 65 64 46 69 6c 65 4e 61 [LocalizedFileNa
6d 65 73 5d 0d 0a 4b 61 6c 69 6d 62 61 2e 6d 70 mes]..Kalimba.mp
33 3d 40 25 73 79 73 74 65 6d 72 6f 6f 74 25 5c 3=@%systemroot%\
73 79 73 74 65 6d 33 32 5c 53 61 6d 70 6c 65 52 system32\SampleR
65 73 2e 64 6c 6c 2c 2d 31 31 36 0d 0a 4d 61 69 es.dll,-116..Mai
64 20 77 69 74 68 20 74 68 65 20 46 6c 61 78 65 d with the Flaxe
6e 20 48 61 69 72 2e 6d 70 33 3d 40 25 73 79 73 n Hair.mp3=@%sys
74 65 6d 72 6f 6f 74 25 5c 73 79 73 74 65 6d 33 temroot%\system3
32 5c 53 61 6d 70 6c 65 52 65 73 2e 64 6c 6c 2c 2\SampleRes.dll,
2d 31 31 37 0d 0a 53 6c 65 65 70 20 41 77 61 79 -117..Sleep Away
2e 6d 70 33 3d 40 25 73 79 73 74 65 6d 72 6f 6f .mp3=@%systemroo
74 25 5c 73 79 73 74 65 6d 33 32 5c 53 61 6d 70 t%\system32\Samp
6c 65 52 65 73 2e 64 6c 6c 2c 2d 31 31 38 0d 0a leRes.dll,-118..
0xbf7d920	FILE	44486	DATA	desktop.ini	
5b 4c 6f 63 61 6c 69 7a 65 64 46 69 6c 65 4e 61 [LocalizedFileNa
6d 65 73 5d 0d 0a 50 75 72 62 6c 65 50 6c 61 63 mes]..PurblePlac
65 4d 43 45 2e 6c 6e 6b 3d 40 25 50 72 6f 67 72 eMCE.lnk=@%Progr
61 6d 46 69 6c 65 73 25 5c 4d 69 63 72 6f 73 6f amFiles%\Microso
66 74 20 47 61 6d 65 73 5c 50 75 72 62 6c 65 20 ft Games\Purble 
50 6c 61 63 65 5c 50 75 72 62 6c 65 50 6c 61 63 Place\PurblePlac
65 2e 65 78 65 2c 2d 32 35 36 0d 0a             e.exe,-256..    
0xc05f618	FILE	43905	DATA	netrass.inf_loc	
ff fe 5b 00 53 00 74 00 72 00 69 00 6e 00 67 00 ..[.S.t.r.i.n.g.
73 00 2e 00 30 00 34 00 30 00 39 00 5d 00 0d 00 s...0.4.0.9.]...
0a 00 4d 00 73 00 66 00 74 00 20 00 3d 00 20 00 ..M.s.f.t. .=. .
22 00 4d 00 69 00 63 00 72 00 6f 00 73 00 6f 00 ".M.i.c.r.o.s.o.
66 00 74 00 22 00 0d 00 0a 00 52 00 61 00 73 00 f.t.".....R.a.s.
4d 00 61 00 6e 00 2d 00 44 00 69 00 73 00 70 00 M.a.n.-.D.i.s.p.
4e 00 61 00 6d 00 65 00 20 00 20 00 20 00 20 00 N.a.m.e. . . . .
20 00 20 00 20 00 20 00 20 00 20 00 20 00 20 00  . . . . . . . .
20 00 3d 00 20 00 22 00 52 00 65 00 6d 00 6f 00  .=. .".R.e.m.o.
74 00 65 00 20 00 41 00 63 00 63 00 65 00 73 00 t.e. .A.c.c.e.s.
73 00 20 00 43 00 6f 00 6e 00 6e 00 65 00 63 00 s. .C.o.n.n.e.c.
74 00 69 00 6f 00 6e 00 20 00 4d 00 61 00 6e 00 t.i.o.n. .M.a.n.
61 00 67 00 65 00 72 00 22 00 0d 00 0a 00 52 00 a.g.e.r.".....R.
61 00 73 00 53 00 72 00 76 00 2d 00 44 00 69 00 a.s.S.r.v.-.D.i.
73 00 70 00 4e 00 61 00 6d 00 65 00 20 00 20 00 s.p.N.a.m.e. . .
20 00 20 00 20 00 20 00 20 00 20 00 20 00 20 00  . . . . . . . .
20 00 20 00 20 00 3d 00 20 00 22 00 44 00 69 00  . . .=. .".D.i.
61 00 6c 00 2d 00 55 00 70 00 20 00 53 00 65 00 a.l.-.U.p. .S.e.
72 00 76 00 65 00 72 00 22 00 0d 00 0a 00 53 00 r.v.e.r.".....S.
74 00 65 00 65 00 6c 00 68 00 65 00 61 00 64 00 t.e.e.l.h.e.a.d.
2d 00 44 00 69 00 73 00 70 00 4e 00 61 00 6d 00 -.D.i.s.p.N.a.m.
65 00 20 00 20 00 20 00 20 00 20 00 20 00 20 00 e. . . . . . . .
20 00 20 00 20 00 3d 00 20 00 22 00 53 00 74 00  . . .=. .".S.t.
65 00 65 00 6c 00 68 00 65 00 61 00 64 00 22 00 e.e.l.h.e.a.d.".
0d 00 0a 00 0d 00 0a 00                         ........        
0xc277920	FILE	83530	DATA	desktop.ini	
ff fe 0d 00 0a 00 5b 00 2e 00 53 00 68 00 65 00 ......[...S.h.e.
6c 00 6c 00 43 00 6c 00 61 00 73 00 73 00 49 00 l.l.C.l.a.s.s.I.
6e 00 66 00 6f 00 5d 00 0d 00 0a 00 4c 00 6f 00 n.f.o.].....L.o.
63 00 61 00 6c 00 69 00 7a 00 65 00 64 00 52 00 c.a.l.i.z.e.d.R.
65 00 73 00 6f 00 75 00 72 00 63 00 65 00 4e 00 e.s.o.u.r.c.e.N.
61 00 6d 00 65 00 3d 00 40 00 25 00 53 00 79 00 a.m.e.=.@.%.S.y.
73 00 74 00 65 00 6d 00 52 00 6f 00 6f 00 74 00 s.t.e.m.R.o.o.t.
25 00 5c 00 73 00 79 00 73 00 74 00 65 00 6d 00 %.\.s.y.s.t.e.m.
33 00 32 00 5c 00 73 00 68 00 65 00 6c 00 6c 00 3.2.\.s.h.e.l.l.
33 00 32 00 2e 00 64 00 6c 00 6c 00 2c 00 2d 00 3.2...d.l.l.,.-.
32 00 31 00 37 00 37 00 39 00 0d 00 0a 00 49 00 2.1.7.7.9.....I.
6e 00 66 00 6f 00 54 00 69 00 70 00 3d 00 40 00 n.f.o.T.i.p.=.@.
25 00 53 00 79 00 73 00 74 00 65 00 6d 00 52 00 %.S.y.s.t.e.m.R.
6f 00 6f 00 74 00 25 00 5c 00 73 00 79 00 73 00 o.o.t.%.\.s.y.s.
74 00 65 00 6d 00 33 00 32 00 5c 00 73 00 68 00 t.e.m.3.2.\.s.h.
65 00 6c 00 6c 00 33 00 32 00 2e 00 64 00 6c 00 e.l.l.3.2...d.l.
6c 00 2c 00 2d 00 31 00 32 00 36 00 38 00 38 00 l.,.-.1.2.6.8.8.
0d 00 0a 00 49 00 63 00 6f 00 6e 00 52 00 65 00 ....I.c.o.n.R.e.
73 00 6f 00 75 00 72 00 63 00 65 00 3d 00 25 00 s.o.u.r.c.e.=.%.
53 00 79 00 73 00 74 00 65 00 6d 00 52 00 6f 00 S.y.s.t.e.m.R.o.
6f 00 74 00 25 00 5c 00 73 00 79 00 73 00 74 00 o.t.%.\.s.y.s.t.
65 00 6d 00 33 00 32 00 5c 00 69 00 6d 00 61 00 e.m.3.2.\.i.m.a.
67 00 65 00 72 00 65 00 73 00 2e 00 64 00 6c 00 g.e.r.e.s...d.l.
6c 00 2c 00 2d 00 31 00 31 00 33 00 0d 00 0a 00 l.,.-.1.1.3.....
49 00 63 00 6f 00 6e 00 46 00 69 00 6c 00 65 00 I.c.o.n.F.i.l.e.
3d 00 25 00 53 00 79 00 73 00 74 00 65 00 6d 00 =.%.S.y.s.t.e.m.
52 00 6f 00 6f 00 74 00 25 00 5c 00 73 00 79 00 R.o.o.t.%.\.s.y.
73 00 74 00 65 00 6d 00 33 00 32 00 5c 00 73 00 s.t.e.m.3.2.\.s.
68 00 65 00 6c 00 6c 00 33 00 32 00 2e 00 64 00 h.e.l.l.3.2...d.
6c 00 6c 00 0d 00 0a 00 49 00 63 00 6f 00 6e 00 l.l.....I.c.o.n.
49 00 6e 00 64 00 65 00 78 00 3d 00 2d 00 32 00 I.n.d.e.x.=.-.2.
33 00 36 00 0d 00 0a 00                         3.6.....        
0xc277d20	FILE	83531	DATA	desktop.ini	
ff fe 0d 00 0a 00 5b 00 2e 00 53 00 68 00 65 00 ......[...S.h.e.
6c 00 6c 00 43 00 6c 00 61 00 73 00 73 00 49 00 l.l.C.l.a.s.s.I.
6e 00 66 00 6f 00 5d 00 0d 00 0a 00 4c 00 6f 00 n.f.o.].....L.o.
63 00 61 00 6c 00 69 00 7a 00 65 00 64 00 52 00 c.a.l.i.z.e.d.R.
65 00 73 00 6f 00 75 00 72 00 63 00 65 00 4e 00 e.s.o.u.r.c.e.N.
61 00 6d 00 65 00 3d 00 40 00 25 00 53 00 79 00 a.m.e.=.@.%.S.y.
73 00 74 00 65 00 6d 00 52 00 6f 00 6f 00 74 00 s.t.e.m.R.o.o.t.
25 00 5c 00 73 00 79 00 73 00 74 00 65 00 6d 00 %.\.s.y.s.t.e.m.
33 00 32 00 5c 00 73 00 68 00 65 00 6c 00 6c 00 3.2.\.s.h.e.l.l.
33 00 32 00 2e 00 64 00 6c 00 6c 00 2c 00 2d 00 3.2...d.l.l.,.-.
32 00 31 00 37 00 36 00 39 00 0d 00 0a 00 49 00 2.1.7.6.9.....I.
63 00 6f 00 6e 00 52 00 65 00 73 00 6f 00 75 00 c.o.n.R.e.s.o.u.
72 00 63 00 65 00 3d 00 25 00 53 00 79 00 73 00 r.c.e.=.%.S.y.s.
74 00 65 00 6d 00 52 00 6f 00 6f 00 74 00 25 00 t.e.m.R.o.o.t.%.
5c 00 73 00 79 00 73 00 74 00 65 00 6d 00 33 00 \.s.y.s.t.e.m.3.
32 00 5c 00 69 00 6d 00 61 00 67 00 65 00 72 00 2.\.i.m.a.g.e.r.
65 00 73 00 2e 00 64 00 6c 00 6c 00 2c 00 2d 00 e.s...d.l.l.,.-.
31 00 38 00 33 00 0d 00 0a 00                   1.8.3.....      
0xc461a18	FILE	43890	DATA	netloop.inf_loc	
ff fe 5b 00 53 00 74 00 72 00 69 00 6e 00 67 00 ..[.S.t.r.i.n.g.
73 00 2e 00 30 00 34 00 30 00 39 00 5d 00 0d 00 s...0.4.0.9.]...
0a 00 3b 00 4c 00 6f 00 63 00 61 00 6c 00 69 00 ..;.L.o.c.a.l.i.
7a 00 61 00 62 00 6c 00 65 00 0d 00 0a 00 4d 00 z.a.b.l.e.....M.
73 00 66 00 74 00 20 00 3d 00 20 00 22 00 4d 00 s.f.t. .=. .".M.
69 00 63 00 72 00 6f 00 73 00 6f 00 66 00 74 00 i.c.r.o.s.o.f.t.
22 00 0d 00 0a 00 0d 00 0a 00 4e 00 65 00 74 00 ".........N.e.t.
77 00 6f 00 72 00 6b 00 41 00 64 00 64 00 72 00 w.o.r.k.A.d.d.r.
65 00 73 00 73 00 20 00 20 00 20 00 20 00 20 00 e.s.s. . . . . .
20 00 20 00 20 00 20 00 20 00 20 00 3d 00 20 00  . . . . . .=. .
22 00 4e 00 65 00 74 00 77 00 6f 00 72 00 6b 00 ".N.e.t.w.o.r.k.
20 00 41 00 64 00 64 00 72 00 65 00 73 00 73 00  .A.d.d.r.e.s.s.
22 00 0d 00 0a 00 0d 00 0a 00 4d 00 53 00 4c 00 ".........M.S.L.
4f 00 4f 00 50 00 2e 00 44 00 65 00 76 00 69 00 O.O.P...D.e.v.i.
63 00 65 00 44 00 65 00 73 00 63 00 20 00 20 00 c.e.D.e.s.c. . .
20 00 20 00 20 00 20 00 20 00 20 00 3d 00 20 00  . . . . . .=. .
22 00 4d 00 69 00 63 00 72 00 6f 00 73 00 6f 00 ".M.i.c.r.o.s.o.
66 00 74 00 20 00 4c 00 6f 00 6f 00 70 00 62 00 f.t. .L.o.o.p.b.
61 00 63 00 6b 00 20 00 41 00 64 00 61 00 70 00 a.c.k. .A.d.a.p.
74 00 65 00 72 00 22 00 0d 00 0a 00 6d 00 73 00 t.e.r.".....m.s.
6c 00 6f 00 6f 00 70 00 2e 00 53 00 65 00 72 00 l.o.o.p...S.e.r.
76 00 69 00 63 00 65 00 2e 00 44 00 69 00 73 00 v.i.c.e...D.i.s.
70 00 4e 00 61 00 6d 00 65 00 20 00 20 00 3d 00 p.N.a.m.e. . .=.
20 00 22 00 4d 00 69 00 63 00 72 00 6f 00 73 00  .".M.i.c.r.o.s.
6f 00 66 00 74 00 20 00 4c 00 6f 00 6f 00 70 00 o.f.t. .L.o.o.p.
62 00 61 00 63 00 6b 00 20 00 41 00 64 00 61 00 b.a.c.k. .A.d.a.
70 00 74 00 65 00 72 00 20 00 44 00 72 00 69 00 p.t.e.r. .D.r.i.
76 00 65 00 72 00 22 00 0d 00 0a 00 0d 00 0a 00 v.e.r.".........
0xc461e28	FILE	43891	DATA	netmscli.inf_loc	
ff fe 5b 00 53 00 74 00 72 00 69 00 6e 00 67 00 ..[.S.t.r.i.n.g.
73 00 2e 00 30 00 34 00 30 00 39 00 5d 00 0d 00 s...0.4.0.9.]...
0a 00 3b 00 4c 00 6f 00 63 00 61 00 6c 00 69 00 ..;.L.o.c.a.l.i.
7a 00 61 00 62 00 6c 00 65 00 0d 00 0a 00 4d 00 z.a.b.l.e.....M.
73 00 66 00 74 00 20 00 3d 00 20 00 22 00 4d 00 s.f.t. .=. .".M.
69 00 63 00 72 00 6f 00 73 00 6f 00 66 00 74 00 i.c.r.o.s.o.f.t.
22 00 0d 00 0a 00 0d 00 0a 00 4d 00 53 00 43 00 ".........M.S.C.
6c 00 69 00 65 00 6e 00 74 00 5f 00 44 00 65 00 l.i.e.n.t._.D.e.
73 00 63 00 20 00 3d 00 20 00 22 00 43 00 6c 00 s.c. .=. .".C.l.
69 00 65 00 6e 00 74 00 20 00 66 00 6f 00 72 00 i.e.n.t. .f.o.r.
20 00 4d 00 69 00 63 00 72 00 6f 00 73 00 6f 00  .M.i.c.r.o.s.o.
66 00 74 00 20 00 4e 00 65 00 74 00 77 00 6f 00 f.t. .N.e.t.w.o.
72 00 6b 00 73 00 22 00 0d 00 0a 00 0d 00 0a 00 r.k.s.".........
3b 00 20 00 53 00 65 00 72 00 76 00 69 00 63 00 ;. .S.e.r.v.i.c.
65 00 20 00 6e 00 61 00 6d 00 65 00 73 00 0d 00 e. .n.a.m.e.s...
0a 00 4c 00 61 00 6e 00 6d 00 61 00 6e 00 50 00 ..L.a.n.m.a.n.P.
72 00 69 00 6e 00 74 00 50 00 72 00 6f 00 76 00 r.i.n.t.P.r.o.v.
69 00 64 00 65 00 72 00 20 00 3d 00 20 00 22 00 i.d.e.r. .=. .".
4c 00 61 00 6e 00 4d 00 61 00 6e 00 20 00 50 00 L.a.n.M.a.n. .P.
72 00 69 00 6e 00 74 00 20 00 53 00 65 00 72 00 r.i.n.t. .S.e.r.
76 00 69 00 63 00 65 00 73 00 22 00 0d 00 0a 00 v.i.c.e.s.".....
0xc5a35d8	FILE	84041	DATA	tmp.edb	-
0xc5eda28	FILE	44042	DATA	rndiscmp.inf_loc	
ff fe 5b 00 53 00 74 00 72 00 69 00 6e 00 67 00 ..[.S.t.r.i.n.g.
73 00 2e 00 30 00 34 00 30 00 39 00 5d 00 0d 00 s...0.4.0.9.]...
0a 00 4d 00 69 00 63 00 72 00 6f 00 73 00 6f 00 ..M.i.c.r.o.s.o.
66 00 74 00 20 00 20 00 20 00 20 00 20 00 20 00 f.t. . . . . . .
20 00 20 00 20 00 20 00 20 00 20 00 20 00 3d 00  . . . . . . .=.
20 00 22 00 4d 00 69 00 63 00 72 00 6f 00 73 00  .".M.i.c.r.o.s.
6f 00 66 00 74 00 20 00 43 00 6f 00 72 00 70 00 o.f.t. .C.o.r.p.
6f 00 72 00 61 00 74 00 69 00 6f 00 6e 00 22 00 o.r.a.t.i.o.n.".
0d 00 0a 00 52 00 6e 00 64 00 69 00 73 00 44 00 ....R.n.d.i.s.D.
65 00 76 00 69 00 63 00 65 00 20 00 20 00 20 00 e.v.i.c.e. . . .
20 00 20 00 20 00 20 00 20 00 20 00 20 00 20 00  . . . . . . . .
3d 00 20 00 22 00 52 00 65 00 6d 00 6f 00 74 00 =. .".R.e.m.o.t.
65 00 20 00 4e 00 44 00 49 00 53 00 20 00 43 00 e. .N.D.I.S. .C.
6f 00 6d 00 70 00 61 00 74 00 69 00 62 00 6c 00 o.m.p.a.t.i.b.l.
65 00 20 00 44 00 65 00 76 00 69 00 63 00 65 00 e. .D.e.v.i.c.e.
22 00 0d 00 0a 00 56 00 69 00 73 00 74 00 61 00 ".....V.i.s.t.a.
5f 00 50 00 72 00 6f 00 70 00 65 00 72 00 74 00 _.P.r.o.p.e.r.t.
79 00 20 00 20 00 20 00 20 00 20 00 20 00 20 00 y. . . . . . . .
20 00 3d 00 20 00 22 00 4f 00 70 00 74 00 69 00  .=. .".O.p.t.i.
6f 00 6e 00 61 00 6c 00 20 00 56 00 69 00 73 00 o.n.a.l. .V.i.s.
74 00 61 00 20 00 50 00 72 00 6f 00 70 00 65 00 t.a. .P.r.o.p.e.
72 00 74 00 79 00 22 00 0d 00 0a 00             r.t.y.".....    
0xc5ede18	FILE	44043	DATA	rspndr.inf_loc	
ff fe 5b 00 53 00 74 00 72 00 69 00 6e 00 67 00 ..[.S.t.r.i.n.g.
73 00 2e 00 30 00 34 00 30 00 39 00 5d 00 0d 00 s...0.4.0.9.]...
0a 00 3b 00 4c 00 6f 00 63 00 61 00 6c 00 69 00 ..;.L.o.c.a.l.i.
7a 00 61 00 62 00 6c 00 65 00 0d 00 0a 00 4d 00 z.a.b.l.e.....M.
73 00 66 00 74 00 3d 00 22 00 4d 00 69 00 63 00 s.f.t.=.".M.i.c.
72 00 6f 00 73 00 6f 00 66 00 74 00 22 00 0d 00 r.o.s.o.f.t."...
0a 00 44 00 69 00 73 00 70 00 6c 00 61 00 79 00 ..D.i.s.p.l.a.y.
4e 00 61 00 6d 00 65 00 3d 00 22 00 4c 00 69 00 N.a.m.e.=.".L.i.
6e 00 6b 00 2d 00 4c 00 61 00 79 00 65 00 72 00 n.k.-.L.a.y.e.r.
20 00 54 00 6f 00 70 00 6f 00 6c 00 6f 00 67 00  .T.o.p.o.l.o.g.
79 00 20 00 44 00 69 00 73 00 63 00 6f 00 76 00 y. .D.i.s.c.o.v.
65 00 72 00 79 00 20 00 52 00 65 00 73 00 70 00 e.r.y. .R.e.s.p.
6f 00 6e 00 64 00 65 00 72 00 22 00 0d 00 0a 00 o.n.d.e.r.".....
0xc7101c8	FILE	18324	DATA	5b42dd9c-5a26-4f27-bb95-34603f0997e5	
00 00 00 00 00 00 00 00 00 00 00 00 0c 11 fd 2c ...............,
41 04 ca 01                                     A...            
0xc7105c8	FILE	18325	DATA	5c0aeeea-c154-45be-8499-bea5f11baff6	
00 00 00 00 00 00 00 00 00 00 00 00 2f 40 17 2d ............/@.-
41 04 ca 01                                     A...            
0xc7109c8	FILE	18326	DATA	5f5a18eb-dc73-4e45-a11c-b59043598412	
9e 96 57 9b a5 08 d3 01 00 00 00 00             ..W.........    
0xc710dc8	FILE	18327	DATA	613612ba-897d-44ce-8dc1-8fc283f9fd51	
00 00 00 00 00 00 00 00 00 00 00 00 6d 72 ff 2c ............mr.,
41 04 ca 01                                     A...            
0xc9e9e18	FILE	43819	DATA	lltdio.inf_loc	
ff fe 5b 00 53 00 74 00 72 00 69 00 6e 00 67 00 ..[.S.t.r.i.n.g.
73 00 2e 00 30 00 34 00 30 00 39 00 5d 00 0d 00 s...0.4.0.9.]...
0a 00 3b 00 4c 00 6f 00 63 00 61 00 6c 00 69 00 ..;.L.o.c.a.l.i.
7a 00 61 00 62 00 6c 00 65 00 0d 00 0a 00 4d 00 z.a.b.l.e.....M.
73 00 66 00 74 00 3d 00 22 00 4d 00 69 00 63 00 s.f.t.=.".M.i.c.
72 00 6f 00 73 00 6f 00 66 00 74 00 22 00 0d 00 r.o.s.o.f.t."...
0a 00 44 00 69 00 73 00 70 00 6c 00 61 00 79 00 ..D.i.s.p.l.a.y.
4e 00 61 00 6d 00 65 00 3d 00 22 00 4c 00 69 00 N.a.m.e.=.".L.i.
6e 00 6b 00 2d 00 4c 00 61 00 79 00 65 00 72 00 n.k.-.L.a.y.e.r.
20 00 54 00 6f 00 70 00 6f 00 6c 00 6f 00 67 00  .T.o.p.o.l.o.g.
79 00 20 00 44 00 69 00 73 00 63 00 6f 00 76 00 y. .D.i.s.c.o.v.
65 00 72 00 79 00 20 00 4d 00 61 00 70 00 70 00 e.r.y. .M.a.p.p.
65 00 72 00 20 00 49 00 2f 00 4f 00 20 00 44 00 e.r. .I./.O. .D.
72 00 69 00 76 00 65 00 72 00 22 00 0d 00 0a 00 r.i.v.e.r.".....
0xda1b120	FILE	44416	DATA	desktop.ini	
ff fe 0d 00 0a 00 5b 00 2e 00 53 00 68 00 65 00 ......[...S.h.e.
6c 00 6c 00 43 00 6c 00 61 00 73 00 73 00 49 00 l.l.C.l.a.s.s.I.
6e 00 66 00 6f 00 5d 00 0d 00 0a 00 4c 00 6f 00 n.f.o.].....L.o.
63 00 61 00 6c 00 69 00 7a 00 65 00 64 00 52 00 c.a.l.i.z.e.d.R.
65 00 73 00 6f 00 75 00 72 00 63 00 65 00 4e 00 e.s.o.u.r.c.e.N.
61 00 6d 00 65 00 3d 00 40 00 25 00 53 00 79 00 a.m.e.=.@.%.S.y.
73 00 74 00 65 00 6d 00 52 00 6f 00 6f 00 74 00 s.t.e.m.R.o.o.t.
25 00 5c 00 73 00 79 00 73 00 74 00 65 00 6d 00 %.\.s.y.s.t.e.m.
33 00 32 00 5c 00 73 00 68 00 65 00 6c 00 6c 00 3.2.\.s.h.e.l.l.
33 00 32 00 2e 00 64 00 6c 00 6c 00 2c 00 2d 00 3.2...d.l.l.,.-.
32 00 31 00 38 00 31 00 37 00 0d 00 0a 00       2.1.8.1.7.....  
0xda1b520	FILE	44417	DATA	desktop.ini	
5b 2e 53 68 65 6c 6c 43 6c 61 73 73 49 6e 66 6f [.ShellClassInfo
5d 0d 0a 4c 6f 63 61 6c 69 7a 65 64 52 65 73 6f ]..LocalizedReso
75 72 63 65 4e 61 6d 65 3d 40 25 53 79 73 74 65 urceName=@%Syste
6d 52 6f 6f 74 25 5c 65 48 6f 6d 65 5c 65 68 65 mRoot%\eHome\ehe
70 67 72 65 73 2e 64 6c 6c 2c 2d 33 30 34 0d 0a pgres.dll,-304..
0xda1b920	FILE	44418	DATA	desktop.ini	
5b 2e 53 68 65 6c 6c 43 6c 61 73 73 49 6e 66 6f [.ShellClassInfo
5d 0d 0a 4c 6f 63 61 6c 69 7a 65 64 52 65 73 6f ]..LocalizedReso
75 72 63 65 4e 61 6d 65 3d 40 25 53 79 73 74 65 urceName=@%Syste
6d 52 6f 6f 74 25 5c 65 48 6f 6d 65 5c 65 68 65 mRoot%\eHome\ehe
70 67 72 65 73 2e 64 6c 6c 2c 2d 33 30 34 0d 0a pgres.dll,-304..
0xda1bd20	FILE	44419	DATA	desktop.ini	
5b 2e 53 68 65 6c 6c 43 6c 61 73 73 49 6e 66 6f [.ShellClassInfo
5d 0d 0a 55 49 43 4c 53 49 44 3d 7b 37 42 44 32 ]..UICLSID={7BD2
39 45 30 30 2d 37 36 43 31 2d 31 31 43 46 2d 39 9E00-76C1-11CF-9
44 44 30 2d 30 30 41 30 43 39 30 33 34 39 33 33 DD0-00A0C9034933
7d 0d 0a                                        }..             
0xdaa91a0	FILE	83796	DATA	a5ea21[1].png	-
0xdf2d528	FILE	83829	DATA	RZUA0D2K.txt	
53 52 43 48 55 49 44 0a 56 3d 32 26 47 55 49 44 SRCHUID.V=2&GUID
3d 33 34 35 41 32 41 35 31 38 39 33 30 34 39 32 =345A2A518930492
34 41 44 32 44 38 42 43 34 33 31 31 37 35 39 35 4AD2D8BC43117595
45 0a 69 65 6f 6e 6c 69 6e 65 2e 6d 69 63 72 6f E.ieonline.micro
73 6f 66 74 2e 63 6f 6d 2f 0a 31 30 32 34 0a 31 soft.com/.1024.1
30 38 35 30 36 32 30 31 36 0a 33 30 37 31 37 38 085062016.307178
30 34 0a 31 32 37 35 31 39 31 30 35 32 0a 33 30 04.1275191052.30
35 37 30 39 35 33 0a 2a 0a                      570953.*.       
0xdf2d9a0	FILE	83830	DATA	container.dat	-
0xdf2dda0	FILE	83831	DATA	favicon[1].png	-
0xe0a31a0	FILE	36	DATA	Contents1.dir	
01 00 00 00 04 00 00 00 01 00 00 00 20 00 00 00 ............ ...
4d 00 61 00 69 00 6e 00 51 00 75 00 65 00 75 00 M.a.i.n.Q.u.e.u.
65 00 4f 00 6e 00 6c 00 69 00 6e 00 65 00 00 00 e.O.n.l.i.n.e...
04 00 00 00 01 00 00 00 08 00 00 00 71 00 75 00 ............q.u.
65 00 00 00                                     e...            
0xe0a35a8	FILE	37	DATA	PfSvPerfStats.bin	
03 00 00 00 0a 11 7e 00 87 00 00 00 00 00 00 00 ......~.........
00 00 00 00 00 00 00 00 00 00 00 00 00 00 00 00 ................
00 00 00 00 00 00 00 00 c3 22 08 00 de 2f 00 00 .........".../..
00 00 00 00 00 00 00 00 00 00 00 00 00 00 00 00 ................
00 00 00 00 00 00 00 00 00 00 00 00 00 00 00 00 ................
00 00 00 00 00 00 00 00 00 00 00 00 6f 01 00 00 ............o...
00 00 00 00 00 00 00 00 a5 1c 00 00 00 00 00 00 ................
00 00 00 00 00 00 00 00 00 00 00 00 00 00 00 00 ................
00 00 00 00 97 0c 00 00 38 00 00 00 0e 00 00 00 ........8.......
c4 46 00 00 d2 1f 01 00 6a 07 00 00 00 00 00 00 .F......j.......
00 00 00 00 00 00 00 00 00 00 00 00 6f 09 00 00 ............o...
35 00 00 00 00 00 00 00 a9 41 00 00 3a af 00 00 5........A..:...
00 00 00 00 00 00 00 00 00 00 00 00 00 00 00 00 ................
00 00 00 00 8d 00 00 00 24 00 00 00 02 00 00 00 ........$.......
75 00 00 00 01 04 00 00 06 00 00 00 00 00 00 00 u...............
00 00 00 00 00 00 00 00 00 00 00 00 27 06 00 00 ............'...
50 02 00 00 b8 00 00 00 88 2e 00 00 1e 16 00 00 P...............
e3 76 04 00 00 00 00 00 00 00 00 00 00 00 00 00 .v..............
00 00 00 00 00 00 00 00 00 00 00 00 00 00 00 00 ................
00 00 00 00 00 00 00 00 00 00 00 00 00 00 00 00 ................
00 00 00 00 00 00 00 00 00 00 00 00 00 00 00 00 ................
00 00 00 00 00 00 00 00 00 00 00 00 00 00 00 00 ................
00 00 00 00 00 00 00 00 00 00 00 00 00 00 00 00 ................
00 00 00 00 04 0a 00 00 1a 72 00 00 15 c6 03 00 .........r......
b1 9b 02 00 de 95 07 00 4e 86 02 00 b6 b8 01 00 ........N.......
79 00 00 00 ef 29 02 00 f4 e2 01 00 20 fa 06 00 y....)...... ...
e0 55 09 00 33 02 02 00 c8 65 01 00 00 00 00 00 .U..3....e......
00 00 00 00 00 00 00 00 9d 07 00 00 00 00 00 00 ................
d8 bb 01 00 00 00 00 00 47 76 01 00 00 00 00 00 ........Gv......
11 02 00 00 00 00 00 00 99 02 00 00 00 00 00 00 ................
31 7b 00 00 00 00 00 00 71 01 00 00 00 00 00 00 1{......q.......
00 00 00 00 00 00 00 00 75 09 00 00 00 00 00 00 ........u.......
ad a8 06 00 00 00 00 00 08 36 0a 00 00 00 00 00 .........6......
a8 0f 02 00 00 00 00 00 f8 3a 05 00 00 00 00 00 .........:......
d3 4f 05 00 00 00 00 00 33 f1 00 00 00 00 00 00 .O......3.......
0f 5d 02 00 00 00 00 00 6a 82 08 00 00 00 00 00 .]......j.......
10 00 00 00 be 97 00 00                         ........        
0xe2b01a0	FILE	83720	DATA	container.dat	-
0xe2b09a0	FILE	83722	DATA	container.dat	-
0xe7341c0	FILE	84795	DATA	Trace7.fx	-
0xe8329a0	FILE	83922	DATA	trans[1].gif	
47 49 46 38 39 61 01 00 01 00 80 00 00 ff ff ff GIF89a..........
00 00 00 21 f9 04 01 00 00 00 00 2c 00 00 00 00 ...!.......,....
01 00 01 00 00 02 02 44 01 00 3b                .......D..;     
0xec359a8	FILE	83754	DATA	advertisement.ad[1].js	
ef bb bf 77 69 6e 64 6f 77 2e 61 64 73 45 6e 61 ...window.adsEna
62 6c 65 64 20 3d 20 74 72 75 65 3b             bled = true;    
0xeebc1b0	FILE	83676	DATA	EtwRTMsMpPsSession7.etl	-
0xf2c25a0	FILE	84037	DATA	favicon[3].png	-
0xf2c2a00	FILE	84038	DATA	EDC238BFF48A31D55A97E1E93892934B_C20E0DA2D0F89FE526E1490F4A2EE5AB	
30 82 01 d3 0a 01 00 a0 82 01 cc 30 82 01 c8 06 0..........0....
09 2b 06 01 05 05 07 30 01 01 04 82 01 b9 30 82 .+.....0......0.
01 b5 30 81 9e a2 16 04 14 b1 3e c3 69 03 f8 bf ..0.......>.i...
47 01 d4 98 26 1a 08 02 ef 63 64 2b c3 18 0f 32 G...&....cd+...2
30 31 37 30 31 32 37 32 32 30 30 30 30 5a 30 73 0170127220000Z0s
30 71 30 49 30 09 06 05 2b 0e 03 02 1a 05 00 04 0q0I0...+.......
14 df aa 12 e3 28 b1 09 41 93 e2 9f 42 82 ce 47 .....(..A...B..G
40 42 95 58 a3 04 14 b1 3e c3 69 03 f8 bf 47 01 @B.X....>.i...G.
d4 98 26 1a 08 02 ef 63 64 2b c3 02 10 04 e1 e7 ..&....cd+......
a4 dc 5c f2 f3 6d c0 2b 42 b8 5d 15 9f 80 00 18 ..\..m.+B.].....
0f 32 30 31 37 30 31 32 37 32 32 30 30 30 30 5a .20170127220000Z
a0 11 18 0f 32 30 31 37 30 32 30 33 32 32 30 30 ....201702032200
30 30 5a 30 0d 06 09 2a 86 48 86 f7 0d 01 01 0b 00Z0...*.H......
05 00 03 82 01 01 00 27 f6 d7 e4 2d e6 6a 95 b1 .......'...-.j..
a2 dd ec 85 cf 50 97 a7 a4 16 73 b6 94 05 c9 85 .....P....s.....
b9 f2 f9 35 c9 f9 47 d9 78 a4 6f 30 c5 dc 3f 58 ...5..G.x.o0..?X
97 0d a9 96 5b 35 10 9c 09 7b 8b a2 b8 0a c7 0d ....[5...{......
d0 07 7e 34 ac 79 89 4a c1 6a 08 a9 a3 06 ad c0 ..~4.y.J.j......
26 a7 42 06 eb 3c d0 c8 87 03 1c dc 7f 40 36 f2 &.B..<.......@6.
5c 03 a2 07 bc bc 6f 28 56 ec f1 bf 77 cf 5f 51 \.....o(V...w._Q
a1 6c 48 e0 c2 3c 7d c8 14 3a 87 af d0 60 55 62 .lH..<}..:...`Ub
d1 7d 81 bf 12 92 1a f5 e3 5f a9 71 95 f7 40 8c .}......._.q..@.
fe 3d f2 11 88 61 17 56 0e d3 66 e2 1a 7f 1e 44 .=...a.V..f....D
34 c2 6e 5c 1a e5 60 8d 26 47 59 a3 c2 78 fb f3 4.n\..`.&GY..x..
8b 9a 33 e7 63 ec f2 1a 4d 21 17 57 62 89 f1 45 ..3.c...M!.Wb..E
8c 1a 2c e2 79 5b b6 a7 14 7c 14 2b 6e 00 31 0a ..,.y[...|.+n.1.
64 28 18 ce 69 a0 ed a0 80 ee 8f 22 90 4c 45 de d(..i......".LE.
79 c0 63 0e 97 52 4a a1 e8 56 00 69 e4 41 89 ae y.c..RJ..V.i.A..
f6 b8 eb 7b ee 94 88 1c 6d 08 23 9a da 54 81 ef ...{....m.#..T..
12 5d 0c 06 13 d6 65                            .]....e         
0xf52bdb8	FILE	18939	DATA	Accessibility.ni.dll.aux	
05 00 00 00 0c 01 00 00 0b 00 00 00 90 00 00 00 ................
0d 00 00 00 54 00 00 00 41 63 63 65 73 73 69 62 ....T...Accessib
69 6c 69 74 79 2c 20 56 65 72 73 69 6f 6e 3d 34 ility, Version=4
2e 30 2e 30 2e 30 2c 20 43 75 6c 74 75 72 65 3d .0.0.0, Culture=
6e 65 75 74 72 61 6c 2c 20 50 75 62 6c 69 63 4b neutral, PublicK
65 79 54 6f 6b 65 6e 3d 62 30 33 66 35 66 37 66 eyToken=b03f5f7f
31 31 64 35 30 61 33 61 00 cc cc cc 07 00 00 00 11d50a3a........
04 00 00 00 0a 11 00 00 02 00 00 00 08 00 00 00 ................
00 e0 13 4a ba 62 d0 01 09 00 00 00 10 00 00 00 ...J.b..........
65 7a 40 0c 90 a3 c6 48 b6 a3 58 f2 6b d3 3f 23 ez@....H..X.k.?#
04 00 00 00 6c 00 00 00 01 00 00 00 4c 00 00 00 ....l.......L...
6d 73 63 6f 72 6c 69 62 2c 20 56 65 72 73 69 6f mscorlib, Versio
6e 3d 34 2e 30 2e 30 2e 30 2c 20 43 75 6c 74 75 n=4.0.0.0, Cultu
72 65 3d 6e 65 75 74 72 61 6c 2c 20 50 75 62 6c re=neutral, Publ
69 63 4b 65 79 54 6f 6b 65 6e 3d 62 37 37 61 35 icKeyToken=b77a5
63 35 36 31 39 33 34 65 30 38 39 00 03 00 00 00 c561934e089.....
10 00 00 00 b9 9c 3f 14 f9 a0 77 96 8a 40 f6 a2 ......?...w..@..
0e 61 f1 92                                     .a..            
0xf5ae5c8	FILE	18253	DATA	02f96cd6-966e-4c23-87ec-cb657c67fdc8	
02 00 00 00 00 00 00 00 00 00 00 00 30 00 32 00 ............0.2.
66 00 39 00 36 00 63 00 64 00 36 00 2d 00 39 00 f.9.6.c.d.6.-.9.
36 00 36 00 65 00 2d 00 34 00 63 00 32 00 33 00 6.6.e.-.4.c.2.3.
2d 00 38 00 37 00 65 00 63 00 2d 00 63 00 62 00 -.8.7.e.c.-.c.b.
36 00 35 00 37 00 63 00 36 00 37 00 66 00 64 00 6.5.7.c.6.7.f.d.
63 00 38 00 00 00 00 00 00 00 00 00 06 00 00 00 c.8.............
b0 00 00 00 00 00 00 00 90 00 00 00 00 00 00 00 ................
14 00 00 00 00 00 00 00 00 00 00 00 00 00 00 00 ................
02 00 00 00 6c 31 ff be 9a 2a b0 08 ef 6e ed 3e ....l1...*...n.>
cc 8e da 09 f8 43 00 00 0e 80 00 00 10 66 00 00 .....C.......f..
a5 35 dd 81 e9 fc 43 5a e5 b7 0c 5d 00 c0 e0 a5 .5....CZ...]....
d7 31 5c 77 84 a9 40 01 03 a2 5f f8 90 2d 1b 08 .1\w..@..._..-..
b0 91 b0 3e 5e 36 81 35 c2 c1 42 2c e8 d1 03 11 ...>^6.5..B,....
9e 54 eb 43 70 0a 9d 29 58 e2 3b fd 84 2e 5a dd .T.Cp..)X.;...Z.
ac bb ba 21 19 25 b0 e3 c3 3f c4 17 66 c9 56 1f ...!.%...?..f.V.
43 9f 97 68 07 1a ab b2 2c 9a da cd 97 c3 33 dd C..h....,.....3.
ca 20 c3 14 99 9a f0 1c d2 fd 6f ad e0 70 5d 5f . ........o..p]_
56 94 71 89 90 85 04 c4 be 88 68 6c 6b b9 0c 1f V.q.......hlk...
0c bd c5 76 f4 4a ad 8d 7a 90 cf 5c d6 cf 5a 04 ...v.J..z..\..Z.
02 00 00 00 2c 32 b6 eb 9a 26 3b 5b 7b 39 69 84 ....,2...&;[{9i.
f5 78 59 13 f8 43 00 00 0e 80 00 00 10 66 00 00 .xY..C.......f..
15 7c 15 64 1b 1b f0 40 ba d4 9a 39 32 09 e1 b4 .|.d...@...92...
f4 c6 33 a4 b1 ba f7 d1 23 82 77 99 09 7d 4e 61 ..3.....#.w..}Na
97 a5 6b de c3 cd 85 6e d1 71 09 3a ef 2b 6e 1b ..k....n.q.:.+n.
77 18 83 8a d6 4d 11 aa 71 e0 a7 9f b0 80 52 e3 w....M..q.....R.
73 1f bf c8 ce a2 9c 03 6d c8 c8 65 fc 59 f5 32 s.......m..e.Y.2
a5 38 5b 05 6f 01 57 10 bc 80 6c 59 81 8f bd d0 .8[.o.W...lY....
5f d9 6e 75 93 98 68 3b ea 62 c0 25 7e a1 fe f8 _.nu..h;.b.%~...
03 00 00 00 00 00 00 00 00 00 00 00 00 00 00 00 ................
00 00 00 00                                     ....            
0xf5ae9c8	FILE	18254	DATA	044a6734-e90e-4f8f-b357-b2dc8ab3b5ec	
a0 fd 84 2a 3b 07 d3 01 00 00 00 00 2d 35 04 2d ...*;.......-5.-
41 04 ca 01                                     A...            
0xf5aedc8	FILE	18255	DATA	09f06bfe-a3c8-40e3-846a-6e6f4000c238	
00 00 00 00 00 00 00 00 00 00 00 00 8d 96 06 2d ...............-
41 04 ca 01                                     A...            
0xf7305c0	FILE	18377	DATA	A583E2A51BFBDC1E492A57B7C8325850	
70 00 00 00 01 01 02 20 01 00 00 00 8c 00 00 00 p...... ........
0f 4f 63 28 d0 7e d0 01 28 00 00 00 02 00 00 00 .Oc(.~..(.......
00 00 00 00 00 00 00 00 00 62 72 0e a9 65 d0 01 .........br..e..
00 3a 16 58 c9 ac d0 01 00 9e 40 5d 63 ac d0 01 .:.X......@]c...
10 00 00 00 00 00 00 00 00 3a 16 58 c9 ac d0 01 .........:.X....
20 00 00 00 01 00 00 80 80 19 ab b6 ef 65 d0 01  ............e..
29 03 00 00 26 00 00 00 00 00 00 00 00 00 00 00 )...&...........
38 03 00 00 68 00 74 00 74 00 70 00 3a 00 2f 00 8...h.t.t.p.:./.
2f 00 63 00 72 00 6c 00 2e 00 6d 00 69 00 63 00 /.c.r.l...m.i.c.
72 00 6f 00 73 00 6f 00 66 00 74 00 2e 00 63 00 r.o.s.o.f.t...c.
6f 00 6d 00 2f 00 70 00 6b 00 69 00 2f 00 63 00 o.m./.p.k.i./.c.
72 00 6c 00 2f 00 70 00 72 00 6f 00 64 00 75 00 r.l./.p.r.o.d.u.
63 00 74 00 73 00 2f 00 4d 00 69 00 63 00 52 00 c.t.s./.M.i.c.R.
6f 00 6f 00 43 00 65 00 72 00 41 00 75 00 74 00 o.o.C.e.r.A.u.t.
5f 00 32 00 30 00 31 00 30 00 2d 00 30 00 36 00 _.2.0.1.0.-.0.6.
2d 00 32 00 33 00 2e 00 63 00 72 00 6c 00 00 00 -.2.3...c.r.l...
22 00 38 00 33 00 39 00 32 00 37 00 62 00 37 00 ".8.3.9.2.7.b.7.
65 00 66 00 36 00 35 00 64 00 30 00 31 00 3a 00 e.f.6.5.d.0.1.:.
30 00 22 00 00 00                               0."...          
0xf7309c8	FILE	18378	DATA	a7c73732-9f11-4281-8d19-764d4ec9d94d	
00 00 00 00 00 00 00 00 00 00 00 00 f7 25 82 2f .............%./
41 04 ca 01                                     A...            
0xf8c1190	FILE	83652	DATA	fwlink[1]	-
0xf8c1528	FILE	83653	DATA	rasphone.pbk	-
0xfb2c9c8	FILE	18274	DATA	18f072b9-0bb0-4300-aef2-ce8c018b76cf	
00 00 00 00 00 00 00 00 00 00 00 00 9a d8 0e 04 ................
cf 7e d0 01                                     .~..            
0xfb2cd80	FILE	18275	DATA	1cb0	
32 35 0d 0a 30 20 31 0d 0a 31 20 32 0d 0a 32 20 25..0 1..1 2..2 
33 0d 0a 33 20 35 0d 0a 34 20 36 0d 0a 35 20 38 3..3 5..4 6..5 8
0d 0a 36 20 39 0d 0a 37 20 31 31 0d 0a 38 20 31 ..6 9..7 11..8 1
33 0d 0a 39 20 31 35 0d 0a 31 30 20 31 37 0d 0a 3..9 15..10 17..
31 31 20 32 30 0d 0a 31 32 20 32 33 0d 0a 31 33 11 20..12 23..13
20 32 37 0d 0a 31 34 20 33 32 0d 0a 31 35 20 33  27..14 32..15 3
37 0d 0a 31 36 20 34 35 0d 0a 31 37 20 35 32 0d 7..16 45..17 52.
0a 31 38 20 36 32 0d 0a 31 39 20 37 34 0d 0a 32 .18 62..19 74..2
30 20 38 38 0d 0a 32 31 20 31 30 38 0d 0a 32 32 0 88..21 108..22
20 31 33 32 0d 0a 32 33 20 31 38 30 0d 0a 32 34  132..23 180..24
20 32 33 32 0d 0a                                232..          
0xfdd81b0	FILE	84012	DATA	silentpassport[2].htm	
3c 21 44 4f 43 54 59 50 45 20 68 74 6d 6c 3e 3c <!DOCTYPE html><
68 74 6d 6c 3e 3c 68 65 61 64 3e 3c 6d 65 74 61 html><head><meta
20 63 68 61 72 73 65 74 3d 22 75 74 66 2d 38 22  charset="utf-8"
20 2f 3e 3c 74 69 74 6c 65 3e 3c 2f 74 69 74 6c  /><title></titl
65 3e 3c 73 63 72 69 70 74 3e 69 66 20 28 77 69 e><script>if (wi
6e 64 6f 77 2e 70 61 72 65 6e 74 20 26 26 20 77 ndow.parent && w
69 6e 64 6f 77 2e 70 61 72 65 6e 74 2e 70 6f 73 indow.parent.pos
74 4d 65 73 73 61 67 65 29 20 7b 20 77 69 6e 64 tMessage) { wind
6f 77 2e 70 61 72 65 6e 74 2e 70 6f 73 74 4d 65 ow.parent.postMe
73 73 61 67 65 28 7b 22 73 73 6f 53 74 61 74 75 ssage({"ssoStatu
73 22 3a 22 73 73 6f 5f 66 61 69 6c 65 64 22 7d s":"sso_failed"}
2c 20 27 2a 27 29 3b 20 7d 3c 2f 73 63 72 69 70 , '*'); }</scrip
74 3e 3c 2f 68 65 61 64 3e 3c 62 6f 64 79 3e 3c t></head><body><
2f 62 6f 64 79 3e 3c 2f 68 74 6d 6c 3e          /body></html>   
0xff3b9c8	FILE	18382	DATA	ac4e5acf-89f7-4220-ba21-81ee183975e2	
00 00 00 00 00 00 00 00 00 00 00 00 57 87 84 2f ............W../
41 04 ca 01                                     A...            
0xff3bdc8	FILE	18383	DATA	ac668097-4d6b-4093-ac14-014c09dbf820	
00 00 00 00 00 00 00 00 00 00 00 00 98 cf 92 2f .............../
41 04 ca 01                                     A...            
0x100a2118	FILE	26576	DATA	SA.DAT	
06 00 00 00 02 01                               ......          
0x1013e200	FILE	67052	DATA	L1033~1.MLL	
70 68 6f 6e 65 63 6c 61 73 73 0d 0a 28 20 0d 0a phoneclass..( ..
20 20 28 0d 0a 20 20 20 73 20 7a 20 0d 0a 20 20   (..   s z ..  
20 73 68 20 7a 68 20 6a 68 20 63 68 20 20 0d 0a  sh zh jh ch  ..
20 20 20 76 20 66 20 0d 0a 20 20 20 74 68 20 64    v f ..   th d
68 20 0d 0a 20 20 29 20 0d 0a 20 20 28 0d 0a 20 h ..  ) ..  (.. 
20 20 74 20 64 20 0d 0a 20 20 20 67 20 6b 20 0d   t d ..   g k .
0a 20 20 20 70 20 62 20 0d 0a 20 20 20 68 68 20 .   p b ..   hh 
0d 0a 20 20 29 0d 0a 20 20 72 20 65 72 20 20 0d ..  )..  r er  .
0a 20 20 6e 20 6d 20 6e 67 20 0d 0a 20 20 28 0d .  n m ng ..  (.
0a 20 20 20 79 20 77 20 6c 20 0d 0a 20 20 20 61 .   y w l ..   a
65 20 61 68 20 0d 0a 20 20 20 61 78 20 0d 0a 20 e ah ..   ax .. 
20 20 61 79 20 61 77 0d 0a 20 20 20 61 61 20 61   ay aw..   aa a
6f 0d 0a 20 20 20 6f 77 20 6f 79 20 0d 0a 20 20 o..   ow oy ..  
20 65 68 20 65 79 20 0d 0a 20 20 20 69 68 20 69  eh ey ..   ih i
79 20 0d 0a 20 20 20 75 68 20 75 77 20 0d 0a 20 y ..   uh uw .. 
20 29 0d 0a 29 0d 0a                             )..)..         
0x1013e600	FILE	67053	DATA	L2057~1.MLL	
70 68 6f 6e 65 63 6c 61 73 73 0d 0a 28 20 0d 0a phoneclass..( ..
20 20 28 0d 0a 20 20 20 73 20 7a 20 0d 0a 20 20   (..   s z ..  
20 73 68 20 7a 68 20 6a 68 20 63 68 20 20 0d 0a  sh zh jh ch  ..
20 20 20 76 20 66 20 0d 0a 20 20 20 74 68 20 64    v f ..   th d
68 20 0d 0a 20 20 29 20 0d 0a 20 20 28 0d 0a 20 h ..  ) ..  (.. 
20 20 74 20 64 20 0d 0a 20 20 20 67 20 6b 20 0d   t d ..   g k .
0a 20 20 20 70 20 62 20 0d 0a 20 20 20 68 68 20 .   p b ..   hh 
0d 0a 20 20 29 0d 0a 20 20 72 20 65 72 20 20 0d ..  )..  r er  .
0a 20 20 6e 20 6d 20 6e 67 20 0d 0a 20 20 28 0d .  n m ng ..  (.
0a 20 20 20 79 20 77 20 6c 20 0d 0a 20 20 20 61 .   y w l ..   a
65 20 61 68 20 0d 0a 20 20 20 61 78 20 0d 0a 20 e ah ..   ax .. 
20 20 61 79 20 61 77 0d 0a 20 20 20 61 61 20 61   ay aw..   aa a
6f 0d 0a 20 20 20 6f 77 20 6f 79 20 6f 68 0d 0a o..   ow oy oh..
20 20 20 65 68 20 65 79 20 0d 0a 20 20 20 69 68    eh ey ..   ih
20 69 79 20 0d 0a 20 20 20 75 68 20 75 77 20 0d  iy ..   uh uw .
0a 20 20 29 0d 0a 29 0d 0a                      .  )..)..       
0x101ba1c8	FILE	568	DATA	0ae26567-c262-44c4-b0df-727b7192f4fb	
00 00 00 00 00 00 00 00 00 00 00 00 8c c0 96 96 ................
a6 08 d3 01                                     ....            
0x1026d1b0	FILE	84972	DATA	EtwRTMsMpPsSession7.etl	-
0x103be180	FILE	18276	DATA	1cb1	
32 36 0d 0a 30 20 31 0d 0a 31 20 32 0d 0a 32 20 26..0 1..1 2..2 
33 0d 0a 33 20 34 0d 0a 34 20 35 0d 0a 35 20 36 3..3 4..4 5..5 6
0d 0a 36 20 37 0d 0a 37 20 39 0d 0a 38 20 31 30 ..6 7..7 9..8 10
0d 0a 39 20 31 32 0d 0a 31 30 20 31 34 0d 0a 31 ..9 12..10 14..1
31 20 31 36 0d 0a 31 32 20 31 39 0d 0a 31 33 20 1 16..12 19..13 
32 31 0d 0a 31 34 20 32 35 0d 0a 31 35 20 32 39 21..14 25..15 29
0d 0a 31 36 20 33 35 0d 0a 31 37 20 34 31 0d 0a ..16 35..17 41..
31 38 20 35 30 0d 0a 31 39 20 35 38 0d 0a 32 30 18 50..19 58..20
20 36 38 0d 0a 32 31 20 38 32 0d 0a 32 32 20 31  68..21 82..22 1
30 30 0d 0a 32 33 20 31 32 34 0d 0a 32 34 20 31 00..23 124..24 1
36 34 0d 0a 32 35 20 32 31 36 0d 0a             64..25 216..    
0x103be580	FILE	18277	DATA	1cb2	
32 34 0d 0a 30 20 31 0d 0a 31 20 33 0d 0a 32 20 24..0 1..1 3..2 
35 0d 0a 33 20 37 0d 0a 34 20 39 0d 0a 35 20 31 5..3 7..4 9..5 1
31 0d 0a 36 20 31 33 0d 0a 37 20 31 35 0d 0a 38 1..6 13..7 15..8
20 31 38 0d 0a 39 20 32 31 0d 0a 31 30 20 32 34  18..9 21..10 24
0d 0a 31 31 20 32 37 0d 0a 31 32 20 33 32 0d 0a ..11 27..12 32..
31 33 20 33 37 0d 0a 31 34 20 34 34 0d 0a 31 35 13 37..14 44..15
20 35 32 0d 0a 31 36 20 36 32 0d 0a 31 37 20 37  52..16 62..17 7
34 0d 0a 31 38 20 38 38 0d 0a 31 39 20 31 30 34 4..18 88..19 104
0d 0a 32 30 20 31 32 34 0d 0a 32 31 20 31 34 38 ..20 124..21 148
0d 0a 32 32 20 31 38 34 0d 0a 32 33 20 32 34 30 ..22 184..23 240
0d 0a                                           ..              
0x103be9c8	FILE	18278	DATA	1d49f6ad-6087-43cd-a8fe-dca5a144a935	
00 00 00 00 00 00 00 00 00 00 00 00 e2 d2 8a 04 ................
cf 7e d0 01                                     .~..            
0x103bedc8	FILE	18279	DATA	1e582198-061f-43f1-abdf-d4e9b606b035	
02 00 00 00 00 00 00 00 00 00 00 00 31 00 65 00 ............1.e.
35 00 38 00 32 00 31 00 39 00 38 00 2d 00 30 00 5.8.2.1.9.8.-.0.
36 00 31 00 66 00 2d 00 34 00 33 00 66 00 31 00 6.1.f.-.4.3.f.1.
2d 00 61 00 62 00 64 00 66 00 2d 00 64 00 34 00 -.a.b.d.f.-.d.4.
65 00 39 00 62 00 36 00 30 00 36 00 62 00 30 00 e.9.b.6.0.6.b.0.
33 00 35 00 00 00 00 00 00 00 00 00 06 00 00 00 3.5.............
b0 00 00 00 00 00 00 00 90 00 00 00 00 00 00 00 ................
14 00 00 00 00 00 00 00 00 00 00 00 00 00 00 00 ................
02 00 00 00 d0 6f 2f 52 9a ec 83 5d c6 62 fc 39 .....o/R...].b.9
70 c5 c2 42 f8 43 00 00 0e 80 00 00 10 66 00 00 p..B.C.......f..
06 3d cd f4 54 a9 3a 98 20 0a 69 1a 4c 12 02 5b .=..T.:. .i.L..[
fb 62 a1 e5 40 c7 89 67 be b5 60 ed a2 10 ee 3e .b..@..g..`....>
09 de 58 8a 00 1d 41 d8 44 82 9d 23 c7 21 21 ab ..X...A.D..#.!!.
5a 09 b9 2c 3c ee c8 e0 cf ef 59 b0 1f b8 f3 47 Z..,<.....Y....G
d0 44 ba af 6a 88 cd 6f 4b b1 29 f7 cd 13 76 36 .D..j..oK.)...v6
6e 00 9c d0 bb 7a f6 1c bf cf dc db d3 a2 68 81 n....z........h.
da 4d e4 22 01 68 c4 75 15 77 f5 57 88 9d e0 82 .M.".h.u.w.W....
f3 d9 ab 6f dd 3c 44 5b dd 11 df e8 92 bc 07 15 ...o.<D[........
06 9b db e1 40 be 64 89 4b a6 3e 65 aa a5 4e 55 ....@.d.K.>e..NU
02 00 00 00 0f 4a f3 b5 cc f6 46 61 3e 0b f6 8d .....J....Fa>...
36 c9 9b 9a f8 43 00 00 0e 80 00 00 10 66 00 00 6....C.......f..
71 53 da d5 64 ad 00 90 7a cb 4f 2f 04 d5 e5 93 qS..d...z.O/....
47 83 c1 67 b3 83 41 a8 3d d3 d9 af 97 98 b4 ab G..g..A.=.......
88 81 54 c0 26 e1 f5 42 16 7c d2 81 0a b4 4f f8 ..T.&..B.|....O.
d7 ad 4d af be e2 85 5c 6c 6d 79 dd 42 4f ba c4 ..M....\lmy.BO..
d0 1b 07 89 56 db 8f 6f 74 7f bd 00 49 27 69 da ....V..ot...I'i.
85 e3 33 a4 c6 a6 e0 55 64 35 87 00 8e 39 ed e3 ..3....Ud5...9..
83 2d 9a fd 7e ed ba 52 8b de 4d db 5c 94 e6 a1 .-..~..R..M.\...
03 00 00 00 00 00 00 00 00 00 00 00 00 00 00 00 ................
00 00 00 00                                     ....            
0x10772928	FILE	83706	DATA	counters.dat	
00 00 00 00 00 00 00 00 00 00 00 00 00 00 00 00 ................
00 00 00 00 00 00 00 00 00 00 00 00 00 00 00 00 ................
00 00 00 00 00 00 00 00 00 00 00 00 00 00 00 00 ................
00 00 00 00 00 00 00 00 00 00 00 00 00 00 00 00 ................
00 00 00 00 00 00 00 00 00 00 00 00 00 00 00 00 ................
00 00 00 00 00 00 00 00 00 00 00 00 00 00 00 00 ................
00 00 00 00 00 00 00 00 00 00 00 00 00 00 00 00 ................
00 00 00 00 00 00 00 00 00 00 00 00 00 00 00 00 ................
0x10772e00	FILE	83707	DATA	6AF4EE75E3A4ABA658C0087EB9A0BB5B_70344CD7774074AB2C9EA8BA02FA5F39	
70 00 00 00 01 01 02 20 01 00 00 00 22 01 00 00 p...... ...."...
ff 64 0f d2 c9 79 d2 01 28 00 00 00 03 00 00 00 .d...y..(.......
32 00 00 00 00 00 00 00 80 31 e5 dc 9d 79 d2 01 2........1...y..
80 31 8c 86 c2 7c d2 01 00 00 00 00 00 00 00 00 .1...|..........
10 00 00 00 00 00 00 00 80 31 8c 86 c2 7c d2 01 .........1...|..
20 00 00 00 00 00 00 00 80 39 bb c5 c7 79 d2 01  ........9...y..
ef 40 05 00 00 00 00 00 00 00 00 00 00 00 00 00 .@..............
18 01 00 00 68 00 74 00 74 00 70 00 3a 00 2f 00 ....h.t.t.p.:./.
2f 00 6f 00 63 00 73 00 70 00 2e 00 63 00 6f 00 /.o.c.s.p...c.o.
6d 00 6f 00 64 00 6f 00 63 00 61 00 34 00 2e 00 m.o.d.o.c.a.4...
63 00 6f 00 6d 00 2f 00 4d 00 46 00 49 00 77 00 c.o.m./.M.F.I.w.
55 00 44 00 42 00 4f 00 4d 00 45 00 77 00 77 00 U.D.B.O.M.E.w.w.
53 00 6a 00 41 00 4a 00 42 00 67 00 55 00 72 00 S.j.A.J.B.g.U.r.
44 00 67 00 4d 00 43 00 47 00 67 00 55 00 41 00 D.g.M.C.G.g.U.A.
42 00 42 00 54 00 4f 00 70 00 6a 00 4f 00 45 00 B.B.T.O.p.j.O.E.
66 00 36 00 4c 00 47 00 31 00 7a 00 35 00 32 00 f.6.L.G.1.z.5.2.
6a 00 71 00 41 00 78 00 77 00 44 00 6c 00 54 00 j.q.A.x.w.D.l.T.
78 00 6f 00 61 00 4f 00 43 00 67 00 51 00 55 00 x.o.a.O.C.g.Q.U.
51 00 41 00 6c 00 68 00 5a 00 25 00 32 00 46 00 Q.A.l.h.Z.%.2.F.
43 00 38 00 67 00 33 00 46 00 50 00 33 00 68 00 C.8.g.3.F.P.3.h.
49 00 49 00 4c 00 47 00 25 00 32 00 46 00 55 00 I.I.L.G.%.2.F.U.
31 00 43 00 74 00 32 00 50 00 5a 00 59 00 43 00 1.C.t.2.P.Z.Y.C.
45 00 51 00 44 00 74 00 62 00 35 00 70 00 67 00 E.Q.D.t.b.5.p.g.
25 00 32 00 42 00 42 00 6f 00 31 00 56 00 59 00 %.2.B.B.o.1.V.Y.
52 00 79 00 50 00 54 00 6f 00 79 00 64 00 42 00 R.y.P.T.o.y.d.B.
38 00 50 00 00 00                               8.P...          
0x108505c8	FILE	19093	DATA	be669c13-8165-4536-96d0-6d6c39292aae	
00 00 00 00 00 00 00 00 00 00 00 00 41 9a dc 2f ............A../
41 04 ca 01                                     A...            
0x10850dc0	FILE	19095	DATA	BE7FFD2FD84D3B32FD43DC8F575A9F28	
70 00 00 00 01 01 02 20 01 00 00 00 b0 00 00 00 p...... ........
d3 d9 50 32 d0 7e d0 01 28 00 00 00 02 00 00 00 ..P2.~..(.......
00 00 00 00 00 00 00 00 80 77 6f 30 c2 56 d0 01 .........wo0.V..
80 4f 13 7a e2 9d d0 01 80 b3 3d 7f 7c 9d d0 01 .O.z......=.|...
10 00 00 00 00 00 00 00 80 4f 13 7a e2 9d d0 01 .........O.z....
20 00 00 00 01 00 00 80 80 dc c8 d4 09 57 d0 01  ............W..
e0 4e 08 00 26 00 00 00 00 00 00 00 00 00 00 00 .N..&...........
34 03 00 00 68 00 74 00 74 00 70 00 3a 00 2f 00 4...h.t.t.p.:./.
2f 00 77 00 77 00 77 00 2e 00 6d 00 69 00 63 00 /.w.w.w...m.i.c.
72 00 6f 00 73 00 6f 00 66 00 74 00 2e 00 63 00 r.o.s.o.f.t...c.
6f 00 6d 00 2f 00 70 00 6b 00 69 00 6f 00 70 00 o.m./.p.k.i.o.p.
73 00 2f 00 63 00 72 00 6c 00 2f 00 4d 00 69 00 s./.c.r.l./.M.i.
63 00 72 00 6f 00 73 00 6f 00 66 00 74 00 25 00 c.r.o.s.o.f.t.%.
32 00 30 00 55 00 70 00 64 00 61 00 74 00 65 00 2.0.U.p.d.a.t.e.
25 00 32 00 30 00 53 00 65 00 63 00 75 00 72 00 %.2.0.S.e.c.u.r.
65 00 25 00 32 00 30 00 53 00 65 00 72 00 76 00 e.%.2.0.S.e.r.v.
65 00 72 00 25 00 32 00 30 00 43 00 41 00 25 00 e.r.%.2.0.C.A.%.
32 00 30 00 32 00 2e 00 31 00 2e 00 63 00 72 00 2.0.2...1...c.r.
6c 00 00 00 22 00 64 00 36 00 39 00 37 00 34 00 l...".d.6.9.7.4.
39 00 64 00 35 00 39 00 35 00 37 00 64 00 30 00 9.d.5.9.5.7.d.0.
31 00 3a 00 30 00 22 00 00 00                   1.:.0."...      
0x108c31c8	FILE	19048	DATA	b92fc3a7-849a-4fdd-983c-72544897d291	
00 00 00 00 00 00 00 00 00 00 00 00 d4 ab 83 04 ................
cf 7e d0 01                                     .~..            
0x108c35c8	FILE	19049	DATA	b9973f74-6f54-4f17-9113-635793483862	
00 00 00 00 00 00 00 00 00 00 00 00 6a 18 53 05 ............j.S.
cf 7e d0 01                                     .~..            
0x108cbdc8	FILE	19091	DATA	bd9e836b-d704-4eb9-8557-ffaa523da317	
00 00 00 00 00 00 00 00 00 00 00 00 1e dd 57 05 ..............W.
cf 7e d0 01                                     .~..            
0x108f0518	FILE	537	DATA	mrt.log	
ff fe 0d 00 0a 00 2d 00 2d 00 2d 00 2d 00 2d 00 ......-.-.-.-.-.
2d 00 2d 00 2d 00 2d 00 2d 00 2d 00 2d 00 2d 00 -.-.-.-.-.-.-.-.
2d 00 2d 00 2d 00 2d 00 2d 00 2d 00 2d 00 2d 00 -.-.-.-.-.-.-.-.
2d 00 2d 00 2d 00 2d 00 2d 00 2d 00 2d 00 2d 00 -.-.-.-.-.-.-.-.
2d 00 2d 00 2d 00 2d 00 2d 00 2d 00 2d 00 2d 00 -.-.-.-.-.-.-.-.
2d 00 2d 00 2d 00 2d 00 2d 00 2d 00 2d 00 2d 00 -.-.-.-.-.-.-.-.
2d 00 2d 00 2d 00 2d 00 2d 00 2d 00 2d 00 2d 00 -.-.-.-.-.-.-.-.
2d 00 2d 00 2d 00 2d 00 2d 00 2d 00 2d 00 2d 00 -.-.-.-.-.-.-.-.
2d 00 2d 00 2d 00 2d 00 2d 00 2d 00 2d 00 2d 00 -.-.-.-.-.-.-.-.
2d 00 2d 00 2d 00 2d 00 2d 00 2d 00 2d 00 2d 00 -.-.-.-.-.-.-.-.
2d 00 2d 00 2d 00 2d 00 2d 00 2d 00 2d 00 2d 00 -.-.-.-.-.-.-.-.
2d 00 2d 00 0d 00 0a 00 4d 00 69 00 63 00 72 00 -.-.....M.i.c.r.
6f 00 73 00 6f 00 66 00 74 00 20 00 57 00 69 00 o.s.o.f.t. .W.i.
6e 00 64 00 6f 00 77 00 73 00 20 00 4d 00 61 00 n.d.o.w.s. .M.a.
6c 00 69 00 63 00 69 00 6f 00 75 00 73 00 20 00 l.i.c.i.o.u.s. .
53 00 6f 00 66 00 74 00 77 00 61 00 72 00 65 00 S.o.f.t.w.a.r.e.
20 00 52 00 65 00 6d 00 6f 00 76 00 61 00 6c 00  .R.e.m.o.v.a.l.
20 00 54 00 6f 00 6f 00 6c 00 20 00 76 00 35 00  .T.o.o.l. .v.5.
2e 00 32 00 33 00 2c 00 20 00 41 00 70 00 72 00 ..2.3.,. .A.p.r.
69 00 6c 00 20 00 32 00 30 00 31 00 35 00 20 00 i.l. .2.0.1.5. .
28 00 62 00 75 00 69 00 6c 00 64 00 20 00 35 00 (.b.u.i.l.d. .5.
2e 00 32 00 33 00 2e 00 31 00 31 00 33 00 30 00 ..2.3...1.1.3.0.
30 00 2e 00 30 00 29 00 0d 00 0a 00 53 00 74 00 0...0.).....S.t.
61 00 72 00 74 00 65 00 64 00 20 00 4f 00 6e 00 a.r.t.e.d. .O.n.
20 00 53 00 61 00 74 00 20 00 4a 00 61 00 6e 00  .S.a.t. .J.a.n.
20 00 32 00 38 00 20 00 31 00 39 00 3a 00 32 00  .2.8. .1.9.:.2.
30 00 3a 00 30 00 37 00 20 00 32 00 30 00 31 00 0.:.0.7. .2.0.1.
37 00 0a 00 0d 00 0a 00 45 00 6e 00 67 00 69 00 7.......E.n.g.i.
6e 00 65 00 3a 00 20 00 31 00 2e 00 31 00 2e 00 n.e.:. .1...1...
31 00 31 00 35 00 30 00 32 00 2e 00 30 00 0d 00 1.1.5.0.2...0...
0a 00 53 00 69 00 67 00 6e 00 61 00 74 00 75 00 ..S.i.g.n.a.t.u.
72 00 65 00 73 00 3a 00 20 00 31 00 2e 00 31 00 r.e.s.:. .1...1.
39 00 35 00 2e 00 31 00 32 00 31 00 35 00 2e 00 9.5...1.2.1.5...
30 00 0d 00 0a 00 0d 00 0a 00 52 00 65 00 73 00 0.........R.e.s.
75 00 6c 00 74 00 73 00 20 00 53 00 75 00 6d 00 u.l.t.s. .S.u.m.
6d 00 61 00 72 00 79 00 3a 00 0d 00 0a 00 2d 00 m.a.r.y.:.....-.
2d 00 2d 00 2d 00 2d 00 2d 00 2d 00 2d 00 2d 00 -.-.-.-.-.-.-.-.
2d 00 2d 00 2d 00 2d 00 2d 00 2d 00 2d 00 0d 00 -.-.-.-.-.-.-...
0a 00 4e 00 6f 00 20 00 69 00 6e 00 66 00 65 00 ..N.o. .i.n.f.e.
63 00 74 00 69 00 6f 00 6e 00 20 00 66 00 6f 00 c.t.i.o.n. .f.o.
75 00 6e 00 64 00 2e 00 0d 00 0a 00             u.n.d.......    
0x109375c0	FILE	18289	DATA	26969811E3D01AC44AB62601783F7AE6	
70 00 00 00 01 01 02 20 01 00 00 00 a0 00 00 00 p...... ........
0d be a8 25 d0 7e d0 01 28 00 00 00 02 00 00 00 ...%.~..(.......
00 00 00 00 00 00 00 00 00 7d c2 c2 4a 63 d0 01 .........}..Jc..
00 55 66 0c 6b aa d0 01 00 b9 90 11 05 aa d0 01 .Uf.k...........
10 00 00 00 00 00 00 00 00 55 66 0c 6b aa d0 01 .........Uf.k...
20 00 00 00 01 00 00 80 80 dc 29 23 94 63 d0 01  .........)#.c..
4a 22 08 00 28 00 00 00 00 00 00 00 00 00 00 00 J"..(...........
2d 03 00 00 68 00 74 00 74 00 70 00 3a 00 2f 00 -...h.t.t.p.:./.
2f 00 77 00 77 00 77 00 2e 00 6d 00 69 00 63 00 /.w.w.w...m.i.c.
72 00 6f 00 73 00 6f 00 66 00 74 00 2e 00 63 00 r.o.s.o.f.t...c.
6f 00 6d 00 2f 00 70 00 6b 00 69 00 6f 00 70 00 o.m./.p.k.i.o.p.
73 00 2f 00 63 00 72 00 6c 00 2f 00 4d 00 69 00 s./.c.r.l./.M.i.
63 00 72 00 6f 00 73 00 6f 00 66 00 74 00 25 00 c.r.o.s.o.f.t.%.
32 00 30 00 55 00 70 00 64 00 61 00 74 00 65 00 2.0.U.p.d.a.t.e.
25 00 32 00 30 00 53 00 69 00 67 00 6e 00 69 00 %.2.0.S.i.g.n.i.
6e 00 67 00 25 00 32 00 30 00 43 00 41 00 25 00 n.g.%.2.0.C.A.%.
32 00 30 00 32 00 2e 00 33 00 2e 00 63 00 72 00 2.0.2...3...c.r.
6c 00 00 00 22 00 32 00 34 00 31 00 35 00 35 00 l...".2.4.1.5.5.
36 00 32 00 33 00 39 00 34 00 36 00 33 00 64 00 6.2.3.9.4.6.3.d.
30 00 31 00 3a 00 30 00 22 00 00 00             0.1.:.0."...    
0x109379c8	FILE	18290	DATA	28011108-68df-4c73-b91b-57427d501bba	
00 00 00 00 00 00 00 00 00 00 00 00 8b 8b f3 2c ...............,
41 04 ca 01                                     A...            
0x10937d80	FILE	18291	DATA	2cb0	
32 37 0d 0a 30 20 31 0d 0a 31 20 32 20 0d 0a 32 27..0 1..1 2 ..2
20 33 0d 0a 33 20 35 0d 0a 34 20 37 0d 0a 35 20  3..3 5..4 7..5 
31 30 0d 0a 36 20 31 33 0d 0a 37 20 31 36 0d 0a 10..6 13..7 16..
38 20 31 39 0d 0a 39 20 32 32 0d 0a 31 30 20 32 8 19..9 22..10 2
36 0d 0a 31 31 20 33 30 0d 0a 31 32 20 33 35 0d 6..11 30..12 35.
0a 31 33 20 34 30 0d 0a 31 34 20 34 36 0d 0a 31 .13 40..14 46..1
35 20 35 34 0d 0a 31 36 20 36 34 0d 0a 31 37 20 5 54..16 64..17 
37 36 0d 0a 31 38 20 39 30 0d 0a 31 39 20 31 30 76..18 90..19 10
34 0d 0a 32 30 20 31 32 34 0d 0a 32 31 20 31 34 4..20 124..21 14
38 0d 0a 32 32 20 31 37 36 0d 0a 32 33 20 32 31 8..22 176..23 21
36 0d 0a 32 34 20 32 36 34 0d 0a 32 35 20 33 36 6..24 264..25 36
30 0d 0a 32 36 20 34 36 34 0d 0a                0..26 464..     
0x1095e920	FILE	44694	DATA	install.ins	
ff fe 5b 00 42 00 72 00 61 00 6e 00 64 00 69 00 ..[.B.r.a.n.d.i.
6e 00 67 00 5d 00 0d 00 0a 00 43 00 6f 00 6d 00 n.g.].....C.o.m.
70 00 61 00 6e 00 79 00 4e 00 61 00 6d 00 65 00 p.a.n.y.N.a.m.e.
3d 00 4d 00 69 00 63 00 72 00 6f 00 73 00 6f 00 =.M.i.c.r.o.s.o.
66 00 74 00 20 00 43 00 6f 00 72 00 70 00 6f 00 f.t. .C.o.r.p.o.
72 00 61 00 74 00 69 00 6f 00 6e 00 0d 00 0a 00 r.a.t.i.o.n.....
57 00 69 00 7a 00 61 00 72 00 64 00 5f 00 56 00 W.i.z.a.r.d._.V.
65 00 72 00 73 00 69 00 6f 00 6e 00 3d 00 31 00 e.r.s.i.o.n.=.1.
31 00 2e 00 30 00 30 00 2e 00 39 00 36 00 30 00 1...0.0...9.6.0.
30 00 2e 00 31 00 37 00 32 00 33 00 39 00 0d 00 0...1.7.2.3.9...
0a 00 56 00 65 00 72 00 73 00 69 00 6f 00 6e 00 ..V.e.r.s.i.o.n.
3d 00 31 00 31 00 2c 00 30 00 30 00 2c 00 39 00 =.1.1.,.0.0.,.9.
36 00 30 00 30 00 2c 00 31 00 37 00 32 00 33 00 6.0.0.,.1.7.2.3.
39 00 0d 00 0a 00 43 00 75 00 73 00 74 00 6f 00 9.....C.u.s.t.o.
6d 00 5f 00 4b 00 65 00 79 00 3d 00 4d 00 49 00 m._.K.e.y.=.M.I.
43 00 52 00 4f 00 53 00 4f 00 0d 00 0a 00 47 00 C.R.O.S.O.....G.
6c 00 6f 00 62 00 61 00 6c 00 3d 00 31 00 0d 00 l.o.b.a.l.=.1...
0a 00 49 00 45 00 34 00 20 00 57 00 65 00 6c 00 ..I.E.4. .W.e.l.
63 00 6f 00 6d 00 65 00 20 00 4d 00 73 00 67 00 c.o.m.e. .M.s.g.
3d 00 31 00 0d 00 0a 00 50 00 6c 00 61 00 74 00 =.1.....P.l.a.t.
66 00 6f 00 72 00 6d 00 3d 00 32 00 0d 00 0a 00 f.o.r.m.=.2.....
47 00 55 00 49 00 44 00 3d 00 7b 00 37 00 32 00 G.U.I.D.=.{.7.2.
31 00 31 00 46 00 46 00 45 00 36 00 2d 00 43 00 1.1.F.F.E.6.-.C.
31 00 34 00 39 00 2d 00 31 00 31 00 44 00 30 00 1.4.9.-.1.1.D.0.
2d 00 41 00 46 00 46 00 30 00 2d 00 30 00 30 00 -.A.F.F.0.-.0.0.
41 00 41 00 30 00 30 00 33 00 37 00 35 00 38 00 A.A.0.0.3.7.5.8.
42 00 42 00 7d 00 0d 00 0a 00 54 00 79 00 70 00 B.B.}.....T.y.p.
65 00 3d 00 30 00 0d 00 0a 00 4e 00 6f 00 43 00 e.=.0.....N.o.C.
6c 00 65 00 61 00 72 00 3d 00 31 00 0d 00 0a 00 l.e.a.r.=.1.....
0x1095ed20	FILE	44695	DATA	install.ins	
ff fe 5b 00 42 00 72 00 61 00 6e 00 64 00 69 00 ..[.B.r.a.n.d.i.
6e 00 67 00 5d 00 0d 00 0a 00 43 00 6f 00 6d 00 n.g.].....C.o.m.
70 00 61 00 6e 00 79 00 4e 00 61 00 6d 00 65 00 p.a.n.y.N.a.m.e.
3d 00 4d 00 69 00 63 00 72 00 6f 00 73 00 6f 00 =.M.i.c.r.o.s.o.
66 00 74 00 20 00 43 00 6f 00 72 00 70 00 6f 00 f.t. .C.o.r.p.o.
72 00 61 00 74 00 69 00 6f 00 6e 00 0d 00 0a 00 r.a.t.i.o.n.....
57 00 69 00 7a 00 61 00 72 00 64 00 5f 00 56 00 W.i.z.a.r.d._.V.
65 00 72 00 73 00 69 00 6f 00 6e 00 3d 00 31 00 e.r.s.i.o.n.=.1.
31 00 2e 00 30 00 30 00 2e 00 39 00 36 00 30 00 1...0.0...9.6.0.
30 00 2e 00 31 00 37 00 32 00 33 00 39 00 0d 00 0...1.7.2.3.9...
0a 00 56 00 65 00 72 00 73 00 69 00 6f 00 6e 00 ..V.e.r.s.i.o.n.
3d 00 31 00 31 00 2c 00 30 00 30 00 2c 00 39 00 =.1.1.,.0.0.,.9.
36 00 30 00 30 00 2c 00 31 00 37 00 32 00 33 00 6.0.0.,.1.7.2.3.
39 00 0d 00 0a 00 43 00 75 00 73 00 74 00 6f 00 9.....C.u.s.t.o.
6d 00 5f 00 4b 00 65 00 79 00 3d 00 4d 00 49 00 m._.K.e.y.=.M.I.
43 00 52 00 4f 00 53 00 4f 00 0d 00 0a 00 47 00 C.R.O.S.O.....G.
6c 00 6f 00 62 00 61 00 6c 00 3d 00 31 00 0d 00 l.o.b.a.l.=.1...
0a 00 49 00 45 00 34 00 20 00 57 00 65 00 6c 00 ..I.E.4. .W.e.l.
63 00 6f 00 6d 00 65 00 20 00 4d 00 73 00 67 00 c.o.m.e. .M.s.g.
3d 00 31 00 0d 00 0a 00 50 00 6c 00 61 00 74 00 =.1.....P.l.a.t.
66 00 6f 00 72 00 6d 00 3d 00 32 00 0d 00 0a 00 f.o.r.m.=.2.....
47 00 55 00 49 00 44 00 3d 00 7b 00 37 00 32 00 G.U.I.D.=.{.7.2.
31 00 31 00 46 00 46 00 45 00 36 00 2d 00 43 00 1.1.F.F.E.6.-.C.
31 00 34 00 39 00 2d 00 31 00 31 00 44 00 30 00 1.4.9.-.1.1.D.0.
2d 00 41 00 46 00 46 00 30 00 2d 00 30 00 30 00 -.A.F.F.0.-.0.0.
41 00 41 00 30 00 30 00 33 00 37 00 35 00 38 00 A.A.0.0.3.7.5.8.
42 00 42 00 7d 00 0d 00 0a 00 54 00 79 00 70 00 B.B.}.....T.y.p.
65 00 3d 00 30 00 0d 00 0a 00 4e 00 6f 00 43 00 e.=.0.....N.o.C.
6c 00 65 00 61 00 72 00 3d 00 31 00 0d 00 0a 00 l.e.a.r.=.1.....
0x1096fda0	FILE	84035	DATA	favicon[2].png	-
0x10975e00	FILE	83839	DATA	9EC3B71635F8BA3FC68DE181A104A0EF_F6C39EF89D8A3A72327D8412589658B2	
70 00 00 00 01 01 02 20 01 00 00 00 2c 01 00 00 p...... ....,...
bd d7 37 5b c9 79 d2 01 28 00 00 00 03 00 00 00 ..7[.y..(.......
32 00 00 00 00 00 00 00 00 be 1c b2 48 79 d2 01 2...........Hy..
00 be c3 5b 6d 7c d2 01 00 00 00 00 00 00 00 00 ...[m|..........
10 00 00 00 00 00 00 00 00 be c3 5b 6d 7c d2 01 ...........[m|..
20 00 00 00 00 00 00 00 00 c6 f2 9a 72 79 d2 01  ...........ry..
17 b2 04 00 00 00 00 00 00 00 00 00 00 00 00 00 ................
d7 01 00 00 68 00 74 00 74 00 70 00 3a 00 2f 00 ....h.t.t.p.:./.
2f 00 6f 00 63 00 73 00 70 00 2e 00 74 00 72 00 /.o.c.s.p...t.r.
75 00 73 00 74 00 2d 00 70 00 72 00 6f 00 76 00 u.s.t.-.p.r.o.v.
69 00 64 00 65 00 72 00 2e 00 63 00 6f 00 6d 00 i.d.e.r...c.o.m.
2f 00 4d 00 46 00 45 00 77 00 54 00 7a 00 42 00 /.M.F.E.w.T.z.B.
4e 00 4d 00 45 00 73 00 77 00 53 00 54 00 41 00 N.M.E.s.w.S.T.A.
4a 00 42 00 67 00 55 00 72 00 44 00 67 00 4d 00 J.B.g.U.r.D.g.M.
43 00 47 00 67 00 55 00 41 00 42 00 42 00 52 00 C.G.g.U.A.B.B.R.
38 00 73 00 57 00 5a 00 55 00 6e 00 4b 00 76 00 8.s.W.Z.U.n.K.v.
62 00 52 00 4f 00 35 00 69 00 4a 00 68 00 61 00 b.R.O.5.i.J.h.a.
74 00 39 00 47 00 56 00 37 00 39 00 33 00 72 00 t.9.G.V.7.9.3.r.
56 00 6c 00 41 00 51 00 55 00 72 00 62 00 32 00 V.l.A.Q.U.r.b.2.
59 00 65 00 6a 00 53 00 30 00 4a 00 76 00 66 00 Y.e.j.S.0.J.v.f.
36 00 78 00 43 00 5a 00 55 00 37 00 77 00 4f 00 6.x.C.Z.U.7.w.O.
39 00 34 00 43 00 54 00 4c 00 56 00 42 00 6f 00 9.4.C.T.L.V.B.o.
43 00 45 00 45 00 4e 00 53 00 41 00 6a 00 25 00 C.E.E.N.S.A.j.%.
32 00 46 00 36 00 71 00 4a 00 41 00 66 00 45 00 2.F.6.q.J.A.f.E.
35 00 25 00 32 00 46 00 6a 00 39 00 4f 00 58 00 5.%.2.F.j.9.O.X.
42 00 52 00 45 00 34 00 25 00 33 00 44 00 00 00 B.R.E.4.%.3.D...
0x109ef128	FILE	84180	DATA	O3HL0W8E.txt	
61 69 5f 75 73 65 72 0a 33 73 75 47 7c 32 30 31 ai_user.3suG|201
37 2d 30 31 2d 32 39 54 30 30 3a 35 31 3a 33 31 7-01-29T00:51:31
2e 39 35 34 5a 0a 74 65 63 68 6e 65 74 2e 6d 69 .954Z.technet.mi
63 72 6f 73 6f 66 74 2e 63 6f 6d 2f 0a 31 30 38 crosoft.com/.108
39 0a 31 32 39 38 37 37 30 38 31 36 0a 33 30 36 9.1298770816.306
34 34 33 37 39 0a 33 35 37 36 38 38 30 35 30 35 44379.3576880505
0a 33 30 35 37 30 39 35 33 0a 2a 0a 61 69 5f 73 .30570953.*.ai_s
65 73 73 69 6f 6e 0a 71 64 75 6a 61 7c 31 34 38 ession.qduja|148
35 36 35 31 31 34 34 33 35 38 2e 34 32 35 35 7c 5651144358.4255|
31 34 38 35 36 35 31 31 34 34 33 35 38 2e 34 32 1485651144358.42
35 35 0a 74 65 63 68 6e 65 74 2e 6d 69 63 72 6f 55.technet.micro
73 6f 66 74 2e 63 6f 6d 2f 0a 31 30 38 39 0a 36 soft.com/.1089.6
32 32 36 31 30 34 33 32 0a 33 30 35 37 30 39 35 22610432.3057095
38 0a 34 31 30 31 34 36 30 35 38 33 0a 33 30 35 8.4101460583.305
37 30 39 35 33 0a 2a 0a                         70953.*.        
0x10a421c8	FILE	18312	DATA	4cbf6fce-9e90-4786-984b-1c90bbb5c632	
00 00 00 00 00 00 00 00 00 00 00 00 40 a3 3d 05 ............@.=.
cf 7e d0 01                                     .~..            
0x10a42608	FILE	18313	DATA	4eccd106f69e31c1b12304e5463bb71d_c21b9e7f-09a5-4f09-a029-7e022f8c7bcb	
02 00 00 00 00 00 00 00 10 00 00 00 00 00 00 00 ................
00 00 00 00 00 00 00 00 00 00 00 00 00 00 00 00 ................
00 00 00 00 00 00 00 00 4d 53 49 4b 65 79 43 6f ........MSIKeyCo
6e 74 61 69 6e 65 72 00                         ntainer.        
0x10a429c8	FILE	18314	DATA	5239816a-5b11-4ab0-9705-9d9c72d73f4e	
58 f8 6e 0b c9 79 d2 01 8f 04 07 80 40 76 0c 04 X.n..y......@v..
cf 7e d0 01                                     .~..            
0x10a42dc8	FILE	18315	DATA	5331272a-b8fd-4555-b659-db25e145d28e	
00 00 00 00 00 00 00 00 00 00 00 00 a0 7d 17 05 .............}..
cf 7e d0 01                                     .~..            
0x10b73da0	FILE	579	DATA	131301228782647500	
d3 45 c5 99 93 fd de 68 c2 f9 91 c7 81 fa fc 90 .E.....h........
8a a2 ad b3 68 34 03 9c 16 61 bc c2 f0 e8 ca e7 ....h4...a......
f1 ff a3 02 72 58 32 b2 14 db ef e0 78 bc bb 0f ....rX2.....x...
f2 4d 50 32 b4 5a a8 e0 3e 10 d3 5e 39 ad 33 98 .MP2.Z..>..^9.3.
a2 fd ed 68 f2 f9 a0 c7 b3 fa ce 90 b2 a2 9a b3 ...h............
50 34 31 9c 20 61 88 c2 c7 e8 ff e7 c1 ff 93 02 P41. a..........
09 ad 00 98                                     ....            
0x10bd01c8	FILE	18300	DATA	37a9ee7d-7a37-410d-a1a0-19a054f93aec	
00 00 00 00 00 00 00 00 00 00 00 00 b6 53 4e 05 .............SN.
cf 7e d0 01                                     .~..            
0x10bd09c0	FILE	18302	DATA	37C951188967C8EB88D99893D9D191FE	
70 00 00 00 01 01 02 20 01 00 00 00 94 00 00 00 p...... ........
b1 ca eb 22 d0 7e d0 01 28 00 00 00 02 00 00 00 ...".~..(.......
00 00 00 00 00 00 00 00 80 9e ad e0 e2 6b d0 01 .............k..
80 76 51 2a 03 b3 d0 01 80 da 7b 2f 9d b2 d0 01 .vQ*......{/....
10 00 00 00 00 00 00 00 80 76 51 2a 03 b3 d0 01 .........vQ*....
20 00 00 00 01 00 00 80 80 ef 83 f4 38 6c d0 01  ...........8l..
84 03 00 00 28 00 00 00 00 00 00 00 00 00 00 00 ....(...........
38 03 00 00 68 00 74 00 74 00 70 00 3a 00 2f 00 8...h.t.t.p.:./.
2f 00 63 00 72 00 6c 00 2e 00 6d 00 69 00 63 00 /.c.r.l...m.i.c.
72 00 6f 00 73 00 6f 00 66 00 74 00 2e 00 63 00 r.o.s.o.f.t...c.
6f 00 6d 00 2f 00 70 00 6b 00 69 00 2f 00 63 00 o.m./.p.k.i./.c.
72 00 6c 00 2f 00 70 00 72 00 6f 00 64 00 75 00 r.l./.p.r.o.d.u.
63 00 74 00 73 00 2f 00 4d 00 69 00 63 00 52 00 c.t.s./.M.i.c.R.
6f 00 6f 00 43 00 65 00 72 00 41 00 75 00 74 00 o.o.C.e.r.A.u.t.
32 00 30 00 31 00 31 00 5f 00 32 00 30 00 31 00 2.0.1.1._.2.0.1.
31 00 5f 00 30 00 33 00 5f 00 32 00 32 00 2e 00 1._.0.3._.2.2...
63 00 72 00 6c 00 00 00 22 00 36 00 36 00 38 00 c.r.l...".6.6.8.
61 00 66 00 33 00 66 00 34 00 33 00 38 00 36 00 a.f.3.f.4.3.8.6.
63 00 64 00 30 00 31 00 3a 00 30 00 22 00 00 00 c.d.0.1.:.0."...
0x10bd0dc8	FILE	18303	DATA	3b74b179-0fe9-4c2c-a090-8d90fc2c1b02	
00 00 00 00 00 00 00 00 00 00 00 00 02 8f 49 05 ..............I.
cf 7e d0 01                                     .~..            
0x10c4b180	FILE	18292	DATA	2cb1	
32 37 0d 0a 30 20 31 0d 0a 31 20 32 0d 0a 32 20 27..0 1..1 2..2 
33 0d 0a 33 20 35 0d 0a 34 20 37 0d 0a 35 20 39 3..3 5..4 7..5 9
0d 0a 36 20 31 32 0d 0a 37 20 31 34 0d 0a 38 20 ..6 12..7 14..8 
31 37 0d 0a 39 20 32 30 0d 0a 31 30 20 32 34 0d 17..9 20..10 24.
0a 31 31 20 32 37 0d 0a 31 32 20 33 32 0d 0a 31 .11 27..12 32..1
33 20 33 37 0d 0a 31 34 20 34 32 0d 0a 31 35 20 3 37..14 42..15 
35 30 0d 0a 31 36 20 35 38 0d 0a 31 37 20 37 30 50..16 58..17 70
0d 0a 31 38 20 38 32 0d 0a 31 39 20 31 30 30 0d ..18 82..19 100.
0a 32 30 20 31 31 36 0d 0a 32 31 20 31 33 36 0d .20 116..21 136.
0a 32 32 20 31 36 34 0d 0a 32 33 20 32 30 30 0d .22 164..23 200.
0a 32 34 20 32 34 38 0d 0a 32 35 20 33 32 38 0d .24 248..25 328.
0a 32 36 20 34 33 32 0d 0a                      .26 432..       
0x10c4b580	FILE	18293	DATA	2cb2	
32 35 0d 0a 30 20 31 0d 0a 31 20 33 0d 0a 32 20 25..0 1..1 3..2 
36 0d 0a 33 20 31 30 0d 0a 34 20 31 33 0d 0a 35 6..3 10..4 13..5
20 31 37 0d 0a 36 20 32 31 0d 0a 37 20 32 35 0d  17..6 21..7 25.
0a 38 20 33 30 0d 0a 39 20 33 35 0d 0a 31 30 20 .8 30..9 35..10 
34 31 0d 0a 31 31 20 34 37 0d 0a 31 32 20 35 34 41..11 47..12 54
0d 0a 31 33 20 36 34 0d 0a 31 34 20 37 34 0d 0a ..13 64..14 74..
31 35 20 38 38 0d 0a 31 36 20 31 30 34 0d 0a 31 15 88..16 104..1
37 20 31 32 34 0d 0a 31 38 20 31 34 38 0d 0a 31 7 124..18 148..1
39 20 31 37 36 0d 0a 32 30 20 32 30 38 0d 0a 32 9 176..20 208..2
31 20 32 34 38 0d 0a 32 32 20 32 39 36 0d 0a 32 1 248..22 296..2
33 20 33 36 38 0d 0a 32 34 20 34 38 30 0d 0a    3 368..24 480.. 
0x10c4b9c8	FILE	18294	DATA	2f57269b-1e09-4e2d-ab1e-b0fdac7d279c	
ee ff 5b 74 a5 08 d3 01 00 00 00 00 4e 59 0b 2d ..[t........NY.-
41 04 ca 01                                     A...            
0x10c4bdc8	FILE	18295	DATA	2f885c63-ef6d-4b01-aba9-a4c2b22f3d80	
00 00 00 00 00 00 00 00 00 00 00 00 3c 35 8d 04 ............<5..
cf 7e d0 01                                     .~..            
0x10c5b9c8	FILE	24598	DATA	cb3d64bf-c0c9-45ff-bfb0-ff1a8f680186	
00 00 00 00 00 00 00 00 00 00 00 00 08 7e 1a 30 .............~.0
41 04 ca 01                                     A...            
0x10cc71c8	FILE	18280	DATA	1f7b7221-ae8f-44f3-ba82-f7d260f51964	
00 00 00 00 00 00 00 00 00 00 00 00 ee f7 08 2d ...............-
41 04 ca 01                                     A...            
0x10d535c8	FILE	19385	DATA	c016366b-7126-46ca-b36b-592a3d95a60b	
e0 d8 54 74 a5 08 d3 01 01 11 00 80 02 5d e1 2f ..Tt.........]./
41 04 ca 01                                     A...            
0x10ddfdc8	FILE	25743	DATA	cee64558-e1a7-4d9d-80a7-2001912be5b5	
00 00 00 00 00 00 00 00 00 00 00 00 68 df 1c 30 ............h..0
41 04 ca 01                                     A...            
0x10e299a0	FILE	83358	DATA	ntuser.dat.LOG2	-
0x10e565c8	FILE	19389	DATA	ca4b8ff2-a4d2-4d88-a52e-3a5bdaf7f56e	
00 00 00 00 00 00 00 00 00 00 00 00 a8 1c 18 30 ...............0
41 04 ca 01                                     A...            
0x10e56d20	FILE	19391	DATA	locdrv.cab	
4d 53 43 46 00 00 00 00 50 00 00 00 00 00 00 00 MSCF....P.......
2c 00 00 00 00 00 00 00 03 01 01 00 01 00 00 00 ,...............
de 07 00 00 50 00 00 00 00 00 03 15 00 00 00 00 ....P...........
00 00 00 00 00 00 74 3d cf 2e 00 00 6e 6f 5f 6c ......t=....no_l
6f 63 5f 70 72 69 6e 74 65 72 73 2e 74 78 74 00 oc_printers.txt.
0x10ec89a8	FILE	26162	DATA	wmsvc.exe.config	
3c 63 6f 6e 66 69 67 75 72 61 74 69 6f 6e 3e 0d <configuration>.
0a 20 20 3c 72 75 6e 74 69 6d 65 3e 0d 0a 20 20 .  <runtime>..  
20 20 3c 6c 65 67 61 63 79 49 6d 70 65 72 73 6f   <legacyImperso
6e 61 74 69 6f 6e 50 6f 6c 69 63 79 20 65 6e 61 nationPolicy ena
62 6c 65 64 3d 22 66 61 6c 73 65 22 2f 3e 0d 0a bled="false"/>..
20 20 20 20 3c 61 6c 77 61 79 73 46 6c 6f 77 49     <alwaysFlowI
6d 70 65 72 73 6f 6e 61 74 69 6f 6e 50 6f 6c 69 mpersonationPoli
63 79 20 65 6e 61 62 6c 65 64 3d 22 74 72 75 65 cy enabled="true
22 2f 3e 0d 0a 20 20 3c 2f 72 75 6e 74 69 6d 65 "/>..  </runtime
3e 0d 0a 3c 2f 63 6f 6e 66 69 67 75 72 61 74 69 >..</configurati
6f 6e 3e 0d 0a                                  on>..           
0x10f781a0	FILE	85024	DATA	MachineGuid.txt	
7b 00 45 00 46 00 31 00 41 00 30 00 32 00 31 00 {.E.F.1.A.0.2.1.
30 00 2d 00 44 00 31 00 41 00 41 00 2d 00 34 00 0.-.D.1.A.A.-.4.
45 00 39 00 32 00 2d 00 38 00 37 00 45 00 39 00 E.9.2.-.8.7.E.9.
2d 00 36 00 34 00 43 00 31 00 30 00 34 00 32 00 -.6.4.C.1.0.4.2.
38 00 35 00 38 00 39 00 45 00 7d 00             8.5.8.9.E.}.    
0x10ff7da8	FILE	599	DATA	ReportingEvents.log	
ff fe                                           ..              
0x110451c8	FILE	18316	DATA	54d23efc-da29-4104-b855-f0a76ce27083	
fa 63 7f 95 a5 08 d3 01 00 00 00 00             .c..........    
0x110455c8	FILE	18317	DATA	553ee08f-2714-4e46-a287-04b691cc535d	
00 00 00 00 00 00 00 00 00 00 00 00 f4 67 42 05 .............gB.
cf 7e d0 01                                     .~..            
0x11053928	FILE	81054	DATA	download.url	
5b 49 6e 74 65 72 6e 65 74 53 68 6f 72 74 63 75 [InternetShortcu
74 5d 0d 0a 55 52 4c 3d 68 74 74 70 3a 2f 2f 67 t]..URL=http://g
6f 2e 6d 69 63 72 6f 73 6f 66 74 2e 63 6f 6d 2f o.microsoft.com/
66 77 6c 69 6e 6b 2f 3f 4c 69 6e 6b 49 64 3d 31 fwlink/?LinkId=1
34 37 32 33 36 0d 0a                            47236..         
0x11053d90	FILE	81055	DATA	GB-1.url	
5b 49 6e 74 65 72 6e 65 74 53 68 6f 72 74 63 75 [InternetShortcu
74 5d 0d 0a 55 52 4c 3d 68 74 74 70 3a 2f 2f 67 t]..URL=http://g
6f 2e 6d 69 63 72 6f 73 6f 66 74 2e 63 6f 6d 2f o.microsoft.com/
66 77 6c 69 6e 6b 2f 3f 4c 69 6e 6b 49 64 3d 31 fwlink/?LinkId=1
32 39 37 32 38 0d 0a 49 44 4c 69 73 74 3d 0d 0a 29728..IDList=..
5b 7b 30 30 30 32 31 34 41 30 2d 30 30 30 30 2d [{000214A0-0000-
30 30 30 30 2d 43 30 30 30 2d 30 30 30 30 30 30 0000-C000-000000
30 30 30 30 34 36 7d 5d 0d 0a 50 72 6f 70 33 3d 000046}]..Prop3=
31 39 2c 32 0d 0a                               19,2..          
0x1117ada0	FILE	591	DATA	flag.txt.lnk	
4c 00 00 00 01 14 02 00 00 00 00 00 c0 00 00 00 L...............
00 00 00 46 9b 00 20 00 20 00 00 00 71 b5 53 0f ...F.. . ...q.S.
c9 79 d2 01 71 b5 53 0f c9 79 d2 01 39 9a 52 3b .y..q.S..y..9.R;
c9 79 d2 01 2b 00 00 00 00 00 00 00 01 00 00 00 .y..+...........
00 00 00 00 00 00 00 00 00 00 00 00 64 00 62 00 ............d.b.
32 00 2b 00 00 00 3d 4a e7 05 20 00 46 4c 41 47 2.+...=J.. .FLAG
54 58 7e 31 2e 54 58 54 00 00 46 00 08 00 04 00 TX~1.TXT..F.....
ef be 3d 4a c0 05 3d 4a c0 05 2a 00 00 00 c7 46 ..=J..=J..*....F
01 00 00 00 04 00 00 00 00 00 00 00 00 00 00 00 ................
00 00 00 00 66 00 6c 00 61 00 67 00 2e 00 74 00 ....f.l.a.g...t.
78 00 74 00 2e 00 74 00 78 00 74 00 00 00 1c 00 x.t...t.x.t.....
00 00 54 00 00 00 1c 00 00 00 01 00 00 00 1c 00 ..T.............
00 00 2d 00 00 00 00 00 00 00 53 00 00 00 11 00 ..-.......S.....
00 00 03 00 00 00 db 0a 8e 62 10 00 00 00 00 43 .........b.....C
3a 5c 55 73 65 72 73 5c 55 4d 44 43 53 45 43 5c :\Users\UMDCSEC\
44 65 73 6b 74 6f 70 5c 66 6c 61 67 2e 74 78 74 Desktop\flag.txt
2e 74 78 74 00 00 23 00 2e 00 2e 00 5c 00 2e 00 .txt..#.....\...
2e 00 5c 00 2e 00 2e 00 5c 00 2e 00 2e 00 5c 00 ..\.....\.....\.
2e 00 2e 00 5c 00 44 00 65 00 73 00 6b 00 74 00 ....\.D.e.s.k.t.
6f 00 70 00 5c 00 66 00 6c 00 61 00 67 00 2e 00 o.p.\.f.l.a.g...
74 00 78 00 74 00 2e 00 74 00 78 00 74 00 18 00 t.x.t...t.x.t...
43 00 3a 00 5c 00 55 00 73 00 65 00 72 00 73 00 C.:.\.U.s.e.r.s.
5c 00 55 00 4d 00 44 00 43 00 53 00 45 00 43 00 \.U.M.D.C.S.E.C.
5c 00 44 00 65 00 73 00 6b 00 74 00 6f 00 70 00 \.D.e.s.k.t.o.p.
28 00 00 00 09 00 00 a0 1c 00 00 00 31 53 50 53 (...........1SPS
e2 8a 58 46 bc 4c 38 43 bb fc 13 93 26 98 6d ce ..XF.L8C....&.m.
00 00 00 00 00 00 00 00 60 00 00 00 03 00 00 a0 ........`.......
58 00 00 00 00 00 00 00 75 6d 64 63 73 65 63 2d X.......umdcsec-
70 63 00 00 00 00 00 00 94 ae d3 32 6c b6 53 4b pc.........2l.SK
93 30 87 79 29 de af b5 8e 0b fd 22 bc e5 e6 11 .0.y)......"....
aa 3e 08 00 27 c9 b2 74 94 ae d3 32 6c b6 53 4b .>..'..t...2l.SK
93 30 87 79 29 de af b5 8e 0b fd 22 bc e5 e6 11 .0.y)......"....
aa 3e 08 00 27 c9 b2 74 00 00 00 00             .>..'..t....    
0x111ed5c0	FILE	38069	DATA	E01C1BB8321328324FC6C7164F9754E9	
70 00 00 00 01 01 02 20 01 00 00 00 b4 00 00 00 p...... ........
b5 fa 87 2f d0 7e d0 01 28 00 00 00 00 00 00 00 .../.~..(.......
00 00 00 00 00 00 00 00 00 00 00 00 00 00 00 00 ................
00 00 00 00 00 00 00 00 00 00 00 00 00 00 00 00 ................
10 00 00 00 00 00 00 00 00 00 00 00 00 00 00 00 ................
20 00 00 00 01 00 00 00 00 e5 fb 1e d7 4f cd 01  ............O..
13 01 00 00 26 00 00 00 00 00 00 00 00 00 00 00 ....&...........
04 07 00 00 68 00 74 00 74 00 70 00 3a 00 2f 00 ....h.t.t.p.:./.
2f 00 77 00 77 00 77 00 2e 00 6d 00 69 00 63 00 /.w.w.w...m.i.c.
72 00 6f 00 73 00 6f 00 66 00 74 00 2e 00 63 00 r.o.s.o.f.t...c.
6f 00 6d 00 2f 00 70 00 6b 00 69 00 6f 00 70 00 o.m./.p.k.i.o.p.
73 00 2f 00 63 00 65 00 72 00 74 00 73 00 2f 00 s./.c.e.r.t.s./.
4d 00 69 00 63 00 72 00 6f 00 73 00 6f 00 66 00 M.i.c.r.o.s.o.f.
74 00 25 00 32 00 30 00 55 00 70 00 64 00 61 00 t.%.2.0.U.p.d.a.
74 00 65 00 25 00 32 00 30 00 53 00 65 00 63 00 t.e.%.2.0.S.e.c.
75 00 72 00 65 00 25 00 32 00 30 00 53 00 65 00 u.r.e.%.2.0.S.e.
72 00 76 00 65 00 72 00 25 00 32 00 30 00 43 00 r.v.e.r.%.2.0.C.
41 00 25 00 32 00 30 00 32 00 2e 00 31 00 2e 00 A.%.2.0.2...1...
63 00 72 00 74 00 00 00 22 00 30 00 65 00 35 00 c.r.t...".0.e.5.
66 00 62 00 31 00 65 00 64 00 37 00 34 00 66 00 f.b.1.e.d.7.4.f.
63 00 64 00 31 00 3a 00 30 00 22 00 00 00       c.d.1.:.0."...  
0x111eddc8	FILE	38071	DATA	e3163c33-301d-4730-a266-5518c5ed3967	
00 00 00 00 00 00 00 00 00 00 00 00 89 03 24 30 ..............$0
41 04 ca 01                                     A...            
0x111f41c8	FILE	38072	DATA	eaca24ff-236c-401d-a1e7-b3d5267b8a50	
48 62 5e 74 a5 08 d3 01 00 00 00 00 89 03 24 30 Hb^t..........$0
41 04 ca 01                                     A...            
0x115651c0	FILE	18320	DATA	57C8EDB95DF3F0AD4EE2DC2B8CFD4157	
70 00 00 00 01 01 02 20 01 00 00 00 ba 00 00 00 p...... ........
a6 8e 0b 4b cf 7e d0 01 28 00 00 00 06 00 00 00 ...K.~..(.......
00 00 00 00 00 00 00 00 a6 e5 77 95 3d 7c d2 01 ..........w.=|..
a6 65 be b1 c3 7c d2 01 a6 95 35 ee b2 7c d2 01 .e...|....5..|..
10 00 00 00 ff ff ff ff a6 65 be b1 c3 7c d2 01 .........e...|..
20 00 00 00 01 00 00 80 80 40 47 0d 4e 66 d0 01  ........@G.Nf..
80 51 01 00 26 00 00 00 00 00 00 00 00 00 00 00 .Q..&...........
f0 18 00 00 68 00 74 00 74 00 70 00 3a 00 2f 00 ....h.t.t.p.:./.
2f 00 63 00 74 00 6c 00 64 00 6c 00 2e 00 77 00 /.c.t.l.d.l...w.
69 00 6e 00 64 00 6f 00 77 00 73 00 75 00 70 00 i.n.d.o.w.s.u.p.
64 00 61 00 74 00 65 00 2e 00 63 00 6f 00 6d 00 d.a.t.e...c.o.m.
2f 00 6d 00 73 00 64 00 6f 00 77 00 6e 00 6c 00 /.m.s.d.o.w.n.l.
6f 00 61 00 64 00 2f 00 75 00 70 00 64 00 61 00 o.a.d./.u.p.d.a.
74 00 65 00 2f 00 76 00 33 00 2f 00 73 00 74 00 t.e./.v.3./.s.t.
61 00 74 00 69 00 63 00 2f 00 74 00 72 00 75 00 a.t.i.c./.t.r.u.
73 00 74 00 65 00 64 00 72 00 2f 00 65 00 6e 00 s.t.e.d.r./.e.n.
2f 00 64 00 69 00 73 00 61 00 6c 00 6c 00 6f 00 /.d.i.s.a.l.l.o.
77 00 65 00 64 00 63 00 65 00 72 00 74 00 73 00 w.e.d.c.e.r.t.s.
74 00 6c 00 2e 00 63 00 61 00 62 00 00 00 22 00 t.l...c.a.b...".
38 00 30 00 34 00 30 00 34 00 37 00 64 00 34 00 8.0.4.0.4.7.d.4.
65 00 36 00 36 00 64 00 30 00 31 00 3a 00 30 00 e.6.6.d.0.1.:.0.
22 00 00 00                                     "...            
0x115655c8	FILE	18321	DATA	59d25ff8-8339-4585-8c8c-5dc2c8fa0fae	
00 00 00 00 00 00 00 00 00 00 00 00 88 70 88 04 .............p..
cf 7e d0 01                                     .~..            
0x115659c8	FILE	18322	DATA	59d8c817-1c2a-4623-99a4-5f8b63fe086c	
00 00 00 00 00 00 00 00 00 00 00 00 46 1b 15 05 ............F...
cf 7e d0 01                                     .~..            
0x11565dc8	FILE	18323	DATA	5a40e926-9e86-4b89-9cfd-b12311724371	
00 00 00 00 00 00 00 00 00 00 00 00 6f 7d 12 2d ............o}.-
41 04 ca 01                                     A...            
0x1156e5c8	FILE	521	DATA	05ca5126-74f1-40ff-8850-ec0c381179f5	
00 00 00 00 00 00 00 00 00 00 00 00 54 4b 78 94 ............TKx.
a6 08 d3 01                                     ....            
0x1156e928	FILE	522	DATA	CiAB0001.000	
00 00 42 00 00 00 00 00 00 00 00 00 00 00 00 00 ..B.............
00 00 00 00 00 00 00 00 00 00 00 00 00 00 00 00 ................
00 00 00 00 00 00 00 00 00 00 00 00 00 00 00 00 ................
53 48 52 46 00 00 00 00 00 00 00 00 00 00 00 00 SHRF............
00 00 00 00 00 00 00 00 00 00 00 00 00 00 00 00 ................
00 00 00 00 00 00 00 00 00 00 00 00 00 00 00 00 ................
00 00 00 00 00 00 00 00 00 00 00 00 00 00 00 00 ................
00 00 00 00 00 00 00 00 00 00 00 00 00 00 00 00 ................
00 00 00 00 00 00 00 00 00 00 00 00 00 00 00 00 ................
00 00 00 00 00 00 00 00 00 00 00 00 00 00 00 00 ................
00 00 00 00 00 00 00 00 00 00 00 00 00 00 00 00 ................
00 00 00 00 00 00 00 00 00 00 00 00 00 00 00 00 ................
00 00 00 00 00 00 00 00 00 00 00 00 00 00 00 00 ................
00 00 00 00 00 00 00 00 00 00 00 00 00 00 00 00 ................
00 00 00 00 00 00 00 00 00 00 00 00 53 48 52 49 ............SHRI
0x1159c5c8	FILE	19045	DATA	b0cbab43-44fc-469b-a4ce-87426761fdce	
00 00 00 00 00 00 00 00 00 00 00 00 f9 30 95 2f .............0./
41 04 ca 01                                     A...            
0x1159c9c8	FILE	19046	DATA	b4f844a3-e477-4673-a8ea-58c22f84109a	
00 00 00 00 00 00 00 00 00 00 00 00 d6 e2 db 04 ................
cf 7e d0 01                                     .~..            
0x1159cdc8	FILE	19047	DATA	b889ab5d-f7d2-47ff-92a1-3ec877b7e01c	
02 00 00 00 00 00 00 00 00 00 00 00 62 00 38 00 ............b.8.
38 00 39 00 61 00 62 00 35 00 64 00 2d 00 66 00 8.9.a.b.5.d.-.f.
37 00 64 00 32 00 2d 00 34 00 37 00 66 00 66 00 7.d.2.-.4.7.f.f.
2d 00 39 00 32 00 61 00 31 00 2d 00 33 00 65 00 -.9.2.a.1.-.3.e.
63 00 38 00 37 00 37 00 62 00 37 00 65 00 30 00 c.8.7.7.b.7.e.0.
31 00 63 00 00 00 00 00 00 00 00 00 06 00 00 00 1.c.............
b0 00 00 00 00 00 00 00 90 00 00 00 00 00 00 00 ................
14 00 00 00 00 00 00 00 00 00 00 00 00 00 00 00 ................
02 00 00 00 d6 ab 4d 96 9a 12 00 f3 ae ba 3c 5c ......M.......<\
a7 42 7c 6b f8 43 00 00 0e 80 00 00 10 66 00 00 .B|k.C.......f..
b8 0e d1 0a 13 e0 51 a2 98 f0 0e 28 f0 43 3d a6 ......Q....(.C=.
d6 e2 1f d7 65 fb c9 94 db 34 36 29 86 52 ae 71 ....e....46).R.q
29 2b 70 91 39 78 a8 6b d2 b6 14 5c 69 6d e5 f6 )+p.9x.k...\im..
3a 70 16 69 ed ea 88 e1 6a a8 0b b0 c8 39 8f 7d :p.i....j....9.}
03 94 a4 f2 2a 88 d0 81 a7 ae aa 76 de 3d cd 42 ....*......v.=.B
6b 7c 96 97 f5 8d 45 f0 5e 2b 0f 83 ba b6 66 d8 k|....E.^+....f.
0b e1 0d 07 3e bc 90 ae 10 58 e6 4a fd 8c 73 2e ....>....X.J..s.
34 b5 da 58 fc 0e e2 d2 fe 42 e9 3d a3 af 88 1e 4..X.....B.=....
53 09 68 4a 21 2f 22 12 56 1a 79 43 df b0 c5 bd S.hJ!/".V.yC....
02 00 00 00 6c 05 5d 5e e5 2f 01 33 5d ab 22 ca ....l.]^./.3].".
f4 8d 81 26 f8 43 00 00 0e 80 00 00 10 66 00 00 ...&.C.......f..
02 0f 2e e7 8f e2 a3 0d ce de 9f 19 5d cf 77 19 ............].w.
73 9c fc 5e 80 ce 83 32 15 d2 9a c6 84 0d 91 ad s..^...2........
f8 9f e3 94 72 ce cd d8 e0 3e 41 fc 9e f0 b1 51 ....r....>A....Q
6b 28 b7 a0 d0 01 09 25 8b c4 dc 79 5d ea 05 93 k(.....%...y]...
21 6e 09 2e 0e cc ff 7a bc 69 a3 28 fa 2e 2b 16 !n.....z.i.(..+.
c6 71 c7 9f 84 a6 64 f9 af 94 31 a2 0e 69 bb a5 .q....d...1..i..
e1 0f 4f 96 3e 37 8e 1c 9c f0 7a 49 95 bb ba 61 ..O.>7....zI...a
03 00 00 00 00 00 00 00 00 00 00 00 00 00 00 00 ................
00 00 00 00                                     ....            
0x11788a50	FILE	571	DATA	TMP00000008F432D15F5E0BE674	-
0x117ee1c8	FILE	18328	DATA	63ffc0e1-eaa4-4a44-85d4-013f6934df5d	
00 00 00 00 00 00 00 00 00 00 00 00 10 b6 50 05 ..............P.
cf 7e d0 01                                     .~..            
0x117ee5c8	FILE	18329	DATA	6674452c-9f33-4ef0-a257-f486bdfa1e0a	
00 00 00 00 00 00 00 00 00 00 00 00 c4 7a 55 05 .............zU.
cf 7e d0 01                                     .~..            
0x117ee9c8	FILE	18330	DATA	6738ba6e-ea75-4b6b-b8b8-71f0336dd8ef	
00 00 00 00 00 00 00 00 00 00 00 00 b9 72 83 2e .............r..
41 04 ca 01                                     A...            
0x117eedc8	FILE	18331	DATA	67b40514-a34e-4303-b4a7-35c9bdb631f0	
00 00 00 00 00 00 00 00 00 00 00 00 dc 5a b3 04 .............Z..
cf 7e d0 01                                     .~..            
0x119fa1c0	FILE	40044	DATA	F90F18257CBB4D84216AC1E1F3BB2C76	
30 82 02 22 30 82 01 0a 02 01 01 30 0d 06 09 2a 0.."0......0...*
86 48 86 f7 0d 01 01 05 05 00 30 77 31 0b 30 09 .H........0w1.0.
06 03 55 04 06 13 02 55 53 31 13 30 11 06 03 55 ..U....US1.0...U
04 08 13 0a 57 61 73 68 69 6e 67 74 6f 6e 31 10 ....Washington1.
30 0e 06 03 55 04 07 13 07 52 65 64 6d 6f 6e 64 0...U....Redmond
31 1e 30 1c 06 03 55 04 0a 13 15 4d 69 63 72 6f 1.0...U....Micro
73 6f 66 74 20 43 6f 72 70 6f 72 61 74 69 6f 6e soft Corporation
31 21 30 1f 06 03 55 04 03 13 18 4d 69 63 72 6f 1!0...U....Micro
73 6f 66 74 20 54 69 6d 65 2d 53 74 61 6d 70 20 soft Time-Stamp 
50 43 41 17 0d 31 35 30 33 30 34 32 32 31 36 30 PCA..15030422160
37 5a 17 0d 31 35 30 36 30 33 31 30 33 36 30 37 7Z..150603103607
5a a0 5f 30 5d 30 1f 06 03 55 1d 23 04 18 30 16 Z._0]0...U.#..0.
80 14 23 34 f8 d9 52 46 70 0a ed 40 fb 76 fb b3 ..#4..RFp..@.v..
2b b0 c3 35 b3 0f 30 10 06 09 2b 06 01 04 01 82 +..5..0...+.....
37 15 01 04 03 02 01 00 30 0a 06 03 55 1d 14 04 7.......0...U...
03 02 01 32 30 1c 06 09 2b 06 01 04 01 82 37 15 ...20...+.....7.
04 04 0f 17 0d 31 35 30 36 30 32 32 32 32 36 30 .....15060222260
37 5a 30 0d 06 09 2a 86 48 86 f7 0d 01 01 05 05 7Z0...*.H.......
00 03 82 01 01 00 59 ac f1 7d 79 60 02 92 d9 9d ......Y..}y`....
54 c2 5a b6 9e 60 42 3c ab da 49 9c 4e df d2 4f T.Z..`B<..I.N..O
81 9a e5 20 45 3a f8 ba c8 a7 37 dc 0c 1d 18 19 ... E:....7.....
b0 61 cc f8 29 08 8b a2 ff ad ec c6 ce 8b e9 5f .a..).........._
7c 57 35 6c 61 6f 71 69 28 c5 f4 3e 74 7e f9 03 |W5laoqi(..>t~..
22 de aa 07 26 60 c2 0a 5f bc 37 4a 93 d8 8a 3a "...&`.._.7J...:
e0 0c 7b 62 4f 5f 4b 79 69 80 92 0c 52 9a 89 b1 ..{bO_Kyi...R...
21 88 a5 ea 42 b9 73 2e c3 49 18 63 26 6a 8a cb !...B.s..I.c&j..
a9 28 49 5c e1 53 7b c9 5f 3b 40 42 89 d8 03 5b .(I\.S{._;@B...[
69 e9 65 11 5b 80 22 06 0d 80 52 60 20 5c b7 89 i.e.[."...R` \..
93 1f c2 92 9d ef 98 0d 16 4d 5e 6b c6 3d 71 5b .........M^k.=q[
06 56 a3 bd e1 39 79 1a c9 47 ce 31 6f 23 6b 33 .V...9y..G.1o#k3
3c 1a 57 d9 a9 da fa ac f4 cb 48 9b 24 3e 7d bb <.W.......H.$>}.
e6 d1 55 8f 09 9e 32 71 79 64 32 7c 62 ad 66 42 ..U...2qyd2|b.fB
ef fb 1f c8 ed 72 0b a3 db e9 48 b3 50 0a 9f c7 .....r....H.P...
3b 0c fe e0 db 51 82 16 86 62 d4 9c 9c fc b1 c2 ;....Q...b......
35 25 ab 50 83 23                               5%.P.#          
0x119fa5c8	FILE	40045	DATA	fa2bc0a6-8d4b-458a-85c8-2b8c72487513	
00 00 00 00 00 00 00 00 00 00 00 00 e9 64 26 30 .............d&0
41 04 ca 01                                     A...            
0x119fa9c8	FILE	40046	DATA	fdd56c73-f0d5-41b6-b767-6effd7966428	
00 00 00 00 00 00 00 00 00 00 00 00 aa 27 2b 30 .............'+0
41 04 ca 01                                     A...            
0x119fadc8	FILE	40047	DATA	fb3c354d-297a-4eb2-9b58-090f6361906b	
00 00 00 00 00 00 00 00 00 00 00 00 aa 27 2b 30 .............'+0
41 04 ca 01                                     A...            
0x11c7a5c8	FILE	18345	DATA	753c47ae-ec5e-44b3-95a9-2c8e553f0e39	
00 00 00 00 00 00 00 00 00 00 00 00 7a 35 88 2e ............z5..
41 04 ca 01                                     A...            
0x11c7adc0	FILE	18347	DATA	77EC63BDA74BD0D0E0426DC8F8008506	
70 00 00 00 01 01 02 20 01 00 00 00 ae 00 00 00 p...... ........
5e 75 85 50 cf 7e d0 01 28 00 00 00 05 00 00 00 ^u.P.~..(.......
00 00 00 00 00 00 00 00 f5 fc a3 48 c9 79 d2 01 ...........H.y..
f5 3c 88 71 49 7f d2 01 f5 5c 53 dc e4 7e d2 01 .<.qI....\S..~..
10 00 00 00 ff ff ff ff f5 3c 88 71 49 7f d2 01 .........<.qI...
20 00 00 00 00 00 00 00 00 00 00 00 00 00 00 00  ...............
00 00 00 00 00 00 00 00 00 00 00 00 00 00 00 00 ................
00 00 00 00 68 00 74 00 74 00 70 00 3a 00 2f 00 ....h.t.t.p.:./.
2f 00 63 00 74 00 6c 00 64 00 6c 00 2e 00 77 00 /.c.t.l.d.l...w.
69 00 6e 00 64 00 6f 00 77 00 73 00 75 00 70 00 i.n.d.o.w.s.u.p.
64 00 61 00 74 00 65 00 2e 00 63 00 6f 00 6d 00 d.a.t.e...c.o.m.
2f 00 6d 00 73 00 64 00 6f 00 77 00 6e 00 6c 00 /.m.s.d.o.w.n.l.
6f 00 61 00 64 00 2f 00 75 00 70 00 64 00 61 00 o.a.d./.u.p.d.a.
74 00 65 00 2f 00 76 00 33 00 2f 00 73 00 74 00 t.e./.v.3./.s.t.
61 00 74 00 69 00 63 00 2f 00 74 00 72 00 75 00 a.t.i.c./.t.r.u.
73 00 74 00 65 00 64 00 72 00 2f 00 65 00 6e 00 s.t.e.d.r./.e.n.
2f 00 61 00 75 00 74 00 68 00 72 00 6f 00 6f 00 /.a.u.t.h.r.o.o.
74 00 73 00 74 00 6c 00 2e 00 63 00 61 00 62 00 t.s.t.l...c.a.b.
00 00                                           ..              
0x11c7f1c0	FILE	18352	DATA	7B2238AACCEDC3F1FFE8E7EB5F575EC9	
30 82 02 24 30 82 01 0c 02 01 01 30 0d 06 09 2a 0..$0......0...*
86 48 86 f7 0d 01 01 05 05 00 30 79 31 0b 30 09 .H........0y1.0.
06 03 55 04 06 13 02 55 53 31 13 30 11 06 03 55 ..U....US1.0...U
04 08 13 0a 57 61 73 68 69 6e 67 74 6f 6e 31 10 ....Washington1.
30 0e 06 03 55 04 07 13 07 52 65 64 6d 6f 6e 64 0...U....Redmond
31 1e 30 1c 06 03 55 04 0a 13 15 4d 69 63 72 6f 1.0...U....Micro
73 6f 66 74 20 43 6f 72 70 6f 72 61 74 69 6f 6e soft Corporation
31 23 30 21 06 03 55 04 03 13 1a 4d 69 63 72 6f 1#0!..U....Micro
73 6f 66 74 20 43 6f 64 65 20 53 69 67 6e 69 6e soft Code Signin
67 20 50 43 41 17 0d 30 39 30 32 32 38 30 31 35 g PCA..090228015
31 32 30 5a 17 0d 30 39 30 37 31 38 31 34 31 31 120Z..0907181411
32 30 5a a0 5f 30 5d 30 1f 06 03 55 1d 23 04 18 20Z._0]0...U.#..
30 16 80 14 cc 1d ce 76 00 70 5b af f1 da c4 4e 0......v.p[....N
9a 51 44 2e a3 44 63 f0 30 10 06 09 2b 06 01 04 .QD..Dc.0...+...
01 82 37 15 01 04 03 02 01 00 30 0a 06 03 55 1d ..7.......0...U.
14 04 03 02 01 0b 30 1c 06 09 2b 06 01 04 01 82 ......0...+.....
37 15 04 04 0f 17 0d 30 39 30 37 31 38 30 32 30 7......090718020
31 32 30 5a 30 0d 06 09 2a 86 48 86 f7 0d 01 01 120Z0...*.H.....
05 05 00 03 82 01 01 00 a7 c7 d7 5b f6 cb 69 88 ...........[..i.
a0 fb 7f 96 d7 32 46 98 5a 24 2b d9 ed b8 90 66 .....2F.Z$+....f
06 5b 06 4d 0c d4 8e 3b a9 42 4a 1c db c1 91 2b .[.M...;.BJ....+
b1 d3 cf 3c 61 fb ae a5 3a d4 87 c5 d6 45 32 71 ...<a...:....E2q
81 fa 43 ff 72 74 43 a0 f6 b9 74 6f 30 a4 e8 c0 ..C.rtC...to0...
43 ee 82 28 6c 0b df 2f 89 99 76 7c 5a 25 3f 4d C..(l../..v|Z%?M
51 4c 62 ad 17 cc 11 48 31 b9 46 8c 3f 8a 22 5c QLb....H1.F.?."\
96 93 57 9b d6 64 5e 41 fc bb 31 4e 55 6a af 86 ..W..d^A..1NUj..
a2 30 6e f8 1d cf 16 9e 7c 6d 8f c1 0a 83 72 7f .0n.....|m....r.
a3 a1 09 eb 12 4e 2d 9a 7e 42 83 17 a0 f1 08 bf .....N-.~B......
79 b1 1f 68 21 d8 cc d0 80 f5 86 76 f2 50 e2 e2 y..h!......v.P..
c2 01 38 b1 8d e8 ea a3 e9 8a 0c bb 41 66 a1 21 ..8.........Af.!
7c f6 c0 1c 64 ed 87 dd af cb 33 fd 21 4c 4f 1b |...d.....3.!LO.
3c d9 18 9f 7d ef cc fb 9c ca d9 b5 82 5d 83 f0 <...}........]..
5d 91 f9 fb 85 e8 a3 cd 50 9d b9 be fc dd 0c 01 ].......P.......
a6 5f ef e1 54 e3 05 96 05 87 e1 b2 d2 f7 2e db ._..T...........
d8 8f 09 46 dc 2e d8 f9                         ...F....        
0x11c7f9c8	FILE	18354	DATA	808a7654-f268-4391-8ae5-30a4980a1030	
00 00 00 00 00 00 00 00 00 00 00 00 2e 0e 86 04 ................
cf 7e d0 01                                     .~..            
0x11c7fdc8	FILE	18355	DATA	81540b9f-b5bf-47eb-9c95-be195bf2c664	
00 00 00 00 00 00 00 00 00 00 00 00 1c df 98 2e ................
41 04 ca 01                                     A...            
0x125d9528	FILE	525	DATA	CiAB0002.000	
00 00 42 00 00 00 00 00 01 00 00 00 00 00 00 00 ..B.............
42 00 00 00 58 0b 00 00 00 00 00 00 00 00 00 00 B...X...........
42 00 00 00 58 0b 00 00 00 00 00 00 00 00 00 00 B...X...........
53 48 52 46 00 00 00 00 00 00 00 00 00 00 00 00 SHRF............
00 00 00 00 00 00 00 00 00 00 00 00 00 00 00 00 ................
00 00 00 00 00 00 00 00 00 00 00 00 00 00 00 00 ................
00 00 00 00 00 00 00 00 00 00 00 00 00 00 00 00 ................
00 00 00 00 00 00 00 00 00 00 00 00 00 00 00 00 ................
00 00 00 00 00 00 00 00 00 00 00 00 00 00 00 00 ................
00 00 00 00 00 00 00 00 00 00 00 00 00 00 00 00 ................
00 00 00 00 00 00 00 00 00 00 00 00 00 00 00 00 ................
00 00 00 00 00 00 00 00 00 00 00 00 00 00 00 00 ................
00 00 00 00 00 00 00 00 00 00 00 00 00 00 00 00 ................
00 00 00 00 00 00 00 00 00 00 00 00 00 00 00 00 ................
00 00 00 00 00 00 00 00 00 00 00 00 53 48 52 49 ............SHRI
0x12870a00	FILE	84046	DATA	D47DBD2F9E3365FBBE008D71FB06716F_D33192D58AA9CA2B9097E848E9FE86DE	
70 00 00 00 01 01 02 20 01 00 00 00 24 01 00 00 p...... ....$...
ff 64 0f d2 c9 79 d2 01 28 00 00 00 03 00 00 00 .d...y..(.......
32 00 00 00 00 00 00 00 80 e1 69 e7 31 79 d2 01 2.........i.1y..
80 21 4e 10 b2 7e d2 01 00 00 00 00 00 00 00 00 .!N..~..........
10 00 00 00 00 00 00 00 80 21 4e 10 b2 7e d2 01 .........!N..~..
20 00 00 00 00 00 00 00 80 e1 69 e7 31 79 d2 01  .........i.1y..
12 3c 08 00 00 00 00 00 00 00 00 00 00 00 00 00 .<..............
ae 05 00 00 68 00 74 00 74 00 70 00 3a 00 2f 00 ....h.t.t.p.:./.
2f 00 6f 00 63 00 73 00 70 00 2e 00 76 00 65 00 /.o.c.s.p...v.e.
72 00 69 00 73 00 69 00 67 00 6e 00 2e 00 63 00 r.i.s.i.g.n...c.
6f 00 6d 00 2f 00 4d 00 46 00 45 00 77 00 54 00 o.m./.M.F.E.w.T.
7a 00 42 00 4e 00 4d 00 45 00 73 00 77 00 53 00 z.B.N.M.E.s.w.S.
54 00 41 00 4a 00 42 00 67 00 55 00 72 00 44 00 T.A.J.B.g.U.r.D.
67 00 4d 00 43 00 47 00 67 00 55 00 41 00 42 00 g.M.C.G.g.U.A.B.
42 00 52 00 49 00 74 00 32 00 52 00 4a 00 38 00 B.R.I.t.2.R.J.8.
39 00 58 00 25 00 32 00 42 00 25 00 32 00 42 00 9.X.%.2.B.%.2.B.
68 00 45 00 7a 00 71 00 6f 00 42 00 65 00 51 00 h.E.z.q.o.B.e.Q.
67 00 38 00 50 00 79 00 6d 00 51 00 32 00 55 00 g.8.P.y.m.Q.2.U.
51 00 51 00 55 00 41 00 4e 00 68 00 61 00 54 00 Q.Q.U.A.N.h.a.T.
43 00 58 00 42 00 49 00 75 00 57 00 4c 00 4d 00 C.X.B.I.u.W.L.M.
65 00 39 00 74 00 75 00 76 00 50 00 4d 00 58 00 e.9.t.u.v.P.M.X.
79 00 6e 00 78 00 44 00 57 00 45 00 43 00 45 00 y.n.x.D.W.E.C.E.
43 00 55 00 4d 00 36 00 4f 00 41 00 77 00 59 00 C.U.M.6.O.A.w.Y.
53 00 36 00 66 00 4b 00 34 00 6e 00 33 00 42 00 S.6.f.K.4.n.3.B.
55 00 31 00 38 00 25 00 32 00 42 00 50 00 30 00 U.1.8.%.2.B.P.0.
25 00 33 00 44 00 00 00                         %.3.D...        
0x12b59990	FILE	37998	DATA	migip.dun	
5b 50 68 6f 6e 65 5d 0d 0a 44 69 61 6c 5f 41 73 [Phone]..Dial_As
5f 49 73 3d 4e 4f 0d 0a 43 6f 75 6e 74 72 79 5f _Is=NO..Country_
49 44 3d 31 0d 0a 41 72 65 61 5f 43 6f 64 65 3d ID=1..Area_Code=
34 32 35 0d 0a 0d 0a 5b 45 6e 74 72 79 5d 0d 0a 425....[Entry]..
45 6e 74 72 79 5f 4e 61 6d 65 3d 4d 6f 64 65 6d Entry_Name=Modem
20 64 69 61 6c 2d 75 70 0d 0a 0d 0a 5b 53 65 72  dial-up....[Ser
76 65 72 5d 0d 0a 54 79 70 65 3d 50 50 50 0d 0a ver]..Type=PPP..
53 57 5f 43 6f 6d 70 72 65 73 73 3d 59 45 53 0d SW_Compress=YES.
0a 4e 65 67 6f 74 69 61 74 65 5f 54 43 50 2f 49 .Negotiate_TCP/I
50 3d 59 45 53 0d 0a 44 69 73 61 62 6c 65 5f 4c P=YES..Disable_L
43 50 3d 79 65 73 0d 0a 0d 0a 5b 54 43 50 2f 49 CP=yes....[TCP/I
50 5d 0d 0a 53 70 65 63 69 66 79 5f 49 50 5f 41 P]..Specify_IP_A
64 64 72 65 73 73 3d 4e 4f 0d 0a 53 70 65 63 69 ddress=NO..Speci
66 79 5f 53 65 72 76 65 72 5f 41 64 64 72 65 73 fy_Server_Addres
73 3d 4e 4f 0d 0a 49 50 5f 48 65 61 64 65 72 5f s=NO..IP_Header_
43 6f 6d 70 72 65 73 73 3d 59 45 53 0d 0a 47 61 Compress=YES..Ga
74 65 77 61 79 5f 4f 6e 5f 52 65 6d 6f 74 65 3d teway_On_Remote=
59 45 53 0d 0a 0d 0a 5b 55 73 65 72 5d 0d 0a 4e YES....[User]..N
61 6d 65 3d 56 69 73 74 61 40 67 6e 2e 6d 69 63 ame=Vista@gn.mic
72 6f 73 6f 66 74 2e 63 6f 6d 0d 0a 50 61 73 73 rosoft.com..Pass
77 6f 72 64 3d 21 4d 6f 35 38 53 75 56 74 33 57 word=!Mo58SuVt3W
7a 0d 0a                                        z..             
0x12b59d90	FILE	37999	DATA	migip.dun	
5b 50 68 6f 6e 65 5d 0d 0a 44 69 61 6c 5f 41 73 [Phone]..Dial_As
5f 49 73 3d 4e 4f 0d 0a 43 6f 75 6e 74 72 79 5f _Is=NO..Country_
49 44 3d 31 0d 0a 41 72 65 61 5f 43 6f 64 65 3d ID=1..Area_Code=
34 32 35 0d 0a 0d 0a 5b 45 6e 74 72 79 5d 0d 0a 425....[Entry]..
45 6e 74 72 79 5f 4e 61 6d 65 3d 4d 6f 64 65 6d Entry_Name=Modem
20 64 69 61 6c 2d 75 70 0d 0a 0d 0a 5b 53 65 72  dial-up....[Ser
76 65 72 5d 0d 0a 54 79 70 65 3d 50 50 50 0d 0a ver]..Type=PPP..
53 57 5f 43 6f 6d 70 72 65 73 73 3d 59 45 53 0d SW_Compress=YES.
0a 4e 65 67 6f 74 69 61 74 65 5f 54 43 50 2f 49 .Negotiate_TCP/I
50 3d 59 45 53 0d 0a 44 69 73 61 62 6c 65 5f 4c P=YES..Disable_L
43 50 3d 79 65 73 0d 0a 0d 0a 5b 54 43 50 2f 49 CP=yes....[TCP/I
50 5d 0d 0a 53 70 65 63 69 66 79 5f 49 50 5f 41 P]..Specify_IP_A
64 64 72 65 73 73 3d 4e 4f 0d 0a 53 70 65 63 69 ddress=NO..Speci
66 79 5f 53 65 72 76 65 72 5f 41 64 64 72 65 73 fy_Server_Addres
73 3d 4e 4f 0d 0a 49 50 5f 48 65 61 64 65 72 5f s=NO..IP_Header_
43 6f 6d 70 72 65 73 73 3d 59 45 53 0d 0a 47 61 Compress=YES..Ga
74 65 77 61 79 5f 4f 6e 5f 52 65 6d 6f 74 65 3d teway_On_Remote=
59 45 53 0d 0a 0d 0a 5b 55 73 65 72 5d 0d 0a 4e YES....[User]..N
61 6d 65 3d 56 69 73 74 61 40 67 6e 2e 6d 69 63 ame=Vista@gn.mic
72 6f 73 6f 66 74 2e 63 6f 6d 0d 0a 50 61 73 73 rosoft.com..Pass
77 6f 72 64 3d 21 4d 6f 35 38 53 75 56 74 33 57 word=!Mo58SuVt3W
7a 0d 0a                                        z..             
0x12ce91b0	FILE	81848	DATA	2836_1076453.back.xml	
3c 3f 78 6d 6c 20 76 65 72 73 69 6f 6e 3d 27 31 <?xml version='1
2e 30 27 20 65 6e 63 6f 64 69 6e 67 3d 27 75 74 .0' encoding='ut
66 2d 38 27 3f 3e 0a 3c 53 65 73 73 69 6f 6e 20 f-8'?>.<Session 
76 65 72 73 69 6f 6e 3d 22 31 2e 30 22 20 69 64 version="1.0" id
3d 22 32 38 33 36 5f 31 30 37 36 34 35 33 22 20 ="2836_1076453" 
63 6c 69 65 6e 74 3d 22 44 49 53 4d 20 50 61 63 client="DISM Pac
6b 61 67 65 20 4d 61 6e 61 67 65 72 20 50 72 6f kage Manager Pro
76 69 64 65 72 22 20 6f 70 74 69 6f 6e 73 3d 22 vider" options="
30 22 20 63 75 72 72 65 6e 74 50 68 61 73 65 3d 0" currentPhase=
22 31 22 20 6c 61 73 74 53 75 63 63 65 73 73 66 "1" lastSuccessf
75 6c 53 74 61 74 65 3d 22 51 75 65 75 65 64 22 ulState="Queued"
20 70 65 6e 64 69 6e 67 46 6f 6c 6c 6f 77 65 72  pendingFollower
3d 22 66 61 6c 73 65 22 20 72 65 74 72 79 3d 22 ="false" retry="
66 61 6c 73 65 22 3e 0a 20 20 20 20 3c 54 61 73 false">.    <Tas
6b 73 3e 0a 20 20 20 20 20 20 20 20 3c 50 68 61 ks>.        <Pha
73 65 20 73 65 71 3d 22 31 22 3e 0a 20 20 20 20 se seq="1">.    
20 20 20 20 20 20 20 20 3c 70 61 63 6b 61 67 65         <package
20 69 64 3d 22 4d 69 63 72 6f 73 6f 66 74 2d 57  id="Microsoft-W
69 6e 64 6f 77 73 2d 43 6c 69 65 6e 74 2d 4c 61 indows-Client-La
6e 67 75 61 67 65 50 61 63 6b 2d 50 61 63 6b 61 nguagePack-Packa
67 65 7e 33 31 62 66 33 38 35 36 61 64 33 36 34 ge~31bf3856ad364
65 33 35 7e 61 6d 64 36 34 7e 65 6e 2d 55 53 7e e35~amd64~en-US~
36 2e 31 2e 37 36 30 30 2e 31 36 33 38 35 22 20 6.1.7600.16385" 
6e 61 6d 65 3d 22 4c 61 6e 67 75 61 67 65 20 50 name="Language P
61 63 6b 22 20 74 61 72 67 65 74 53 74 61 74 65 ack" targetState
3d 22 41 62 73 65 6e 74 22 20 6f 70 74 69 6f 6e ="Absent" option
73 3d 22 35 22 2f 3e 0a 20 20 20 20 20 20 20 20 s="5"/>.        
3c 2f 50 68 61 73 65 3e 0a 20 20 20 20 3c 2f 54 </Phase>.    </T
61 73 6b 73 3e 0a 20 20 20 20 3c 41 63 74 69 6f asks>.    <Actio
6e 73 3e 0a 20 20 20 20 20 20 20 20 3c 50 68 61 ns>.        <Pha
73 65 20 73 65 71 3d 22 31 22 20 72 65 62 6f 6f se seq="1" reboo
74 52 65 71 75 69 72 65 64 3d 22 66 61 6c 73 65 tRequired="false
22 3e 0a 20 20 20 20 20 20 20 20 3c 2f 50 68 61 ">.        </Pha
73 65 3e 0a 20 20 20 20 3c 2f 41 63 74 69 6f 6e se>.    </Action
73 3e 0a 3c 2f 53 65 73 73 69 6f 6e 3e 0a       s>.</Session>.  
0x12d575a0	FILE	37989	DATA	hpfscw73.dtd	
3c 3f 78 6d 6c 20 76 65 72 73 69 6f 6e 3d 22 31 <?xml version="1
2e 30 22 20 65 6e 63 6f 64 69 6e 67 3d 22 75 74 .0" encoding="ut
66 2d 38 22 3f 3e 0d 0a 3c 21 45 4c 45 4d 45 4e f-8"?>..<!ELEMEN
54 20 63 6f 6d 70 6f 6e 65 6e 74 20 28 73 6f 66 T component (sof
74 77 61 72 65 29 3e 0d 0a 3c 21 45 4c 45 4d 45 tware)>..<!ELEME
4e 54 20 50 6d 6c 4f 49 44 73 20 28 70 6d 6c 64 NT PmlOIDs (pmld
61 74 61 2a 29 3e 0d 0a 3c 21 45 4c 45 4d 45 4e ata*)>..<!ELEMEN
54 20 70 6d 6c 64 61 74 61 20 28 70 6d 6c 6e 61 T pmldata (pmlna
6d 65 3f 2c 20 6f 69 64 76 61 6c 75 65 3f 29 3e me?, oidvalue?)>
0d 0a 3c 21 45 4c 45 4d 45 4e 54 20 70 6d 6c 6e ..<!ELEMENT pmln
61 6d 65 20 28 23 50 43 44 41 54 41 29 3e 0d 0a ame (#PCDATA)>..
3c 21 45 4c 45 4d 45 4e 54 20 6f 69 64 76 61 6c <!ELEMENT oidval
75 65 20 28 23 50 43 44 41 54 41 29 3e 0d 0a 0d ue (#PCDATA)>...
0a 3c 21 45 4c 45 4d 45 4e 54 20 73 6f 66 74 77 .<!ELEMENT softw
61 72 65 20 28 66 69 6c 65 5f 68 65 61 64 65 72 are (file_header
2c 20 76 61 79 75 29 3e 0d 0a 3c 21 45 4c 45 4d , vayu)>..<!ELEM
45 4e 54 20 66 69 6c 65 5f 68 65 61 64 65 72 20 ENT file_header 
28 66 69 6c 65 5f 6e 61 6d 65 2c 20 66 69 6c 65 (file_name, file
5f 76 65 72 73 69 6f 6e 2c 20 66 69 6c 65 5f 74 _version, file_t
69 6d 65 73 74 61 6d 70 29 3e 0d 0a 3c 21 45 4c imestamp)>..<!EL
45 4d 45 4e 54 20 66 69 6c 65 5f 6e 61 6d 65 20 EMENT file_name 
28 23 50 43 44 41 54 41 29 3e 0d 0a 3c 21 45 4c (#PCDATA)>..<!EL
45 4d 45 4e 54 20 66 69 6c 65 5f 74 69 6d 65 73 EMENT file_times
74 61 6d 70 20 28 23 50 43 44 41 54 41 29 3e 0d tamp (#PCDATA)>.
0a 3c 21 45 4c 45 4d 45 4e 54 20 66 69 6c 65 5f .<!ELEMENT file_
76 65 72 73 69 6f 6e 20 28 23 50 43 44 41 54 41 version (#PCDATA
29 3e 0d 0a 0d 0a 3c 21 45 4c 45 4d 45 4e 54 20 )>....<!ELEMENT 
76 61 79 75 20 28 50 6d 6c 4f 49 44 73 29 3e    vayu (PmlOIDs)> 
0x12d57da0	FILE	37991	DATA	hpzscw72.dtd	
3c 3f 78 6d 6c 20 76 65 72 73 69 6f 6e 3d 22 31 <?xml version="1
2e 30 22 20 65 6e 63 6f 64 69 6e 67 3d 22 75 74 .0" encoding="ut
66 2d 38 22 3f 3e 0d 0a 3c 21 45 4c 45 4d 45 4e f-8"?>..<!ELEMEN
54 20 63 6f 6d 70 6f 6e 65 6e 74 20 28 73 6f 66 T component (sof
74 77 61 72 65 29 3e 0d 0a 3c 21 45 4c 45 4d 45 tware)>..<!ELEME
4e 54 20 50 6d 6c 4f 49 44 73 20 28 70 6d 6c 64 NT PmlOIDs (pmld
61 74 61 2a 29 3e 0d 0a 3c 21 45 4c 45 4d 45 4e ata*)>..<!ELEMEN
54 20 70 6d 6c 64 61 74 61 20 28 70 6d 6c 6e 61 T pmldata (pmlna
6d 65 3f 2c 20 6f 69 64 76 61 6c 75 65 3f 29 3e me?, oidvalue?)>
0d 0a 3c 21 45 4c 45 4d 45 4e 54 20 70 6d 6c 6e ..<!ELEMENT pmln
61 6d 65 20 28 23 50 43 44 41 54 41 29 3e 0d 0a ame (#PCDATA)>..
3c 21 45 4c 45 4d 45 4e 54 20 6f 69 64 76 61 6c <!ELEMENT oidval
75 65 20 28 23 50 43 44 41 54 41 29 3e 0d 0a 0d ue (#PCDATA)>...
0a 3c 21 45 4c 45 4d 45 4e 54 20 73 6f 66 74 77 .<!ELEMENT softw
61 72 65 20 28 66 69 6c 65 5f 68 65 61 64 65 72 are (file_header
2c 20 76 61 79 75 29 3e 0d 0a 3c 21 45 4c 45 4d , vayu)>..<!ELEM
45 4e 54 20 66 69 6c 65 5f 68 65 61 64 65 72 20 ENT file_header 
28 66 69 6c 65 5f 6e 61 6d 65 2c 20 66 69 6c 65 (file_name, file
5f 76 65 72 73 69 6f 6e 2c 20 66 69 6c 65 5f 74 _version, file_t
69 6d 65 73 74 61 6d 70 29 3e 0d 0a 3c 21 45 4c imestamp)>..<!EL
45 4d 45 4e 54 20 66 69 6c 65 5f 6e 61 6d 65 20 EMENT file_name 
28 23 50 43 44 41 54 41 29 3e 0d 0a 3c 21 45 4c (#PCDATA)>..<!EL
45 4d 45 4e 54 20 66 69 6c 65 5f 74 69 6d 65 73 EMENT file_times
74 61 6d 70 20 28 23 50 43 44 41 54 41 29 3e 0d tamp (#PCDATA)>.
0a 3c 21 45 4c 45 4d 45 4e 54 20 66 69 6c 65 5f .<!ELEMENT file_
76 65 72 73 69 6f 6e 20 28 23 50 43 44 41 54 41 version (#PCDATA
29 3e 0d 0a 0d 0a 3c 21 45 4c 45 4d 45 4e 54 20 )>....<!ELEMENT 
76 61 79 75 20 28 50 6d 6c 4f 49 44 73 29 3e 0d vayu (PmlOIDs)>.
0a                                              .               
0x12edb9d0	FILE	542	DATA	MpGearSupport_20170128_192008343.log	
ff fe                                           ..              
0x13662d20	FILE	83443	DATA	CREDHIST	
01 00 00 00 79 e0 b1 90 c7 25 0d 41 a9 e0 61 61 ....y....%.A..aa
8d 9e ec 1e 00 00 00 00                         ........        
0x139f7928	FILE	85618	DATA	setuperr.log	-
0x13f78120	FILE	85628	DATA	DMI1B05.tmp	-
0x13f83328	FILE	571	DATA	TMP000000042F2B3466A00CB9BB	-
0x146a49c8	FILE	26462	DATA	d0250f3f-6480-484f-b719-42f659ac64d5	
04 d3 72 1e 2e ea d2 01 00 00 00 00 2d 35 04 2d ..r.........-5.-
41 04 ca 01                                     A...            
0x146a4dc8	FILE	26463	DATA	eb02381f-d652-4b1c-894a-712498c62c51	
00 00 00 00 00 00 00 00 00 00 00 00 4a 43 e5 2c ............JC.,
41 04 ca 01                                     A...            
0x147074a0	FILE	571	DATA	TMP0000000733FE23A457A0F5A8	-
0x158af5c8	FILE	18285	DATA	7afcc0ca-7121-422a-ab45-b0e8d599ff08	
cd 83 a3 97 a5 08 d3 01 00 00 00 00             ............    
0x158af9c8	FILE	18286	DATA	4c8b01a2-11ff-4c41-848f-508ef4f00cf7	
fa 63 7f 95 a5 08 d3 01 00 00 00 00             .c..........    
0x158afdc8	FILE	18287	DATA	2470470f-2634-478e-b181-571e98a789bb	
45 08 6d 95 a5 08 d3 01 00 00 00 00             E.m.........    
0x15a83ca8	FILE	571	DATA	TMP00000003D71F6049CD7B9CB6	-
0x162c29a0	FILE	44654	DATA	RIARES17.INI	
5b 4f 45 4d 46 69 6c 65 73 5d 0d 0a 4f 45 4d 44 [OEMFiles]..OEMD
72 69 76 65 72 46 69 6c 65 31 3d 52 49 41 52 45 riverFile1=RIARE
53 37 2e 44 4c 4c 0d 0a 4f 45 4d 43 6f 6e 66 69 S7.DLL..OEMConfi
67 46 69 6c 65 31 3d 52 49 41 55 49 31 37 2e 44 gFile1=RIAUI17.D
4c 4c 0d 0a                                     LL..            
0x162c2da0	FILE	44655	DATA	RIARES27.INI	
5b 4f 45 4d 46 69 6c 65 73 5d 0d 0a 4f 45 4d 44 [OEMFiles]..OEMD
72 69 76 65 72 46 69 6c 65 31 3d 52 49 41 52 45 riverFile1=RIARE
53 37 2e 44 4c 4c 0d 0a 4f 45 4d 43 6f 6e 66 69 S7.DLL..OEMConfi
67 46 69 6c 65 31 3d 52 49 41 55 49 32 37 2e 44 gFile1=RIAUI27.D
4c 4c 0d 0a                                     LL..            
0x165e35a8	FILE	45025	DATA	Purble Place.lnk	
4c 00 00 00 01 14 02 00 00 00 00 00 c0 00 00 00 L...............
00 00 00 46 c5 01 00 00 00 00 00 00 00 00 00 00 ...F............
00 00 00 00 00 00 00 00 00 00 00 00 00 00 00 00 ................
00 00 00 00 00 00 00 00 00 00 00 00 01 00 00 00 ................
00 00 00 00 00 00 00 00 00 00 00 00 36 00 14 00 ............6...
1f 80 df 8f 22 ed a8 9e 70 48 83 b1 96 b0 2c fe ...."...pH....,.
0d 52 20 00 00 00 47 46 53 49 38 4d ca 91 2b ea .R ...GFSI8M..+.
3c 4f 94 de 36 c1 38 61 82 fc 00 00 00 00 00 00 <O..6.8a........
00 00 00 00 28 00 40 00 25 00 53 00 79 00 73 00 ....(.@.%.S.y.s.
74 00 65 00 6d 00 52 00 6f 00 6f 00 74 00 25 00 t.e.m.R.o.o.t.%.
5c 00 73 00 79 00 73 00 74 00 65 00 6d 00 33 00 \.s.y.s.t.e.m.3.
32 00 5c 00 67 00 61 00 6d 00 65 00 75 00 78 00 2.\.g.a.m.e.u.x.
2e 00 64 00 6c 00 6c 00 2c 00 2d 00 31 00 30 00 ..d.l.l.,.-.1.0.
33 00 30 00 37 00 3b 00 25 00 50 00 72 00 6f 00 3.0.7.;.%.P.r.o.
67 00 72 00 61 00 6d 00 46 00 69 00 6c 00 65 00 g.r.a.m.F.i.l.e.
73 00 25 00 5c 00 4d 00 69 00 63 00 72 00 6f 00 s.%.\.M.i.c.r.o.
73 00 6f 00 66 00 74 00 20 00 47 00 61 00 6d 00 s.o.f.t. .G.a.m.
65 00 73 00 5c 00 50 00 75 00 72 00 62 00 6c 00 e.s.\.P.u.r.b.l.
65 00 20 00 50 00 6c 00 61 00 63 00 65 00 5c 00 e. .P.l.a.c.e.\.
50 00 75 00 72 00 62 00 6c 00 65 00 50 00 6c 00 P.u.r.b.l.e.P.l.
61 00 63 00 65 00 2e 00 65 00 78 00 65 00 28 00 a.c.e...e.x.e.(.
00 00 09 00 00 a0 1c 00 00 00 31 53 50 53 e2 8a ..........1SPS..
58 46 bc 4c 38 43 bb fc 13 93 26 98 6d ce 00 00 XF.L8C....&.m...
00 00 00 00 00 00 00 00 00 00                   ..........      
0x168edda0	FILE	83727	DATA	container.dat	-
0x16a6a120	FILE	83600	DATA	desktop.ini	
5b 2e 53 68 65 6c 6c 43 6c 61 73 73 49 6e 66 6f [.ShellClassInfo
5d 0d 0a 4c 6f 63 61 6c 69 7a 65 64 52 65 73 6f ]..LocalizedReso
75 72 63 65 4e 61 6d 65 3d 40 25 77 69 6e 64 69 urceName=@%windi
72 25 5c 53 79 73 74 65 6d 33 32 5c 69 65 66 72 r%\System32\iefr
61 6d 65 2e 64 6c 6c 2c 2d 31 32 33 38 35 0d 0a ame.dll,-12385..
0x16a6a9b0	FILE	83602	DATA	Web Slice Gallery.url	
5b 7b 30 30 30 32 31 34 41 30 2d 30 30 30 30 2d [{000214A0-0000-
30 30 30 30 2d 43 30 30 30 2d 30 30 30 30 30 30 0000-C000-000000
30 30 30 30 34 36 7d 5d 0d 0a 50 72 6f 70 33 3d 000046}]..Prop3=
31 39 2c 32 0d 0a 5b 49 6e 74 65 72 6e 65 74 53 19,2..[InternetS
68 6f 72 74 63 75 74 5d 0d 0a 55 52 4c 3d 68 74 hortcut]..URL=ht
74 70 3a 2f 2f 67 6f 2e 6d 69 63 72 6f 73 6f 66 tp://go.microsof
74 2e 63 6f 6d 2f 66 77 6c 69 6e 6b 2f 3f 4c 69 t.com/fwlink/?Li
6e 6b 49 64 3d 31 32 31 33 31 35 0d 0a 49 44 4c nkId=121315..IDL
69 73 74 3d 0d 0a 5b 4d 6f 6e 69 74 6f 72 65 64 ist=..[Monitored
49 74 65 6d 5d 0d 0a 46 65 65 64 55 72 6c 3d 68 Item]..FeedUrl=h
74 74 70 3a 2f 2f 67 6f 2e 6d 69 63 72 6f 73 6f ttp://go.microso
66 74 2e 63 6f 6d 2f 66 77 6c 69 6e 6b 2f 3f 4c ft.com/fwlink/?L
69 6e 6b 49 64 3d 31 32 31 33 31 35 0d 0a 49 73 inkId=121315..Is
4c 69 76 65 50 72 65 76 69 65 77 3d 74 72 75 65 LivePreview=true
0d 0a                                           ..              
0x16bddda0	FILE	83699	DATA	container.dat	-
0x16becda0	FILE	83719	DATA	container.dat	-
0x16ff21a0	FILE	84008	DATA	qsonhs[1].json	
7b 22 41 53 22 3a 7b 22 51 75 65 72 79 22 3a 22 {"AS":{"Query":"
22 2c 22 46 75 6c 6c 52 65 73 75 6c 74 73 22 3a ","FullResults":
30 7d 7d                                        0}}             
0x1705f9a8	FILE	83738	DATA	Suggested Sites.url	
5b 7b 30 30 30 32 31 34 41 30 2d 30 30 30 30 2d [{000214A0-0000-
30 30 30 30 2d 43 30 30 30 2d 30 30 30 30 30 30 0000-C000-000000
30 30 30 30 34 36 7d 5d 0d 0a 50 72 6f 70 33 3d 000046}]..Prop3=
31 39 2c 31 31 0d 0a 5b 49 6e 74 65 72 6e 65 74 19,11..[Internet
53 68 6f 72 74 63 75 74 5d 0d 0a 55 52 4c 3d 68 Shortcut]..URL=h
74 74 70 73 3a 2f 2f 69 65 6f 6e 6c 69 6e 65 2e ttps://ieonline.
6d 69 63 72 6f 73 6f 66 74 2e 63 6f 6d 2f 23 69 microsoft.com/#i
65 73 6c 69 63 65 0d 0a 49 44 4c 69 73 74 3d 0d eslice..IDList=.
0a 49 63 6f 6e 46 69 6c 65 3d 68 74 74 70 73 3a .IconFile=https:
2f 2f 69 65 6f 6e 6c 69 6e 65 2e 6d 69 63 72 6f //ieonline.micro
73 6f 66 74 2e 63 6f 6d 2f 66 61 76 69 63 6f 6e soft.com/favicon
2e 69 63 6f 0d 0a 49 63 6f 6e 49 6e 64 65 78 3d .ico..IconIndex=
31 0d 0a 5b 4d 6f 6e 69 74 6f 72 65 64 49 74 65 1..[MonitoredIte
6d 5d 0d 0a 46 65 65 64 55 72 6c 3d 68 74 74 70 m]..FeedUrl=http
73 3a 2f 2f 69 65 6f 6e 6c 69 6e 65 2e 6d 69 63 s://ieonline.mic
72 6f 73 6f 66 74 2e 63 6f 6d 2f 23 69 65 73 6c rosoft.com/#iesl
69 63 65 0d 0a 50 72 65 76 69 65 77 53 69 7a 65 ice..PreviewSize
3d 33 32 30 78 32 34 30 0d 0a 49 73 4c 69 76 65 =320x240..IsLive
50 72 65 76 69 65 77 3d 74 72 75 65 0d 0a       Preview=true..  
0x171641a0	FILE	83944	DATA	trans[2].gif	
47 49 46 38 39 61 01 00 01 00 80 00 00 ff ff ff GIF89a..........
00 00 00 21 f9 04 01 00 00 00 00 2c 00 00 00 00 ...!.......,....
01 00 01 00 00 02 02 44 01 00 3b                .......D..;     
0x171645a0	FILE	83945	DATA	trans[1].gif	
47 49 46 38 39 61 01 00 01 00 80 00 00 ff ff ff GIF89a..........
00 00 00 21 f9 04 01 00 00 00 00 2c 00 00 00 00 ...!.......,....
01 00 01 00 00 02 02 44 01 00 3b                .......D..;     
0x171649a0	FILE	83946	DATA	trans[3].gif	
47 49 46 38 39 61 01 00 01 00 80 00 00 ff ff ff GIF89a..........
00 00 00 21 f9 04 01 00 00 00 00 2c 00 00 00 00 ...!.......,....
01 00 01 00 00 02 02 44 01 00 3b                .......D..;     
0x171e3128	FILE	83940	DATA	KBI2UADC.txt	
53 52 43 48 44 0a 41 46 3d 49 45 53 53 30 32 0a SRCHD.AF=IESS02.
62 69 6e 67 2e 63 6f 6d 2f 0a 31 30 32 34 0a 31 bing.com/.1024.1
31 33 35 30 36 32 30 31 36 0a 33 30 37 31 37 38 135062016.307178
30 34 0a 31 33 32 32 38 34 37 33 30 32 0a 33 30 04.1322847302.30
35 37 30 39 35 33 0a 2a 0a 53 52 43 48 55 53 52 570953.*.SRCHUSR
0a 44 4f 42 3d 32 30 31 37 30 31 32 39 0a 62 69 .DOB=20170129.bi
6e 67 2e 63 6f 6d 2f 0a 31 30 32 34 0a 31 31 33 ng.com/.1024.113
35 30 36 32 30 31 36 0a 33 30 37 31 37 38 30 34 5062016.30717804
0a 31 33 32 32 38 34 37 33 30 32 0a 33 30 35 37 .1322847302.3057
30 39 35 33 0a 2a 0a 5f 45 44 47 45 5f 56 0a 31 0953.*._EDGE_V.1
0a 62 69 6e 67 2e 63 6f 6d 2f 0a 39 32 31 36 0a .bing.com/.9216.
31 31 35 35 30 36 32 30 31 36 0a 33 30 37 31 37 1155062016.30717
38 30 34 0a 31 33 33 37 38 38 36 33 36 35 0a 33 804.1337886365.3
30 35 37 30 39 35 33 0a 2a 0a 4d 55 49 44 0a 30 0570953.*.MUID.0
35 42 33 36 41 36 44 34 37 33 46 36 41 30 36 31 5B36A6D473F6A061
44 30 42 36 30 37 34 34 36 42 38 36 42 30 37 0a D0B607446B86B07.
62 69 6e 67 2e 63 6f 6d 2f 0a 31 30 32 34 0a 31 bing.com/.1024.1
31 35 35 30 36 32 30 31 36 0a 33 30 37 31 37 38 155062016.307178
30 34 0a 31 33 33 37 38 38 36 33 36 35 0a 33 30 04.1337886365.30
35 37 30 39 35 33 0a 2a 0a 53 52 43 48 48 50 47 570953.*.SRCHHPG
55 53 52 0a 43 57 3d 37 36 37 26 43 48 3d 35 31 USR.CW=767&CH=51
33 26 44 50 52 3d 31 26 55 54 43 3d 2d 33 30 30 3&DPR=1&UTC=-300
0a 62 69 6e 67 2e 63 6f 6d 2f 0a 31 30 38 38 0a .bing.com/.1088.
31 32 36 35 30 36 32 30 31 36 0a 33 30 37 31 37 1265062016.30717
38 30 34 0a 31 35 31 32 33 37 38 35 35 32 0a 33 804.1512378552.3
30 35 37 30 39 35 33 0a 2a 0a                   0570953.*.      
0x171e3600	FILE	83941	DATA	9EC3B71635F8BA3FC68DE181A104A0EF_F6C39EF89D8A3A72327D8412589658B2	
30 82 01 d3 0a 01 00 a0 82 01 cc 30 82 01 c8 06 0..........0....
09 2b 06 01 05 05 07 30 01 01 04 82 01 b9 30 82 .+.....0......0.
01 b5 30 81 9e a2 16 04 14 ad bd 98 7a 34 b4 26 ..0.........z4.&
f7 fa c4 26 54 ef 03 bd e0 24 cb 54 1a 18 0f 32 ...&T....$.T...2
30 31 37 30 31 32 38 30 39 32 37 30 38 5a 30 73 0170128092708Z0s
30 71 30 49 30 09 06 05 2b 0e 03 02 1a 05 00 04 0q0I0...+.......
14 7c b1 66 54 9c ab db 44 ee 62 26 16 ad f4 65 .|.fT...D.b&...e
7b f7 7a d5 94 04 14 ad bd 98 7a 34 b4 26 f7 fa {.z.......z4.&..
c4 26 54 ef 03 bd e0 24 cb 54 1a 02 10 43 52 02 .&T....$.T...CR.
3f fa a8 90 1f 13 9f e3 f4 e5 c1 44 4e 80 00 18 ?..........DN...
0f 32 30 31 37 30 31 32 38 30 39 32 37 30 38 5a .20170128092708Z
a0 11 18 0f 32 30 31 37 30 32 30 31 30 39 32 37 ....201702010927
30 38 5a 30 0d 06 09 2a 86 48 86 f7 0d 01 01 0b 08Z0...*.H......
05 00 03 82 01 01 00 ab d1 b9 71 2c 99 c5 61 8f ..........q,..a.
4d c1 21 a2 e1 ca ec 0e 1f 8a 25 a9 1e e3 b1 1f M.!.......%.....
a0 d9 b7 c0 a3 dd 91 7e dd 81 bb 12 c9 f1 4c ac .......~......L.
af 94 64 b5 2c e9 5c 9d b5 e5 00 fa 79 8a 59 dc ..d.,.\.....y.Y.
1b b2 51 70 83 cd dd b1 c5 df 83 34 99 ca fc b7 ..Qp.......4....
88 a5 b0 89 e4 57 75 a3 49 1b 1a 0d a2 53 b7 66 .....Wu.I....S.f
5e 85 ba 8e 9c e3 50 25 35 f7 c7 2c 41 51 22 b8 ^.....P%5..,AQ".
85 cf 42 b3 6a b5 ac fd 18 ee cb 41 c6 24 7e 65 ..B.j......A.$~e
33 84 d8 e7 6a b4 a1 b4 62 b6 6b 90 8a fa dc 42 3...j...b.k....B
25 0c 0e b4 be 86 ec 46 e6 e5 48 25 a8 6e 0e d8 %......F..H%.n..
9b c7 42 ea 93 c1 da 89 42 23 9d 6b f3 80 9e a7 ..B.....B#.k....
07 6c 56 e4 c1 a6 f7 15 a1 4b 22 93 96 5f f7 14 .lV......K".._..
bb b2 0e 23 e8 6f ec 84 1c 87 76 f9 9b df 9f d1 ...#.o....v.....
ce 76 3a aa 71 e6 ce 30 ed 73 b1 44 be 2f 07 57 .v:.q..0.s.D./.W
69 21 80 24 ec 44 17 66 2e 9b f1 7d 86 fb 50 b2 i!.$.D.f...}..P.
eb 45 82 58 7b f4 20 cd f1 3e 91 b2 3a e6 71 0e .E.X{. ..>..:.q.
c8 33 80 4b e8 b5 66                            .3.K..f         
0x171e3a00	FILE	83942	DATA	8059E9A0D314877E40FE93D8CCFB3C69_7D34F2227A34931B4D074DCE6FDD4DA8	
70 00 00 00 01 01 02 20 01 00 00 00 0e 01 00 00 p...... ........
bd d7 37 5b c9 79 d2 01 28 00 00 00 03 00 00 00 ..7[.y..(.......
32 00 00 00 00 00 00 00 00 ce df de 66 79 d2 01 2...........fy..
00 0e c4 07 e7 7e d2 01 00 00 00 00 00 00 00 00 .....~..........
10 00 00 00 00 00 00 00 00 0e c4 07 e7 7e d2 01 .............~..
20 00 00 00 00 00 00 00 00 00 00 00 00 00 00 00  ...............
00 46 05 00 00 00 00 00 00 00 00 00 00 00 00 00 .F..............
cf 01 00 00 68 00 74 00 74 00 70 00 3a 00 2f 00 ....h.t.t.p.:./.
2f 00 63 00 6c 00 69 00 65 00 6e 00 74 00 73 00 /.c.l.i.e.n.t.s.
31 00 2e 00 67 00 6f 00 6f 00 67 00 6c 00 65 00 1...g.o.o.g.l.e.
2e 00 63 00 6f 00 6d 00 2f 00 6f 00 63 00 73 00 ..c.o.m./.o.c.s.
70 00 2f 00 4d 00 45 00 6b 00 77 00 52 00 7a 00 p./.M.E.k.w.R.z.
42 00 46 00 4d 00 45 00 4d 00 77 00 51 00 54 00 B.F.M.E.M.w.Q.T.
41 00 4a 00 42 00 67 00 55 00 72 00 44 00 67 00 A.J.B.g.U.r.D.g.
4d 00 43 00 47 00 67 00 55 00 41 00 42 00 42 00 M.C.G.g.U.A.B.B.
54 00 79 00 34 00 47 00 72 00 35 00 68 00 59 00 T.y.4.G.r.5.h.Y.
6f 00 64 00 6a 00 58 00 43 00 62 00 53 00 52 00 o.d.j.X.C.b.S.R.
6b 00 6a 00 65 00 71 00 6d 00 31 00 47 00 69 00 k.j.e.q.m.1.G.i.
68 00 25 00 32 00 42 00 5a 00 41 00 51 00 55 00 h.%.2.B.Z.A.Q.U.
53 00 74 00 30 00 47 00 46 00 68 00 75 00 38 00 S.t.0.G.F.h.u.8.
39 00 6d 00 69 00 31 00 64 00 76 00 57 00 42 00 9.m.i.1.d.v.W.B.
74 00 72 00 74 00 69 00 47 00 72 00 70 00 61 00 t.r.t.i.G.r.p.a.
67 00 53 00 38 00 43 00 43 00 42 00 6a 00 78 00 g.S.8.C.C.B.j.x.
56 00 38 00 74 00 73 00 35 00 45 00 63 00 50 00 V.8.t.s.5.E.c.P.
00 00                                           ..              
0x171e3e00	FILE	83943	DATA	8059E9A0D314877E40FE93D8CCFB3C69_7D34F2227A34931B4D074DCE6FDD4DA8	
30 82 01 cb 0a 01 00 a0 82 01 c4 30 82 01 c0 06 0..........0....
09 2b 06 01 05 05 07 30 01 01 04 82 01 b1 30 82 .+.....0......0.
01 ad 30 81 96 a2 16 04 14 4a dd 06 16 1b bc f6 ..0......J......
68 b5 76 f5 81 b6 bb 62 1a ba 5a 81 2f 18 0f 32 h.v....b..Z./..2
30 31 37 30 31 32 38 31 33 30 33 30 38 5a 30 6b 0170128130308Z0k
30 69 30 41 30 09 06 05 2b 0e 03 02 1a 05 00 04 0i0A0...+.......
14 f2 e0 6a f9 85 8a 1d 8d 70 9b 49 19 23 7a a9 ...j.....p.I.#z.
b5 1a 28 7e 64 04 14 4a dd 06 16 1b bc f6 68 b5 ..(~d..J......h.
76 f5 81 b6 bb 62 1a ba 5a 81 2f 02 08 18 f1 57 v....b..Z./....W
cb 6c e4 47 0f 80 00 18 0f 32 30 31 37 30 31 32 .l.G.....2017012
38 31 33 30 33 30 38 5a a0 11 18 0f 32 30 31 37 8130308Z....2017
30 32 30 34 31 33 30 33 30 38 5a 30 0d 06 09 2a 0204130308Z0...*
86 48 86 f7 0d 01 01 0b 05 00 03 82 01 01 00 80 .H..............
bf 58 7c 3b 89 df 43 8f 42 dd 02 ba 15 47 85 19 .X|;..C.B....G..
77 d8 f4 6d c5 7f 9b 77 33 50 d9 88 a1 43 ad 42 w..m...w3P...C.B
06 45 6e 05 d5 52 3a 8a 49 18 32 f7 5e b0 5e a8 .En..R:.I.2.^.^.
07 36 ed 46 60 80 53 18 0d 28 04 a0 3e 74 76 17 .6.F`.S..(..>tv.
f5 70 dd 56 7c 5b c9 47 4a 0b f9 fc 55 a1 0c 60 .p.V|[.GJ...U..`
ff 71 34 91 91 89 70 64 f1 72 09 8e d1 58 29 9b .q4...pd.r...X).
02 25 e3 ea e1 e4 61 4b 1f bd 75 0c ef 0c 93 3f .%....aK..u....?
5b 2e 4f 94 8d 93 8f 16 bc 81 b6 b2 70 a4 6f f7 [.O.........p.o.
d7 37 03 46 33 54 5f 61 52 77 96 b2 02 b9 14 49 .7.F3T_aRw.....I
a3 fa da bc 96 31 ce 65 e5 e2 da 78 fb c8 d9 f1 .....1.e...x....
6a eb 3a a1 17 53 73 a9 45 56 6f 3a 4a fe a3 19 j.:..Ss.EVo:J...
33 b0 26 53 87 22 f8 69 52 fd 8e 6d 04 80 30 e3 3.&S.".iR..m..0.
a1 f4 2c 57 5c 1b 32 e0 00 48 72 07 71 58 40 fa ..,W\.2..Hr.qX@.
9d fd d5 37 2c e3 b8 df 64 fa df 01 6d b7 05 8f ...7,...d...m...
27 78 4b e9 c7 8d f6 ca 30 3c 25 40 2a 0c f0 02 'xK.....0<%@*...
b8 54 98 0e 59 fb 16 18 87 dc 57 e1 69 95 6a    .T..Y.....W.i.j 
0x172e21a8	FILE	83932	DATA	urlblocklist.bin	-
0x172e2600	FILE	83933	DATA	828298824EA5549947C17DDABF6871F5_6B5C8B321CA02275A82E95FA81D6DE62	
70 00 00 00 01 01 02 20 01 00 00 00 f0 00 00 00 p...... ........
bd d7 37 5b c9 79 d2 01 28 00 00 00 03 00 00 00 ..7[.y..(.......
32 00 00 00 00 00 00 00 00 b0 03 d2 4f 79 d2 01 2...........Oy..
00 f0 e7 fa cf 7e d2 01 00 00 00 00 00 00 00 00 .....~..........
10 00 00 00 00 00 00 00 00 f0 e7 fa cf 7e d2 01 .............~..
20 00 00 00 00 00 00 00 00 b0 03 d2 4f 79 d2 01  ...........Oy..
27 6f 08 00 00 00 00 00 00 00 00 00 00 00 00 00 'o..............
61 05 00 00 68 00 74 00 74 00 70 00 3a 00 2f 00 a...h.t.t.p.:./.
2f 00 67 00 2e 00 73 00 79 00 6d 00 63 00 64 00 /.g...s.y.m.c.d.
2e 00 63 00 6f 00 6d 00 2f 00 4d 00 45 00 51 00 ..c.o.m./.M.E.Q.
77 00 51 00 6a 00 42 00 41 00 4d 00 44 00 34 00 w.Q.j.B.A.M.D.4.
77 00 50 00 44 00 41 00 4a 00 42 00 67 00 55 00 w.P.D.A.J.B.g.U.
72 00 44 00 67 00 4d 00 43 00 47 00 67 00 55 00 r.D.g.M.C.G.g.U.
41 00 42 00 42 00 53 00 78 00 74 00 44 00 6b 00 A.B.B.S.x.t.D.k.
58 00 6b 00 42 00 61 00 33 00 6c 00 33 00 6c 00 X.k.B.a.3.l.3.l.
51 00 45 00 66 00 46 00 67 00 75 00 64 00 53 00 Q.E.f.F.g.u.d.S.
69 00 50 00 4e 00 76 00 74 00 37 00 67 00 51 00 i.P.N.v.t.7.g.Q.
55 00 41 00 50 00 6b 00 71 00 77 00 30 00 47 00 U.A.P.k.q.w.0.G.
52 00 74 00 73 00 6e 00 43 00 75 00 44 00 35 00 R.t.s.n.C.u.D.5.
56 00 38 00 73 00 43 00 58 00 45 00 52 00 4f 00 V.8.s.C.X.E.R.O.
67 00 42 00 79 00 41 00 43 00 41 00 77 00 49 00 g.B.y.A.C.A.w.I.
36 00 6b 00 67 00 25 00 33 00 44 00 25 00 33 00 6.k.g.%.3.D.%.3.
44 00 00 00                                     D...            
0x173609c0	FILE	83742	DATA	23B523C9E7746F715D33C6527C18EB9D	
70 00 00 00 01 01 02 20 01 00 00 00 54 00 00 00 p...... ....T...
bd d7 37 5b c9 79 d2 01 28 00 00 00 02 00 00 00 ..7[.y..(.......
32 00 00 00 00 00 00 00 00 37 fe d9 c5 79 d2 01 2........7...y..
00 b7 1f 82 a1 81 d2 01 00 00 00 00 00 00 00 00 ................
10 00 00 00 00 00 00 00 00 b7 1f 82 a1 81 d2 01 ................
20 00 00 00 00 00 00 00 80 a6 0a e2 c6 79 d2 01  ............y..
00 00 00 00 5c 00 00 00 00 00 00 00 00 00 00 00 ....\...........
45 01 00 00 68 00 74 00 74 00 70 00 3a 00 2f 00 E...h.t.t.p.:./.
2f 00 63 00 72 00 6c 00 2e 00 67 00 65 00 6f 00 /.c.r.l...g.e.o.
74 00 72 00 75 00 73 00 74 00 2e 00 63 00 6f 00 t.r.u.s.t...c.o.
6d 00 2f 00 63 00 72 00 6c 00 73 00 2f 00 73 00 m./.c.r.l.s./.s.
65 00 63 00 75 00 72 00 65 00 63 00 61 00 2e 00 e.c.u.r.e.c.a...
63 00 72 00 6c 00 00 00 22 00 31 00 34 00 37 00 c.r.l...".1.4.7.
32 00 61 00 34 00 36 00 37 00 35 00 66 00 61 00 2.a.4.6.7.5.f.a.
66 00 65 00 39 00 38 00 36 00 32 00 66 00 36 00 f.e.9.8.6.2.f.6.
64 00 39 00 61 00 63 00 39 00 37 00 38 00 35 00 d.9.a.c.9.7.8.5.
34 00 32 00 65 00 65 00 62 00 3a 00 31 00 34 00 4.2.e.e.b.:.1.4.
38 00 35 00 36 00 34 00 39 00 38 00 32 00 35 00 8.5.6.4.9.8.2.5.
22 00 00 00                                     "...            
0x173611a0	FILE	83824	DATA	favicon[1].ico	
89 50 4e 47 0d 0a 1a 0a 00 00 00 0d 49 48 44 52 .PNG........IHDR
00 00 00 10 00 00 00 10 08 06 00 00 00 1f f3 ff ................
61 00 00 00 01 73 52 47 42 00 ae ce 1c e9 00 00 a....sRGB.......
00 04 67 41 4d 41 00 00 b1 8f 0b fc 61 05 00 00 ..gAMA......a...
00 09 70 48 59 73 00 00 0e c3 00 00 0e c3 01 c7 ..pHYs..........
6f a8 64 00 00 00 c1 49 44 41 54 38 4f 63 e0 69 o.d....IDAT8Oc.i
69 f9 4f 09 46 31 40 63 d2 a4 ff a6 33 67 a2 28 i.O.F1@c....3g.(
20 84 51 0c a8 df b7 ef ff a3 0f 1f fe cf 39 7b  .Q...........9{
f6 bf 74 4f 0f 8a 42 5c 18 c3 00 10 00 19 02 72 ..tO..B\.......r
0d b2 1c 2e 4c 5b 03 88 31 04 a7 01 a0 c0 5c 75 ....L[..1.....\u
e5 0a 38 3c 22 56 ad c2 69 18 5e 17 c0 f8 20 70 ..8<"V..i.^... p
e1 c5 8b ff 7d c7 8e 61 18 44 d0 0b 87 1f 3c 00 ....}..a.D....<.
8b c1 00 48 0d b2 1e 82 81 08 f2 0a b2 21 44 1b ...H.........!D.
00 d2 98 b1 69 13 d8 e9 c8 00 24 86 ac 07 ab 01 ....i.....$.....
9f 7e fe c4 70 3a 88 0f 0a 4c 64 f5 20 8c d5 00 .~..p:...Ld. ...
64 00 72 0d 48 1c 3d f0 60 18 c5 00 90 22 90 62 d.r.H.=.`....".b
90 26 10 c6 16 ea e8 18 c5 00 18 06 f9 9f d8 4c .&.............L
85 d5 00 e2 71 cb 7f 00 05 4b 7f 54 6b f7 d6 51 ....q....K.Tk..Q
00 00 00 00 49 45 4e 44 ae 42 60 82             ....IEND.B`.    
0x173f31a0	FILE	85556	DATA	container.dat	-
0x173f35a0	FILE	85557	DATA	container.dat	-
0x173f39a8	FILE	85558	DATA	Documents.mydocs	-
0x173f3da0	FILE	85559	DATA	NTUSER.DAT.LOG2	-
0x174e59a0	FILE	83950	DATA	Passport[2].htm	
3c 68 74 6d 6c 3e 3c 68 65 61 64 3e 3c 74 69 74 <html><head><tit
6c 65 3e 42 69 6e 67 3c 2f 74 69 74 6c 65 3e 3c le>Bing</title><
2f 68 65 61 64 3e 3c 62 6f 64 79 3e 4c 6f 61 64 /head><body>Load
69 6e 67 2e 2e 2e 3c 73 63 72 69 70 74 20 74 79 ing...<script ty
70 65 3d 22 74 65 78 74 2f 6a 61 76 61 73 63 72 pe="text/javascr
69 70 74 22 3e 2f 2f 3c 21 5b 43 44 41 54 41 5b ipt">//<![CDATA[
0a 76 61 72 20 5f 77 20 3d 20 77 69 6e 64 6f 77 .var _w = window
3b 20 76 61 72 20 6f 20 3d 20 5f 77 2e 6f 70 65 ; var o = _w.ope
6e 65 72 3b 20 76 61 72 20 6d 61 69 6e 57 69 6e ner; var mainWin
64 6f 77 3b 20 28 6d 61 69 6e 57 69 6e 64 6f 77 dow; (mainWindow
20 3d 20 6f 29 20 7c 7c 20 28 6d 61 69 6e 57 69  = o) || (mainWi
6e 64 6f 77 20 3d 20 5f 77 2e 70 61 72 65 6e 74 ndow = _w.parent
29 3b 20 69 66 20 28 6d 61 69 6e 57 69 6e 64 6f ); if (mainWindo
77 29 20 7b 6d 61 69 6e 57 69 6e 64 6f 77 2e 73 w) {mainWindow.s
6a 5f 65 76 74 20 26 26 20 6d 61 69 6e 57 69 6e j_evt && mainWin
64 6f 77 2e 73 6a 5f 65 76 74 2e 66 69 72 65 28 dow.sj_evt.fire(
22 77 6c 3a 63 61 6e 63 65 6c 22 29 3b 20 7d 3b "wl:cancel"); };
69 66 20 28 6f 29 20 5f 77 2e 63 6c 6f 73 65 28 if (o) _w.close(
29 3b 3b 0a 2f 2f 5d 5d 3e 3c 2f 73 63 72 69 70 );;.//]]></scrip
74 3e 3c 2f 62 6f 64 79 3e 3c 2f 68 74 6d 6c 3e t></body></html>
0x174e5da0	FILE	83951	DATA	trans[3].gif	
47 49 46 38 39 61 01 00 01 00 80 00 00 ff ff ff GIF89a..........
00 00 00 21 f9 04 01 00 00 00 00 2c 00 00 00 00 ...!.......,....
01 00 01 00 00 02 02 44 01 00 3b                .......D..;     
0x174f39a8	FILE	85650	DATA	Syscache.hve.LOG2	-
0x175ee1a0	FILE	83792	DATA	container.dat	-
0x175ee9a0	FILE	83794	DATA	container.dat	-
0x1788b4d0	FILE	571	DATA	TMP000000095C40F5B305293C2D	-
0x17eef1a0	FILE	83804	DATA	BB74fLs[1].png	
89 50 4e 47 0d 0a 1a 0a 00 00 00 0d 49 48 44 52 .PNG........IHDR
00 00 00 10 00 00 00 10 08 06 00 00 00 1f f3 ff ................
61 00 00 00 01 73 52 47 42 00 ae ce 1c e9 00 00 a....sRGB.......
00 04 67 41 4d 41 00 00 b1 8f 0b fc 61 05 00 00 ..gAMA......a...
00 09 70 48 59 73 00 00 0e c2 00 00 0e c2 01 15 ..pHYs..........
28 4a 80 00 00 00 fd 49 44 41 54 38 4f 63 fc 0f (J.....IDAT8Oc..
04 0c 14 00 26 28 4d 36 18 06 06 a0 04 e2 d9 97 ....&(M6........
5f 19 16 dd 78 07 66 17 e8 8b 31 ec 78 f8 89 e1 _...x.f...1.x...
c6 87 1f 60 3e 08 c4 69 08 c1 e5 41 00 a4 06 6e ...`>..i...A...n
c0 fb 1f 7f 18 84 66 5d 64 60 f8 f0 13 2c b9 3b ......f]d`...,.;
5e 9b c1 f5 e0 13 06 86 07 1f 19 18 14 f8 19 22 ^.............."
24 b8 18 b6 7e fc c9 f0 f9 3a d0 00 20 1f 24 ce $...~....:.. .$.
ab 29 c4 c0 04 d2 b8 e7 e1 47 06 df dd 0f 20 9a .).......G.... .
39 98 c1 06 1c 7f f1 8d 81 01 28 07 02 bb ed 65 9.........(....e
18 92 d5 85 18 3e bf 87 1a 0e e4 83 c0 e7 ef 7f .....>..........
19 18 23 76 de fb bf e2 c4 73 b0 00 a9 20 c2 42 ..#v.....s... .B
92 81 09 64 32 18 00 6d 06 39 db da 50 0c cc 6d ...d2..m.9..P..m
72 57 64 60 90 e0 06 b3 41 e2 20 8c cc bf 97 67 rWd`....A. ....g
cc b0 dc 4d 91 81 05 24 90 67 2f cb e0 ab c0 c7 ...M...$.g/.....
e0 22 0f f4 1b 10 6c e6 63 67 88 01 1a 2c c2 c1 ."....l.cg...,..
02 0e 44 98 f8 34 73 29 14 3e 08 8c 26 65 8a 0d ..D..4s).>..&e..
60 60 00 00 a5 cb 63 3e b2 a1 3c fd 00 00 00 00 ``....c>..<.....
49 45 4e 44 ae 42 60 82                         IEND.B`.        
0x17f71da0	FILE	84007	DATA	97297b[1].png	-
0x181db1a0	FILE	83688	DATA	container.dat	-
0x181db5a0	FILE	83689	DATA	container.dat	-
0x18b65d28	FILE	3047	DATA	index1bc.dat	-
0x18f681d8	FILE	84788	DATA	System.Web.RegularExpressions.ni.dll.aux	
05 00 00 00 90 01 00 00 0b 00 00 00 a0 00 00 00 ................
0d 00 00 00 64 00 00 00 53 79 73 74 65 6d 2e 57 ....d...System.W
65 62 2e 52 65 67 75 6c 61 72 45 78 70 72 65 73 eb.RegularExpres
73 69 6f 6e 73 2c 20 56 65 72 73 69 6f 6e 3d 34 sions, Version=4
2e 30 2e 30 2e 30 2c 20 43 75 6c 74 75 72 65 3d .0.0.0, Culture=
6e 65 75 74 72 61 6c 2c 20 50 75 62 6c 69 63 4b neutral, PublicK
65 79 54 6f 6b 65 6e 3d 62 30 33 66 35 66 37 66 eyToken=b03f5f7f
31 31 64 35 30 61 33 61 00 cc cc cc 07 00 00 00 11d50a3a........
04 00 00 00 09 11 00 00 02 00 00 00 08 00 00 00 ................
00 e0 13 4a ba 62 d0 01 09 00 00 00 10 00 00 00 ...J.b..........
e1 29 04 65 80 0d 0e 41 af bf 22 5a e4 72 1e c9 .).e...A.."Z.r..
04 00 00 00 6c 00 00 00 01 00 00 00 4c 00 00 00 ....l.......L...
6d 73 63 6f 72 6c 69 62 2c 20 56 65 72 73 69 6f mscorlib, Versio
6e 3d 34 2e 30 2e 30 2e 30 2c 20 43 75 6c 74 75 n=4.0.0.0, Cultu
72 65 3d 6e 65 75 74 72 61 6c 2c 20 50 75 62 6c re=neutral, Publ
69 63 4b 65 79 54 6f 6b 65 6e 3d 62 37 37 61 35 icKeyToken=b77a5
63 35 36 31 39 33 34 65 30 38 39 00 03 00 00 00 c561934e089.....
10 00 00 00 b9 9c 3f 14 f9 a0 77 96 8a 40 f6 a2 ......?...w..@..
0e 61 f1 92 04 00 00 00 6c 00 00 00 01 00 00 00 .a......l.......
4c 00 00 00 53 79 73 74 65 6d 2c 20 56 65 72 73 L...System, Vers
69 6f 6e 3d 34 2e 30 2e 30 2e 30 2c 20 43 75 6c ion=4.0.0.0, Cul
74 75 72 65 3d 6e 65 75 74 72 61 6c 2c 20 50 75 ture=neutral, Pu
62 6c 69 63 4b 65 79 54 6f 6b 65 6e 3d 62 37 37 blicKeyToken=b77
61 35 63 35 36 31 39 33 34 65 30 38 39 00 cc cc a5c561934e089...
03 00 00 00 10 00 00 00 26 b3 d8 93 0f 09 ea aa ........&.......
30 f2 ae cb ee 2c 06 fe                         0....,..        
0x1a0a1918	FILE	44686	DATA	win.ini	
3b 20 66 6f 72 20 31 36 2d 62 69 74 20 61 70 70 ; for 16-bit app
20 73 75 70 70 6f 72 74 0d 0a 5b 66 6f 6e 74 73  support..[fonts
5d 0d 0a 5b 65 78 74 65 6e 73 69 6f 6e 73 5d 0d ]..[extensions].
0a 5b 6d 63 69 20 65 78 74 65 6e 73 69 6f 6e 73 .[mci extensions
5d 0d 0a 5b 66 69 6c 65 73 5d 0d 0a 5b 4d 61 69 ]..[files]..[Mai
6c 5d 0d 0a 4d 41 50 49 3d 31 0d 0a 5b 4d 43 49 l]..MAPI=1..[MCI
20 45 78 74 65 6e 73 69 6f 6e 73 2e 42 41 4b 5d  Extensions.BAK]
0d 0a 33 67 32 3d 4d 50 45 47 56 69 64 65 6f 0d ..3g2=MPEGVideo.
0a 33 67 70 3d 4d 50 45 47 56 69 64 65 6f 0d 0a .3gp=MPEGVideo..
33 67 70 32 3d 4d 50 45 47 56 69 64 65 6f 0d 0a 3gp2=MPEGVideo..
33 67 70 70 3d 4d 50 45 47 56 69 64 65 6f 0d 0a 3gpp=MPEGVideo..
61 61 63 3d 4d 50 45 47 56 69 64 65 6f 0d 0a 61 aac=MPEGVideo..a
64 74 3d 4d 50 45 47 56 69 64 65 6f 0d 0a 61 64 dt=MPEGVideo..ad
74 73 3d 4d 50 45 47 56 69 64 65 6f 0d 0a 6d 32 ts=MPEGVideo..m2
74 3d 4d 50 45 47 56 69 64 65 6f 0d 0a 6d 32 74 t=MPEGVideo..m2t
73 3d 4d 50 45 47 56 69 64 65 6f 0d 0a 6d 32 76 s=MPEGVideo..m2v
3d 4d 50 45 47 56 69 64 65 6f 0d 0a 6d 34 61 3d =MPEGVideo..m4a=
4d 50 45 47 56 69 64 65 6f 0d 0a 6d 34 76 3d 4d MPEGVideo..m4v=M
50 45 47 56 69 64 65 6f 0d 0a 6d 6f 64 3d 4d 50 PEGVideo..mod=MP
45 47 56 69 64 65 6f 0d 0a 6d 6f 76 3d 4d 50 45 EGVideo..mov=MPE
47 56 69 64 65 6f 0d 0a 6d 70 34 3d 4d 50 45 47 GVideo..mp4=MPEG
56 69 64 65 6f 0d 0a 6d 70 34 76 3d 4d 50 45 47 Video..mp4v=MPEG
56 69 64 65 6f 0d 0a 6d 74 73 3d 4d 50 45 47 56 Video..mts=MPEGV
69 64 65 6f 0d 0a 74 73 3d 4d 50 45 47 56 69 64 ideo..ts=MPEGVid
65 6f 0d 0a 74 74 73 3d 4d 50 45 47 56 69 64 65 eo..tts=MPEGVide
6f 0d 0a                                        o..             
0x1a0a1e50	FILE	44687	DATA	amd64_microsoft-windows-coreos_31bf3856ad364e35_6.1.7601.18288_none_833080f055261c97_win.ini_ca2ec8ce	
3b 20 66 6f 72 20 31 36 2d 62 69 74 20 61 70 70 ; for 16-bit app
20 73 75 70 70 6f 72 74 0d 0a 5b 66 6f 6e 74 73  support..[fonts
5d 0d 0a 5b 65 78 74 65 6e 73 69 6f 6e 73 5d 0d ]..[extensions].
0a 5b 6d 63 69 20 65 78 74 65 6e 73 69 6f 6e 73 .[mci extensions
5d 0d 0a 5b 66 69 6c 65 73 5d 0d 0a 5b 4d 61 69 ]..[files]..[Mai
6c 5d 0d 0a 4d 41 50 49 3d 31 0d 0a             l]..MAPI=1..    
0x1a2951b0	FILE	83928	DATA	urlblockindex[1].bin	
00 70 9a 4a 32 00 00 00 02 00 00 00 00 00 00 00 .p.J2...........
0x1a295da8	FILE	83931	DATA	urlblocklist[1].bin	-
0x1a8ba980	FILE	78758	DATA	pcl.sep	
5c 0d 0a 5c 48 31 42 5c 4c 25 2d 31 32 33 34 35 \..\H1B\L%-12345
58 40 50 4a 4c 20 45 4e 54 45 52 20 4c 41 4e 47 X@PJL ENTER LANG
55 41 47 45 3d 50 43 4c 0d 0a 5c 48 31 42 5c 4c UAGE=PCL..\H1B\L
26 6c 31 54 5c 30 0d 0a 5c 4d 5c 42 5c 53 5c 4e &l1T\0..\M\B\S\N
5c 55 0d 0a 5c 55 5c 4c 4a 6f 62 20 3a 20 5c 49 \U..\U\LJob : \I
0d 0a 5c 55 5c 4c 44 61 74 65 3a 20 5c 44 0d 0a ..\U\LDate: \D..
5c 55 5c 4c 54 69 6d 65 3a 20 5c 54 0d 0a 5c 45 \U\LTime: \T..\E
0d 0a                                           ..              
0x1a8bad80	FILE	78759	DATA	pcl.sep	
5c 0d 0a 5c 48 31 42 5c 4c 25 2d 31 32 33 34 35 \..\H1B\L%-12345
58 40 50 4a 4c 20 45 4e 54 45 52 20 4c 41 4e 47 X@PJL ENTER LANG
55 41 47 45 3d 50 43 4c 0d 0a 5c 48 31 42 5c 4c UAGE=PCL..\H1B\L
26 6c 31 54 5c 30 0d 0a 5c 4d 5c 42 5c 53 5c 4e &l1T\0..\M\B\S\N
5c 55 0d 0a 5c 55 5c 4c 4a 6f 62 20 3a 20 5c 49 \U..\U\LJob : \I
0d 0a 5c 55 5c 4c 44 61 74 65 3a 20 5c 44 0d 0a ..\U\LDate: \D..
5c 55 5c 4c 54 69 6d 65 3a 20 5c 54 0d 0a 5c 45 \U\LTime: \T..\E
0d 0a                                           ..              
0x1ab45838	FILE	38136	DATA	lastalive0.dat	-
0x1ad6d190	FILE	77696	DATA	Preferred	
c5 9d 4e 0f f0 c0 68 44 90 e5 88 ec 6c e1 2d 31 ..N...hD....l.-1
30 a9 8f de 96 c0 d2 01                         0.......        
0x1ad6d990	FILE	77698	DATA	Preferred	
9e c9 f0 f0 5a e6 68 45 a9 9d a4 45 74 6d 31 8e ....Z.hE...Etm1.
10 1f 99 de 96 c0 d2 01                         ........        
0x1b16f5c8	FILE	40041	DATA	f15c3834-1278-4686-91cc-d5d722794426	
00 00 00 00 00 00 00 00 00 00 00 00 96 97 8f 04 ................
cf 7e d0 01                                     .~..            
0x1b16f9c8	FILE	40042	DATA	f22e410f-f947-4e08-8f2a-8f65df603f8d	
02 00 00 00 00 00 00 00 00 00 00 00 66 00 32 00 ............f.2.
32 00 65 00 34 00 31 00 30 00 66 00 2d 00 66 00 2.e.4.1.0.f.-.f.
39 00 34 00 37 00 2d 00 34 00 65 00 30 00 38 00 9.4.7.-.4.e.0.8.
2d 00 38 00 66 00 32 00 61 00 2d 00 38 00 66 00 -.8.f.2.a.-.8.f.
36 00 35 00 64 00 66 00 36 00 30 00 33 00 66 00 6.5.d.f.6.0.3.f.
38 00 64 00 00 00 00 00 00 00 00 00 06 00 00 00 8.d.............
b0 00 00 00 00 00 00 00 90 00 00 00 00 00 00 00 ................
14 00 00 00 00 00 00 00 00 00 00 00 00 00 00 00 ................
02 00 00 00 c2 bc 19 2b a2 d3 ec c9 6e ba d3 7e .......+....n..~
9e 7a 64 b9 f8 43 00 00 0e 80 00 00 10 66 00 00 .zd..C.......f..
bf 8a b7 df d8 6d 99 58 e4 91 c4 15 0c 3b ab e7 .....m.X.....;..
19 7d f0 00 74 62 3c 1b 0b 25 b9 d2 f6 4e 0d 29 .}..tb<..%...N.)
ba 13 37 71 48 50 c4 9f bc 3e 51 2b 59 0d 23 e9 ..7qHP...>Q+Y.#.
71 25 b2 8c 32 60 f0 86 27 64 b5 dd 20 31 87 fa q%..2`..'d.. 1..
1c 5a aa 24 2b 53 b1 b3 ed 80 cb 53 4a 8c 4e 6a .Z.$+S.....SJ.Nj
f3 d2 3c 2a 0f 18 25 5f 99 a0 3a 83 22 89 e0 e6 ..<*..%_..:."...
43 bd 9b 69 83 64 b2 f9 05 11 2c 59 6a a8 aa 85 C..i.d....,Yj...
84 f8 e2 07 4c ee 08 90 0e fc d9 07 c6 94 b2 01 ....L...........
fe 3d b3 34 b9 86 f5 45 67 b1 84 b4 e3 b2 e7 55 .=.4...Eg......U
02 00 00 00 fc bb 7f 4c a5 61 4b 63 12 32 bc 87 .......L.aKc.2..
62 c5 cf 0a f8 43 00 00 0e 80 00 00 10 66 00 00 b....C.......f..
79 5a be 69 88 5f f1 b6 f2 ff 6d 6c 79 95 3a c3 yZ.i._....mly.:.
8d 4e 1f 1b e0 44 8d b0 9d 9e af 96 80 cf 46 01 .N...D........F.
78 80 02 82 e5 7c 11 d1 d2 22 f1 89 14 57 e0 ca x....|..."...W..
f0 dc 79 97 d1 0e f0 dc 86 0d f3 61 7e 3a a9 f6 ..y........a~:..
48 34 e2 1f 5f f2 21 9e 51 28 4a 92 00 17 07 2c H4.._.!.Q(J....,
b0 db 06 32 5b 06 f9 d5 f6 9a d5 29 e7 f7 02 b0 ...2[......)....
8e d9 75 ee a3 5a 41 39 c0 db 8c 0d 62 dc 58 63 ..u..ZA9....b.Xc
03 00 00 00 00 00 00 00 00 00 00 00 00 00 00 00 ................
00 00 00 00                                     ....            
0x1b16fdc0	FILE	40043	DATA	F90F18257CBB4D84216AC1E1F3BB2C76	
70 00 00 00 01 01 02 20 01 00 00 00 88 00 00 00 p...... ........
06 a4 3d 53 cf 7e d0 01 28 00 00 00 02 00 00 00 ..=S.~..(.......
00 00 00 00 00 00 00 00 80 6d 97 cf c8 56 d0 01 .........m...V..
80 45 3b 19 e9 9d d0 01 80 a9 65 1e 83 9d d0 01 .E;.......e.....
10 00 00 00 00 00 00 00 80 45 3b 19 e9 9d d0 01 .........E;.....
20 00 00 00 01 00 00 80 80 09 fa d5 09 57 d0 01  ............W..
84 03 00 00 26 00 00 00 00 00 00 00 00 00 00 00 ....&...........
26 02 00 00 68 00 74 00 74 00 70 00 3a 00 2f 00 &...h.t.t.p.:./.
2f 00 63 00 72 00 6c 00 2e 00 6d 00 69 00 63 00 /.c.r.l...m.i.c.
72 00 6f 00 73 00 6f 00 66 00 74 00 2e 00 63 00 r.o.s.o.f.t...c.
6f 00 6d 00 2f 00 70 00 6b 00 69 00 2f 00 63 00 o.m./.p.k.i./.c.
72 00 6c 00 2f 00 70 00 72 00 6f 00 64 00 75 00 r.l./.p.r.o.d.u.
63 00 74 00 73 00 2f 00 4d 00 69 00 63 00 72 00 c.t.s./.M.i.c.r.
6f 00 73 00 6f 00 66 00 74 00 54 00 69 00 6d 00 o.s.o.f.t.T.i.m.
65 00 53 00 74 00 61 00 6d 00 70 00 50 00 43 00 e.S.t.a.m.p.P.C.
41 00 2e 00 63 00 72 00 6c 00 00 00 22 00 63 00 A...c.r.l...".c.
66 00 32 00 36 00 33 00 33 00 64 00 36 00 39 00 f.2.6.3.3.d.6.9.
35 00 37 00 64 00 30 00 31 00 3a 00 30 00 22 00 5.7.d.0.1.:.0.".
00 00                                           ..              
0x1bb74128	FILE	85564	DATA	index151.dat	-
0x1bb74528	FILE	85565	DATA	index152.dat	-
0x1bb74928	FILE	85566	DATA	index16d.dat	-
0x1bb74d28	FILE	85567	DATA	index16e.dat	-
0x1bcf21c0	FILE	85552	DATA	57C8EDB95DF3F0AD4EE2DC2B8CFD4157	-
0x1bcf25c0	FILE	85553	DATA	77EC63BDA74BD0D0E0426DC8F8008506	-
0x1bcf29c0	FILE	85554	DATA	94308059B57B3142E455B38A6EB92015	-
0x1bcf2da0	FILE	85555	DATA	container.dat	-
0x1bef59a0	FILE	85602	DATA	Contents0.dir	
01 00 00 00 04 00 00 00 01 00 00 00 20 00 00 00 ............ ...
4d 00 61 00 69 00 6e 00 51 00 75 00 65 00 75 00 M.a.i.n.Q.u.e.u.
65 00 4f 00 6e 00 6c 00 69 00 6e 00 65 00 00 00 e.O.n.l.i.n.e...
04 00 00 00 00 00 00 00 08 00 00 00 71 00 75 00 ............q.u.
65 00 00 00                                     e...            
0x1c1fadc8	FILE	85643	DATA	0f4e9dc5-c0f0-4468-90e5-88ec6ce12d31	
02 00 00 00 00 00 00 00 00 00 00 00 30 00 66 00 ............0.f.
34 00 65 00 39 00 64 00 63 00 35 00 2d 00 63 00 4.e.9.d.c.5.-.c.
30 00 66 00 30 00 2d 00 34 00 34 00 36 00 38 00 0.f.0.-.4.4.6.8.
2d 00 39 00 30 00 65 00 35 00 2d 00 38 00 38 00 -.9.0.e.5.-.8.8.
65 00 63 00 36 00 63 00 65 00 31 00 32 00 64 00 e.c.6.c.e.1.2.d.
33 00 31 00 00 00 00 00 00 00 00 00 06 00 00 00 3.1.............
b0 00 00 00 00 00 00 00 90 00 00 00 00 00 00 00 ................
14 00 00 00 00 00 00 00 00 00 00 00 00 00 00 00 ................
02 00 00 00 c6 35 f4 94 f1 78 c8 7c ae e2 e5 5a .....5...x.|...Z
5d a0 57 85 f8 43 00 00 0e 80 00 00 10 66 00 00 ].W..C.......f..
51 11 dc 8d 7d 19 b0 37 6d 89 e8 4b 1d 84 c1 56 Q...}..7m..K...V
49 54 d9 74 0d a9 f0 2a cd 43 57 5c a7 46 8f 8e IT.t...*.CW\.F..
73 48 2a 4a 63 07 a1 4f 40 da 04 ae 84 c0 b3 fc sH*Jc..O@.......
0b 74 0b c8 8a 3d 4e 49 6a 16 a7 4d f0 56 06 da .t...=NIj..M.V..
54 12 c3 fc 94 4d ad 1a 86 b0 1c 28 f8 33 08 b7 T....M.....(.3..
b4 df db fe d4 ff 4c 35 66 a5 27 b0 4b f3 99 5a ......L5f.'.K..Z
b8 5d 14 a6 6c ed 80 1d e1 c5 f6 d9 bb e7 be 31 .]..l..........1
ab 15 fe ab f9 3d 26 a3 79 34 08 a9 79 c6 db fc .....=&.y4..y...
19 ae 2f ec f0 65 7d 15 21 e3 8b 3b 21 86 f3 44 ../..e}.!..;!..D
02 00 00 00 5d f1 ea 68 04 d1 55 0e e9 67 89 e4 ....]..h..U..g..
74 26 57 3b f8 43 00 00 0e 80 00 00 10 66 00 00 t&W;.C.......f..
83 04 96 85 cf 53 e4 32 2b df 84 2d b7 56 50 bb .....S.2+..-.VP.
ed bd 4c 7e e9 4f d6 43 e6 e6 a4 24 e2 85 0c 0d ..L~.O.C...$....
76 6c e2 44 27 be 5c 10 b8 49 70 0f 02 fc ec cd vl.D'.\..Ip.....
b7 60 dd 02 d8 ea 0f 90 f6 33 56 55 ca b5 43 e8 .`.......3VU..C.
4f 9b d9 77 fc ee cf 0f 60 5f 74 7c 8a f5 c8 1a O..w....`_t|....
03 c8 e1 c5 81 dd df a1 27 df cb ee 0f 78 f8 30 ........'....x.0
f8 60 11 f1 f3 0c 16 ff bc 65 2c 60 96 2e da d0 .`.......e,`....
03 00 00 00 00 00 00 00 00 00 00 00 00 00 00 00 ................
00 00 00 00                                     ....            
0x1d0a4a80	FILE	26630	DATA	amd64_microsoft-windows-sendmail_31bf3856ad364e35_6.1.7600.16385_none_b6de6c0835b43484_desktopcreateshortcut.desklink_c68aef56	
64 65 73 6b 74 6f 70                            desktop         
0x1d0a4dc8	FILE	26631	DATA	Desktop (create shortcut).DeskLink	
64 65 73 6b 74 6f 70                            desktop         
0x1d2a6128	FILE	45156	DATA	wiatrace.log	
0d 0a 2a 2a 2a 2a 2a 2a 2a 2a 2a 2a 2a 2a 2a 2a ..**************
2a 2a 20 53 74 61 72 74 65 64 20 74 72 61 63 65 ** Started trace
20 66 6f 72 20 4d 6f 64 75 6c 65 3a 20 5b 73 74  for Module: [st
69 5f 63 69 2e 64 6c 6c 5d 20 69 6e 20 45 78 65 i_ci.dll] in Exe
63 75 74 61 62 6c 65 20 5b 73 65 74 75 70 2e 65 cutable [setup.e
78 65 5d 20 50 72 6f 63 65 73 73 49 44 3a 20 5b xe] ProcessID: [
37 35 32 5d 20 61 74 20 32 30 31 35 2f 30 34 2f 752] at 2015/04/
32 34 20 32 32 3a 34 31 3a 30 38 3a 39 36 38 20 24 22:41:08:968 
2a 2a 2a 2a 2a 2a 2a 2a 2a 2a 2a 2a 2a 2a 2a 2a ****************
0d 0a 57 49 41 3a 20 37 35 32 2e 37 35 36 20 30 ..WIA: 752.756 0
20 30 20 30 20 5b 73 74 69 5f 63 69 2e 64 6c 6c  0 0 [sti_ci.dll
5d 20 45 52 52 4f 52 3a 20 4f 6e 44 49 46 5f 44 ] ERROR: OnDIF_D
45 53 54 52 4f 59 50 52 49 56 41 54 45 44 41 54 ESTROYPRIVATEDAT
41 2c 20 49 6e 76 61 6c 69 64 20 61 72 67 75 6d A, Invalid argum
65 6e 74 2e 0d 0a 0d 0a 2a 2a 2a 2a 2a 2a 2a 2a ent.....********
2a 2a 2a 2a 2a 2a 2a 2a 20 53 74 61 72 74 65 64 ******** Started
20 74 72 61 63 65 20 66 6f 72 20 4d 6f 64 75 6c  trace for Modul
65 3a 20 5b 73 74 69 5f 63 69 2e 64 6c 6c 5d 20 e: [sti_ci.dll] 
69 6e 20 45 78 65 63 75 74 61 62 6c 65 20 5b 73 in Executable [s
65 74 75 70 2e 65 78 65 5d 20 50 72 6f 63 65 73 etup.exe] Proces
73 49 44 3a 20 5b 37 34 34 5d 20 61 74 20 32 30 sID: [744] at 20
31 35 2f 30 34 2f 32 35 20 32 31 3a 32 32 3a 33 15/04/25 21:22:3
30 3a 31 30 39 20 2a 2a 2a 2a 2a 2a 2a 2a 2a 2a 0:109 **********
2a 2a 2a 2a 2a 2a 0d 0a 57 49 41 3a 20 37 34 34 ******..WIA: 744
2e 37 34 38 20 30 20 30 20 30 20 5b 73 74 69 5f .748 0 0 0 [sti_
63 69 2e 64 6c 6c 5d 20 45 52 52 4f 52 3a 20 4f ci.dll] ERROR: O
6e 44 49 46 5f 44 45 53 54 52 4f 59 50 52 49 56 nDIF_DESTROYPRIV
41 54 45 44 41 54 41 2c 20 49 6e 76 61 6c 69 64 ATEDATA, Invalid
20 61 72 67 75 6d 65 6e 74 2e 0d 0a 0d 0a 2a 2a  argument.....**
2a 2a 2a 2a 2a 2a 2a 2a 2a 2a 2a 2a 2a 2a 20 53 ************** S
74 61 72 74 65 64 20 74 72 61 63 65 20 66 6f 72 tarted trace for
20 4d 6f 64 75 6c 65 3a 20 5b 73 74 69 5f 63 69  Module: [sti_ci
2e 64 6c 6c 5d 20 69 6e 20 45 78 65 63 75 74 61 .dll] in Executa
62 6c 65 20 5b 73 65 74 75 70 2e 65 78 65 5d 20 ble [setup.exe] 
50 72 6f 63 65 73 73 49 44 3a 20 5b 37 30 30 5d ProcessID: [700]
20 61 74 20 32 30 31 37 2f 30 31 2f 32 38 20 31  at 2017/01/28 1
39 3a 31 35 3a 33 34 3a 30 39 33 20 2a 2a 2a 2a 9:15:34:093 ****
2a 2a 2a 2a 2a 2a 2a 2a 2a 2a 2a 2a 0d 0a 57 49 ************..WI
41 3a 20 37 30 30 2e 37 30 34 20 30 20 30 20 30 A: 700.704 0 0 0
20 5b 73 74 69 5f 63 69 2e 64 6c 6c 5d 20 45 52  [sti_ci.dll] ER
52 4f 52 3a 20 4f 6e 44 49 46 5f 44 45 53 54 52 ROR: OnDIF_DESTR
4f 59 50 52 49 56 41 54 45 44 41 54 41 2c 20 49 OYPRIVATEDATA, I
6e 76 61 6c 69 64 20 61 72 67 75 6d 65 6e 74 2e nvalid argument.
0d 0a                                           ..              
0x1d3a71a0	FILE	85572	DATA	NTUSER.DAT.LOG2	-
0x1d3a75a0	FILE	85573	DATA	COMPONENTS.LOG2	-
0x1d3a79a0	FILE	85574	DATA	DEFAULT.LOG2	-
0x1d3a7d90	FILE	85575	DATA	SAM~2.LOG	-
0x1d950120	FILE	2832	DATA	sammui.log	
32 30 31 37 5c 31 5c 32 38 20 20 31 39 3a 31 38 2017\1\28  19:18
3a 34 35 20 2d 20 53 69 64 20 72 65 66 72 65 73 :45 - Sid refres
68 20 6f 70 65 72 61 74 69 6f 6e 20 73 74 61 72 h operation star
74 65 64 3a 20 50 72 6f 63 65 73 73 20 35 36 34 ted: Process 564
2c 20 54 68 72 65 61 64 20 32 38 38 0d 0a 20 4e , Thread 288.. N
65 77 20 4c 61 6e 67 75 61 67 65 20 6c 69 73 74 ew Language list
3a 20 30 34 30 39 3b 0d 0a 09 53 41 4d 20 72 65 : 0409;...SAM re
66 72 65 73 68 20 73 75 63 63 65 73 73 66 75 6c fresh successful
0d 0a 0d 0a                                     ....            
0x21dc7128	FILE	85608	DATA	setuperr.log	-
0x21dc79b8	FILE	85610	DATA	MountPointManagerRemoteDatabase	-
0x23211110	FILE	85580	DATA	SAM	-
0x23211520	FILE	85581	DATA	SECURITY	-
0x23211920	FILE	85582	DATA	SOFTWARE	-
0x23211d18	FILE	85583	DATA	SYSTEM	-
0x237234a0	FILE	521	DATA	05ca5126-74f1-40ff-8850-ec0c381179f5	-
0x23b241f0	FILE	83200	DATA	System.Runtime.Serialization.Formatters.Soap.ni.dll.aux	
05 00 00 00 b0 01 00 00 0b 00 00 00 ac 00 00 00 ................
0d 00 00 00 70 00 00 00 53 79 73 74 65 6d 2e 52 ....p...System.R
75 6e 74 69 6d 65 2e 53 65 72 69 61 6c 69 7a 61 untime.Serializa
74 69 6f 6e 2e 46 6f 72 6d 61 74 74 65 72 73 2e tion.Formatters.
53 6f 61 70 2c 20 56 65 72 73 69 6f 6e 3d 34 2e Soap, Version=4.
30 2e 30 2e 30 2c 20 43 75 6c 74 75 72 65 3d 6e 0.0.0, Culture=n
65 75 74 72 61 6c 2c 20 50 75 62 6c 69 63 4b 65 eutral, PublicKe
79 54 6f 6b 65 6e 3d 62 30 33 66 35 66 37 66 31 yToken=b03f5f7f1
31 64 35 30 61 33 61 00 07 00 00 00 04 00 00 00 1d50a3a.........
09 11 00 00 02 00 00 00 08 00 00 00 00 9d 74 9b ..............t.
c3 62 d0 01 09 00 00 00 10 00 00 00 e3 1f d6 8a .b..............
ea d3 17 46 87 5a d3 3e 70 e7 5b 09 04 00 00 00 ...F.Z.>p.[.....
6c 00 00 00 01 00 00 00 4c 00 00 00 6d 73 63 6f l.......L...msco
72 6c 69 62 2c 20 56 65 72 73 69 6f 6e 3d 34 2e rlib, Version=4.
30 2e 30 2e 30 2c 20 43 75 6c 74 75 72 65 3d 6e 0.0.0, Culture=n
65 75 74 72 61 6c 2c 20 50 75 62 6c 69 63 4b 65 eutral, PublicKe
79 54 6f 6b 65 6e 3d 62 37 37 61 35 63 35 36 31 yToken=b77a5c561
39 33 34 65 30 38 39 00 03 00 00 00 10 00 00 00 934e089.........
de 5a 0a 24 05 89 c6 33 5b 2d aa 38 e9 f2 d2 e4 .Z.$...3[-.8....
04 00 00 00 80 00 00 00 01 00 00 00 50 00 00 00 ............P...
53 79 73 74 65 6d 2e 58 6d 6c 2c 20 56 65 72 73 System.Xml, Vers
69 6f 6e 3d 34 2e 30 2e 30 2e 30 2c 20 43 75 6c ion=4.0.0.0, Cul
74 75 72 65 3d 6e 65 75 74 72 61 6c 2c 20 50 75 ture=neutral, Pu
62 6c 69 63 4b 65 79 54 6f 6b 65 6e 3d 62 37 37 blicKeyToken=b77
61 35 63 35 36 31 39 33 34 65 30 38 39 00 cc cc a5c561934e089...
02 00 00 00 08 00 00 00 00 9d 74 9b c3 62 d0 01 ..........t..b..
09 00 00 00 10 00 00 00 2a 0d 5e 41 e4 de 06 45 ........*.^A...E
8f 75 e8 45 9f 74 54 56                         .u.E.tTV        
0x23b32120	FILE	44456	DATA	Desktop.ini	
5b 2e 53 68 65 6c 6c 43 6c 61 73 73 49 6e 66 6f [.ShellClassInfo
5d 0d 0a 4c 6f 63 61 6c 69 7a 65 64 52 65 73 6f ]..LocalizedReso
75 72 63 65 4e 61 6d 65 3d 40 25 53 79 73 74 65 urceName=@%Syste
6d 52 6f 6f 74 25 5c 53 79 73 74 65 6d 33 32 5c mRoot%\System32\
74 68 65 6d 65 75 69 2e 64 6c 6c 2c 2d 32 31 31 themeui.dll,-211
30                                              0               
0x23b32d90	FILE	44459	DATA	Desktop.ini	
ff fe 5b 00 2e 00 53 00 68 00 65 00 6c 00 6c 00 ..[...S.h.e.l.l.
43 00 6c 00 61 00 73 00 73 00 49 00 6e 00 66 00 C.l.a.s.s.I.n.f.
6f 00 5d 00 0d 00 0a 00 4c 00 6f 00 63 00 61 00 o.].....L.o.c.a.
6c 00 69 00 7a 00 65 00 64 00 52 00 65 00 73 00 l.i.z.e.d.R.e.s.
6f 00 75 00 72 00 63 00 65 00 4e 00 61 00 6d 00 o.u.r.c.e.N.a.m.
65 00 3d 00 40 00 25 00 53 00 79 00 73 00 74 00 e.=.@.%.S.y.s.t.
65 00 6d 00 52 00 6f 00 6f 00 74 00 25 00 5c 00 e.m.R.o.o.t.%.\.
73 00 79 00 73 00 74 00 65 00 6d 00 33 00 32 00 s.y.s.t.e.m.3.2.
5c 00 73 00 68 00 65 00 6c 00 6c 00 33 00 32 00 \.s.h.e.l.l.3.2.
2e 00 64 00 6c 00 6c 00 2c 00 2d 00 32 00 31 00 ..d.l.l.,.-.2.1.
38 00 31 00 31 00 0d 00 0a 00                   8.1.1.....      
0x23c02db8	FILE	83103	DATA	System.Dynamic.ni.dll.aux	
05 00 00 00 f8 01 00 00 0b 00 00 00 90 00 00 00 ................
0d 00 00 00 54 00 00 00 53 79 73 74 65 6d 2e 44 ....T...System.D
79 6e 61 6d 69 63 2c 20 56 65 72 73 69 6f 6e 3d ynamic, Version=
34 2e 30 2e 30 2e 30 2c 20 43 75 6c 74 75 72 65 4.0.0.0, Culture
3d 6e 65 75 74 72 61 6c 2c 20 50 75 62 6c 69 63 =neutral, Public
4b 65 79 54 6f 6b 65 6e 3d 62 30 33 66 35 66 37 KeyToken=b03f5f7
66 31 31 64 35 30 61 33 61 00 cc cc 07 00 00 00 f11d50a3a.......
04 00 00 00 09 11 00 00 02 00 00 00 08 00 00 00 ................
00 9d 74 9b c3 62 d0 01 09 00 00 00 10 00 00 00 ..t..b..........
2d e7 71 cb c0 11 89 4c 9b f3 f5 08 4d d3 68 07 -.q....L....M.h.
04 00 00 00 6c 00 00 00 01 00 00 00 4c 00 00 00 ....l.......L...
6d 73 63 6f 72 6c 69 62 2c 20 56 65 72 73 69 6f mscorlib, Versio
6e 3d 34 2e 30 2e 30 2e 30 2c 20 43 75 6c 74 75 n=4.0.0.0, Cultu
72 65 3d 6e 65 75 74 72 61 6c 2c 20 50 75 62 6c re=neutral, Publ
69 63 4b 65 79 54 6f 6b 65 6e 3d 62 37 37 61 35 icKeyToken=b77a5
63 35 36 31 39 33 34 65 30 38 39 00 03 00 00 00 c561934e089.....
10 00 00 00 de 5a 0a 24 05 89 c6 33 5b 2d aa 38 .....Z.$...3[-.8
e9 f2 d2 e4 04 00 00 00 70 00 00 00 01 00 00 00 ........p.......
50 00 00 00 53 79 73 74 65 6d 2e 43 6f 72 65 2c P...System.Core,
20 56 65 72 73 69 6f 6e 3d 34 2e 30 2e 30 2e 30  Version=4.0.0.0
2c 20 43 75 6c 74 75 72 65 3d 6e 65 75 74 72 61 , Culture=neutra
6c 2c 20 50 75 62 6c 69 63 4b 65 79 54 6f 6b 65 l, PublicKeyToke
6e 3d 62 37 37 61 35 63 35 36 31 39 33 34 65 30 n=b77a5c561934e0
38 39 00 cc 03 00 00 00 10 00 00 00 82 73 78 2e 89...........sx.
90 d0 69 bd 48 c0 d4 05 bd 7c 99 f0 04 00 00 00 ..i.H....|......
6c 00 00 00 01 00 00 00 4c 00 00 00 53 79 73 74 l.......L...Syst
65 6d 2c 20 56 65 72 73 69 6f 6e 3d 34 2e 30 2e em, Version=4.0.
30 2e 30 2c 20 43 75 6c 74 75 72 65 3d 6e 65 75 0.0, Culture=neu
74 72 61 6c 2c 20 50 75 62 6c 69 63 4b 65 79 54 tral, PublicKeyT
6f 6b 65 6e 3d 62 37 37 61 35 63 35 36 31 39 33 oken=b77a5c56193
34 65 30 38 39 00 cc cc 03 00 00 00 10 00 00 00 4e089...........
3e be a6 9c 82 be 91 dc 31 23 6d 04 88 75 b2 b7 >.......1#m..u..
0x23c31120	FILE	44460	DATA	Desktop.ini	
ff fe 5b 00 2e 00 53 00 68 00 65 00 6c 00 6c 00 ..[...S.h.e.l.l.
43 00 6c 00 61 00 73 00 73 00 49 00 6e 00 66 00 C.l.a.s.s.I.n.f.
6f 00 5d 00 0d 00 0a 00 4c 00 6f 00 63 00 61 00 o.].....L.o.c.a.
6c 00 69 00 7a 00 65 00 64 00 52 00 65 00 73 00 l.i.z.e.d.R.e.s.
6f 00 75 00 72 00 63 00 65 00 4e 00 61 00 6d 00 o.u.r.c.e.N.a.m.
65 00 3d 00 40 00 25 00 53 00 79 00 73 00 74 00 e.=.@.%.S.y.s.t.
65 00 6d 00 52 00 6f 00 6f 00 74 00 25 00 5c 00 e.m.R.o.o.t.%.\.
73 00 79 00 73 00 74 00 65 00 6d 00 33 00 32 00 s.y.s.t.e.m.3.2.
5c 00 73 00 68 00 65 00 6c 00 6c 00 33 00 32 00 \.s.h.e.l.l.3.2.
2e 00 64 00 6c 00 6c 00 2c 00 2d 00 32 00 31 00 ..d.l.l.,.-.2.1.
38 00 31 00 31 00 0d 00 0a 00                   8.1.1.....      
0x23c31520	FILE	44461	DATA	Desktop.ini	
ff fe 5b 00 2e 00 53 00 68 00 65 00 6c 00 6c 00 ..[...S.h.e.l.l.
43 00 6c 00 61 00 73 00 73 00 49 00 6e 00 66 00 C.l.a.s.s.I.n.f.
6f 00 5d 00 0d 00 0a 00 4c 00 6f 00 63 00 61 00 o.].....L.o.c.a.
6c 00 69 00 7a 00 65 00 64 00 52 00 65 00 73 00 l.i.z.e.d.R.e.s.
6f 00 75 00 72 00 63 00 65 00 4e 00 61 00 6d 00 o.u.r.c.e.N.a.m.
65 00 3d 00 40 00 25 00 53 00 79 00 73 00 74 00 e.=.@.%.S.y.s.t.
65 00 6d 00 52 00 6f 00 6f 00 74 00 25 00 5c 00 e.m.R.o.o.t.%.\.
73 00 79 00 73 00 74 00 65 00 6d 00 33 00 32 00 s.y.s.t.e.m.3.2.
5c 00 73 00 68 00 65 00 6c 00 6c 00 33 00 32 00 \.s.h.e.l.l.3.2.
2e 00 64 00 6c 00 6c 00 2c 00 2d 00 32 00 31 00 ..d.l.l.,.-.2.1.
38 00 31 00 31 00 0d 00 0a 00                   8.1.1.....      
0x23c31920	FILE	44462	DATA	Desktop.ini	
5b 2e 53 68 65 6c 6c 43 6c 61 73 73 49 6e 66 6f [.ShellClassInfo
5d 0d 0a 4c 6f 63 61 6c 69 7a 65 64 52 65 73 6f ]..LocalizedReso
75 72 63 65 4e 61 6d 65 3d 40 25 53 79 73 74 65 urceName=@%Syste
6d 52 6f 6f 74 25 5c 53 79 73 74 65 6d 33 32 5c mRoot%\System32\
74 68 65 6d 65 75 69 2e 64 6c 6c 2c 2d 32 31 30 themeui.dll,-210
31                                              1               
0x23c31d20	FILE	44463	DATA	Desktop.ini	
5b 2e 53 68 65 6c 6c 43 6c 61 73 73 49 6e 66 6f [.ShellClassInfo
5d 0d 0a 4c 6f 63 61 6c 69 7a 65 64 52 65 73 6f ]..LocalizedReso
75 72 63 65 4e 61 6d 65 3d 40 25 53 79 73 74 65 urceName=@%Syste
6d 52 6f 6f 74 25 5c 53 79 73 74 65 6d 33 32 5c mRoot%\System32\
74 68 65 6d 65 75 69 2e 64 6c 6c 2c 2d 32 31 30 themeui.dll,-210
31                                              1               
0x24217d78	FILE	3	DATA	$Volume	-
0x2422c518	FILE	83365	DATA	Run.lnk	
4c 00 00 00 01 14 02 00 00 00 00 00 c0 00 00 00 L...............
00 00 00 46 c5 01 00 00 00 00 00 00 00 00 00 00 ...F............
00 00 00 00 00 00 00 00 00 00 00 00 00 00 00 00 ................
00 00 00 00 00 00 00 00 e7 ff ff ff 01 00 00 00 ................
00 00 00 00 00 00 00 00 00 00 00 00 16 00 14 00 ................
1f 80 f3 a1 59 25 d7 21 d4 11 bd af 00 c0 4f 60 ....Y%.!......O`
b9 f0 00 00 1c 00 40 00 25 00 77 00 69 00 6e 00 ......@.%.w.i.n.
64 00 69 00 72 00 25 00 5c 00 65 00 78 00 70 00 d.i.r.%.\.e.x.p.
6c 00 6f 00 72 00 65 00 72 00 2e 00 65 00 78 00 l.o.r.e.r...e.x.
65 00 2c 00 2d 00 37 00 30 00 30 00 33 00 1d 00 e.,.-.7.0.0.3...
25 00 77 00 69 00 6e 00 64 00 69 00 72 00 25 00 %.w.i.n.d.i.r.%.
5c 00 73 00 79 00 73 00 74 00 65 00 6d 00 33 00 \.s.y.s.t.e.m.3.
32 00 5c 00 73 00 68 00 65 00 6c 00 6c 00 33 00 2.\.s.h.e.l.l.3.
32 00 2e 00 64 00 6c 00 6c 00 28 00 00 00 09 00 2...d.l.l.(.....
00 a0 1c 00 00 00 31 53 50 53 e2 8a 58 46 bc 4c ......1SPS..XF.L
38 43 bb fc 13 93 26 98 6d ce 00 00 00 00 00 00 8C....&.m.......
00 00 00 00 00 00                               ......          
0x2422c928	FILE	83366	DATA	computer.lnk	
4c 00 00 00 01 14 02 00 00 00 00 00 c0 00 00 00 L...............
00 00 00 46 c5 01 00 00 00 00 00 00 00 00 00 00 ...F............
00 00 00 00 00 00 00 00 00 00 00 00 00 00 00 00 ................
00 00 00 00 00 00 00 00 6d 00 00 00 01 00 00 00 ........m.......
00 00 00 00 00 00 00 00 00 00 00 00 16 00 14 00 ................
1f 50 e0 4f d0 20 ea 3a 69 10 a2 d8 08 00 2b 30 .P.O. .:i.....+0
30 9d 00 00 1b 00 40 00 25 00 77 00 69 00 6e 00 0.....@.%.w.i.n.
64 00 69 00 72 00 25 00 5c 00 65 00 78 00 70 00 d.i.r.%.\.e.x.p.
6c 00 6f 00 72 00 65 00 72 00 2e 00 65 00 78 00 l.o.r.e.r...e.x.
65 00 2c 00 2d 00 33 00 30 00 34 00 1e 00 25 00 e.,.-.3.0.4...%.
77 00 69 00 6e 00 64 00 69 00 72 00 25 00 5c 00 w.i.n.d.i.r.%.\.
73 00 79 00 73 00 74 00 65 00 6d 00 33 00 32 00 s.y.s.t.e.m.3.2.
5c 00 69 00 6d 00 61 00 67 00 65 00 72 00 65 00 \.i.m.a.g.e.r.e.
73 00 2e 00 64 00 6c 00 6c 00 28 00 00 00 09 00 s...d.l.l.(.....
00 a0 1c 00 00 00 31 53 50 53 e2 8a 58 46 bc 4c ......1SPS..XF.L
38 43 bb fc 13 93 26 98 6d ce 00 00 00 00 00 00 8C....&.m.......
00 00 00 00 00 00                               ......          
0x242bcd20	FILE	83403	DATA	ntuser.ini	
ff fe 0d 00 0a 00 20 00 20 00 20 00 20 00 20 00 ...... . . . . .
0d 00 0a 00                                     ....            
0x249c81b8	FILE	83084	DATA	System.Drawing.ni.dll.aux	
05 00 00 00 10 02 00 00 0b 00 00 00 90 00 00 00 ................
0d 00 00 00 54 00 00 00 53 79 73 74 65 6d 2e 44 ....T...System.D
72 61 77 69 6e 67 2c 20 56 65 72 73 69 6f 6e 3d rawing, Version=
34 2e 30 2e 30 2e 30 2c 20 43 75 6c 74 75 72 65 4.0.0.0, Culture
3d 6e 65 75 74 72 61 6c 2c 20 50 75 62 6c 69 63 =neutral, Public
4b 65 79 54 6f 6b 65 6e 3d 62 30 33 66 35 66 37 KeyToken=b03f5f7
66 31 31 64 35 30 61 33 61 00 cc cc 07 00 00 00 f11d50a3a.......
04 00 00 00 09 11 00 00 02 00 00 00 08 00 00 00 ................
00 9d 74 9b c3 62 d0 01 09 00 00 00 10 00 00 00 ..t..b..........
c1 0c 71 86 41 b3 d3 45 99 b8 7e 8a 2a 5e ce dc ..q.A..E..~.*^..
04 00 00 00 6c 00 00 00 01 00 00 00 4c 00 00 00 ....l.......L...
6d 73 63 6f 72 6c 69 62 2c 20 56 65 72 73 69 6f mscorlib, Versio
6e 3d 34 2e 30 2e 30 2e 30 2c 20 43 75 6c 74 75 n=4.0.0.0, Cultu
72 65 3d 6e 65 75 74 72 61 6c 2c 20 50 75 62 6c re=neutral, Publ
69 63 4b 65 79 54 6f 6b 65 6e 3d 62 37 37 61 35 icKeyToken=b77a5
63 35 36 31 39 33 34 65 30 38 39 00 03 00 00 00 c561934e089.....
10 00 00 00 de 5a 0a 24 05 89 c6 33 5b 2d aa 38 .....Z.$...3[-.8
e9 f2 d2 e4 04 00 00 00 6c 00 00 00 01 00 00 00 ........l.......
4c 00 00 00 53 79 73 74 65 6d 2c 20 56 65 72 73 L...System, Vers
69 6f 6e 3d 34 2e 30 2e 30 2e 30 2c 20 43 75 6c ion=4.0.0.0, Cul
74 75 72 65 3d 6e 65 75 74 72 61 6c 2c 20 50 75 ture=neutral, Pu
62 6c 69 63 4b 65 79 54 6f 6b 65 6e 3d 62 37 37 blicKeyToken=b77
61 35 63 35 36 31 39 33 34 65 30 38 39 00 cc cc a5c561934e089...
03 00 00 00 10 00 00 00 3e be a6 9c 82 be 91 dc ........>.......
31 23 6d 04 88 75 b2 b7 04 00 00 00 88 00 00 00 1#m..u..........
01 00 00 00 58 00 00 00 53 79 73 74 65 6d 2e 43 ....X...System.C
6f 6e 66 69 67 75 72 61 74 69 6f 6e 2c 20 56 65 onfiguration, Ve
72 73 69 6f 6e 3d 34 2e 30 2e 30 2e 30 2c 20 43 rsion=4.0.0.0, C
75 6c 74 75 72 65 3d 6e 65 75 74 72 61 6c 2c 20 ulture=neutral, 
50 75 62 6c 69 63 4b 65 79 54 6f 6b 65 6e 3d 62 PublicKeyToken=b
30 33 66 35 66 37 66 31 31 64 35 30 61 33 61 00 03f5f7f11d50a3a.
02 00 00 00 08 00 00 00 00 9d 74 9b c3 62 d0 01 ..........t..b..
09 00 00 00 10 00 00 00 ab 75 05 ec f6 61 f8 4c .........u...a.L
af 75 b9 92 f6 52 82 b1                         .u...R..        
0x257b3d18	FILE	31	DATA	$Tops	
0a 00 64 00 01 00 00 00 24 ec 39 b9 ce e5 e6 11 ..d.....$.9.....
a4 67 81 aa ba 9e 0a 36 00 00 00 00 00 00 00 00 .g.....6........
00 10 00 00 00 00 00 00 00 00 00 00 00 00 00 00 ................
00 00 00 00 ff ff ff ff 00 00 00 00 00 00 00 00 ................
00 00 00 00 00 00 00 00 00 00 00 00 00 00 00 00 ................
ff ff ff ff ff ff ff ff ff ff ff ff 00 00 00 00 ................
ff ff ff ff                                     ....            
0x257df1a0	FILE	85576	DATA	SECURITY.LOG2	-
0x257df5a0	FILE	85577	DATA	SOFTWARE.LOG2	-
0x257df998	FILE	85578	DATA	SYSTEM~2.LOG	-
0x257dfd18	FILE	85579	DATA	DEFAULT	-
0x25a54d78	FILE	3	DATA	$Volume	-
0x25c48920	FILE	94	DATA	BCD.LOG1	-
0x25c48d20	FILE	95	DATA	BCD.LOG2	-
0x260f4120	FILE	8	DATA	$BadClus	-
0x2700ada8	FILE	84688	DATA	System.Runtime.Serialization.ni.dll.aux.tmp	-
0x271221c8	FILE	85644	DATA	f0f0c99e-e65a-4568-a99d-a445746d318e	
02 00 00 00 00 00 00 00 00 00 00 00 66 00 30 00 ............f.0.
66 00 30 00 63 00 39 00 39 00 65 00 2d 00 65 00 f.0.c.9.9.e.-.e.
36 00 35 00 61 00 2d 00 34 00 35 00 36 00 38 00 6.5.a.-.4.5.6.8.
2d 00 61 00 39 00 39 00 64 00 2d 00 61 00 34 00 -.a.9.9.d.-.a.4.
34 00 35 00 37 00 34 00 36 00 64 00 33 00 31 00 4.5.7.4.6.d.3.1.
38 00 65 00 00 00 00 00 00 00 00 00 06 00 00 00 8.e.............
b0 00 00 00 00 00 00 00 90 00 00 00 00 00 00 00 ................
14 00 00 00 00 00 00 00 00 00 00 00 00 00 00 00 ................
02 00 00 00 38 fb 67 11 f7 94 7f f2 15 6d 80 90 ....8.g......m..
e1 f0 26 d5 f8 43 00 00 0e 80 00 00 10 66 00 00 ..&..C.......f..
be 45 b2 7a 59 63 64 81 d3 b1 cc ff 74 67 75 df .E.zYcd.....tgu.
fe 8b 1f c5 a4 64 bc b5 91 f0 2e 8b 2b f2 d6 69 .....d......+..i
34 40 86 6a 8c de 58 1f 50 54 64 50 27 9c aa 01 4@.j..X.PTdP'...
55 3e 91 15 ac 64 c8 8f d4 d9 22 ab bd db 02 33 U>...d...."....3
0e b1 65 16 63 76 4e 82 6b da 0b ba bf c8 79 1b ..e.cvN.k.....y.
38 a0 2b e8 ed 8a fb e4 e3 8f 3b f2 30 d9 a1 1b 8.+.......;.0...
1b 95 68 18 3a f6 5a 3e 4e 4c 47 5c de 24 a4 7b ..h.:.Z>NLG\.$.{
1b 78 8a e0 38 c2 43 89 5b a2 8c 2b 51 37 1c cf .x..8.C.[..+Q7..
42 12 ad cf 33 ea d6 04 54 6d 75 24 80 1b 84 b6 B...3...Tmu$....
02 00 00 00 09 1b 2c 12 0c 4b 33 6c ae d8 82 c5 ......,..K3l....
e7 3d 01 3c f8 43 00 00 0e 80 00 00 10 66 00 00 .=.<.C.......f..
a3 4e 8d dc 75 d0 22 79 ff be 82 bc 8a 37 d7 ee .N..u."y.....7..
a0 98 90 7b 9a 6d d5 46 4e e2 ce 60 58 c0 b6 f7 ...{.m.FN..`X...
ac 8e 19 95 45 99 a1 d5 40 5a 01 e2 b0 36 ba 60 ....E...@Z...6.`
c5 1a 5e 3e dd 1f 3f ec 27 3b 12 27 10 5b 82 ad ..^>..?.';.'.[..
d9 01 c8 35 47 98 a7 34 6a 60 2d 71 4a 8a 4f 6b ...5G..4j`-qJ.Ok
c9 e8 63 56 90 35 cc cb 3d d0 2b fe 71 f3 81 9b ..cV.5..=.+.q...
a9 aa 20 ac 5a e7 e9 4b b6 4d be 56 cb 29 15 b6 .. .Z..K.M.V.)..
03 00 00 00 00 00 00 00 00 00 00 00 00 00 00 00 ................
00 00 00 00                                     ....            
0x27123120	FILE	516	DATA	INDEX.000	
00 00 42 00 00 00 00 00 01 00 00 00 00 00 00 00 ..B.............
0b 00 00 00 8c 01 00 00 00 00 00 00 00 00 00 00 ................
0b 00 00 00 8c 01 00 00 00 00 00 00 00 00 00 00 ................
53 48 52 46 00 00 00 00 02 00 00 00 00 00 00 00 SHRF............
01 00 00 00 00 00 00 00 00 00 00 00 00 00 00 00 ................
00 00 00 00 00 00 00 00 00 00 00 00 00 00 00 00 ................
00 00 00 00 00 00 00 00 00 00 00 00 00 00 00 00 ................
00 00 00 00 00 00 00 00 00 00 00 00 00 00 00 00 ................
00 00 00 00 00 00 00 00 00 00 00 00 00 00 00 00 ................
00 00 00 00 02 00 00 00 00 00 00 00 01 00 00 00 ................
00 00 00 00 00 00 00 00 00 00 00 00 00 00 00 00 ................
00 00 00 00 00 00 00 00 00 00 00 00 00 00 00 00 ................
00 00 00 00 00 00 00 00 00 00 00 00 00 00 00 00 ................
00 00 00 00 00 00 00 00 00 00 00 00 00 00 00 00 ................
00 00 00 00 00 00 00 00 00 00 00 00 53 48 52 49 ............SHRI
0x2713b128	FILE	85560	DATA	setuperr.log	-
0x2713b9a8	FILE	85562	DATA	PublisherPolicy.tme	-
0x2713bd20	FILE	85563	DATA	pubpol4.dat	-
0x2716ad80	FILE	3	DATA	$Volume	-
0x27221120	FILE	85568	DATA	PASSWD.LOG	-
0x27221528	FILE	85569	DATA	setuperr.log	-
0x272219a0	FILE	85570	DATA	NTUSER.DAT.LOG2	-
0x27221da8	FILE	85571	DATA	WindowsUpdate.log	-
0x272281c8	FILE	18256	DATA	088482fa-65b8-4e17-9abf-1dcd48e8d373	
00 00 00 00 00 00 00 00 00 00 00 00 8d 96 06 2d ...............-
41 04 ca 01                                     A...            
0x272285c8	FILE	18257	DATA	0c7ce3f6-ec46-49bd-bf1e-b89304de4ef3	
00 00 00 00 00 00 00 00 00 00 00 00 a8 ff 15 04 ................
cf 7e d0 01                                     .~..            
0x2723ed18	FILE	31	DATA	$Tops	
0a 00 64 00 01 00 00 00 2b ec 39 b9 ce e5 e6 11 ..d.....+.9.....
a4 67 81 aa ba 9e 0a 36 00 00 00 00 00 00 00 00 .g.....6........
00 48 02 00 00 00 00 00 19 00 00 00 00 00 00 00 .H..............
00 00 00 00 ff ff ff ff 21 00 00 00 00 00 00 00 ........!.......
00 00 00 00 00 00 00 00 00 00 00 00 00 00 00 00 ................
ff ff ff ff ff ff ff ff ff ff ff ff 00 00 00 00 ................
ff ff ff ff                                     ....            
0x272bb208	FILE	42	DATA	EtwRTEventlog-Security.etl	-
0x272bb8a0	FILE	43	DATA	EtwRTUBPM.etl	-
0x273f3d80	FILE	3	DATA	$Volume	-
0x273fa1c8	FILE	26464	DATA	d7b6e81d-3cf4-432c-84d2-24213f4316e6	
00 00 00 00 00 00 00 00 00 00 00 00 4a 43 e5 2c ............JC.,
41 04 ca 01                                     A...            
0x273fa5c8	FILE	26465	DATA	d902d2ca-fbc8-4daa-8fc8-9da327f572c8	
12 5f 94 95 a5 08 d3 01 00 00 00 00             ._..........    
0x273fa9c8	FILE	26466	DATA	da41de71-8431-42fb-9db0-eb64a961dead	
00 00 00 00 00 00 00 00 00 00 00 00 c9 40 1f 30 .............@.0
41 04 ca 01                                     A...            
0x27446120	FILE	8	DATA	$BadClus	-
0x276b91b0	FILE	81476	DATA	default.win32manifest	
ef bb bf 3c 3f 78 6d 6c 20 76 65 72 73 69 6f 6e ...<?xml version
3d 22 31 2e 30 22 20 65 6e 63 6f 64 69 6e 67 3d ="1.0" encoding=
22 55 54 46 2d 38 22 20 73 74 61 6e 64 61 6c 6f "UTF-8" standalo
6e 65 3d 22 79 65 73 22 3f 3e 0d 0a 3c 61 73 73 ne="yes"?>..<ass
65 6d 62 6c 79 20 78 6d 6c 6e 73 3d 22 75 72 6e embly xmlns="urn
3a 73 63 68 65 6d 61 73 2d 6d 69 63 72 6f 73 6f :schemas-microso
66 74 2d 63 6f 6d 3a 61 73 6d 2e 76 31 22 20 6d ft-com:asm.v1" m
61 6e 69 66 65 73 74 56 65 72 73 69 6f 6e 3d 22 anifestVersion="
31 2e 30 22 3e 0d 0a 20 20 3c 61 73 73 65 6d 62 1.0">..  <assemb
6c 79 49 64 65 6e 74 69 74 79 20 76 65 72 73 69 lyIdentity versi
6f 6e 3d 22 31 2e 30 2e 30 2e 30 22 20 6e 61 6d on="1.0.0.0" nam
65 3d 22 4d 79 41 70 70 6c 69 63 61 74 69 6f 6e e="MyApplication
2e 61 70 70 22 2f 3e 0d 0a 20 20 3c 74 72 75 73 .app"/>..  <trus
74 49 6e 66 6f 20 78 6d 6c 6e 73 3d 22 75 72 6e tInfo xmlns="urn
3a 73 63 68 65 6d 61 73 2d 6d 69 63 72 6f 73 6f :schemas-microso
66 74 2d 63 6f 6d 3a 61 73 6d 2e 76 32 22 3e 0d ft-com:asm.v2">.
0a 20 20 20 20 3c 73 65 63 75 72 69 74 79 3e 0d .    <security>.
0a 20 20 20 20 20 20 3c 72 65 71 75 65 73 74 65 .      <requeste
64 50 72 69 76 69 6c 65 67 65 73 20 78 6d 6c 6e dPrivileges xmln
73 3d 22 75 72 6e 3a 73 63 68 65 6d 61 73 2d 6d s="urn:schemas-m
69 63 72 6f 73 6f 66 74 2d 63 6f 6d 3a 61 73 6d icrosoft-com:asm
2e 76 33 22 3e 0d 0a 20 20 20 20 20 20 20 20 3c .v3">..        <
72 65 71 75 65 73 74 65 64 45 78 65 63 75 74 69 requestedExecuti
6f 6e 4c 65 76 65 6c 20 6c 65 76 65 6c 3d 22 61 onLevel level="a
73 49 6e 76 6f 6b 65 72 22 20 75 69 41 63 63 65 sInvoker" uiAcce
73 73 3d 22 66 61 6c 73 65 22 2f 3e 0d 0a 20 20 ss="false"/>..  
20 20 20 20 3c 2f 72 65 71 75 65 73 74 65 64 50     </requestedP
72 69 76 69 6c 65 67 65 73 3e 0d 0a 20 20 20 20 rivileges>..    
3c 2f 73 65 63 75 72 69 74 79 3e 0d 0a 20 20 3c </security>..  <
2f 74 72 75 73 74 49 6e 66 6f 3e 0d 0a 3c 2f 61 /trustInfo>..</a
73 73 65 6d 62 6c 79 3e 0d 0a                   ssembly>..      
0x276b95b0	FILE	81477	DATA	default.win32manifest	
ef bb bf 3c 3f 78 6d 6c 20 76 65 72 73 69 6f 6e ...<?xml version
3d 22 31 2e 30 22 20 65 6e 63 6f 64 69 6e 67 3d ="1.0" encoding=
22 55 54 46 2d 38 22 20 73 74 61 6e 64 61 6c 6f "UTF-8" standalo
6e 65 3d 22 79 65 73 22 3f 3e 0d 0a 3c 61 73 73 ne="yes"?>..<ass
65 6d 62 6c 79 20 78 6d 6c 6e 73 3d 22 75 72 6e embly xmlns="urn
3a 73 63 68 65 6d 61 73 2d 6d 69 63 72 6f 73 6f :schemas-microso
66 74 2d 63 6f 6d 3a 61 73 6d 2e 76 31 22 20 6d ft-com:asm.v1" m
61 6e 69 66 65 73 74 56 65 72 73 69 6f 6e 3d 22 anifestVersion="
31 2e 30 22 3e 0d 0a 20 20 3c 61 73 73 65 6d 62 1.0">..  <assemb
6c 79 49 64 65 6e 74 69 74 79 20 76 65 72 73 69 lyIdentity versi
6f 6e 3d 22 31 2e 30 2e 30 2e 30 22 20 6e 61 6d on="1.0.0.0" nam
65 3d 22 4d 79 41 70 70 6c 69 63 61 74 69 6f 6e e="MyApplication
2e 61 70 70 22 2f 3e 0d 0a 20 20 3c 74 72 75 73 .app"/>..  <trus
74 49 6e 66 6f 20 78 6d 6c 6e 73 3d 22 75 72 6e tInfo xmlns="urn
3a 73 63 68 65 6d 61 73 2d 6d 69 63 72 6f 73 6f :schemas-microso
66 74 2d 63 6f 6d 3a 61 73 6d 2e 76 32 22 3e 0d ft-com:asm.v2">.
0a 20 20 20 20 3c 73 65 63 75 72 69 74 79 3e 0d .    <security>.
0a 20 20 20 20 20 20 3c 72 65 71 75 65 73 74 65 .      <requeste
64 50 72 69 76 69 6c 65 67 65 73 20 78 6d 6c 6e dPrivileges xmln
73 3d 22 75 72 6e 3a 73 63 68 65 6d 61 73 2d 6d s="urn:schemas-m
69 63 72 6f 73 6f 66 74 2d 63 6f 6d 3a 61 73 6d icrosoft-com:asm
2e 76 33 22 3e 0d 0a 20 20 20 20 20 20 20 20 3c .v3">..        <
72 65 71 75 65 73 74 65 64 45 78 65 63 75 74 69 requestedExecuti
6f 6e 4c 65 76 65 6c 20 6c 65 76 65 6c 3d 22 61 onLevel level="a
73 49 6e 76 6f 6b 65 72 22 20 75 69 41 63 63 65 sInvoker" uiAcce
73 73 3d 22 66 61 6c 73 65 22 2f 3e 0d 0a 20 20 ss="false"/>..  
20 20 20 20 3c 2f 72 65 71 75 65 73 74 65 64 50     </requestedP
72 69 76 69 6c 65 67 65 73 3e 0d 0a 20 20 20 20 rivileges>..    
3c 2f 73 65 63 75 72 69 74 79 3e 0d 0a 20 20 3c </security>..  <
2f 74 72 75 73 74 49 6e 66 6f 3e 0d 0a 3c 2f 61 /trustInfo>..</a
73 73 65 6d 62 6c 79 3e 0d 0a                   ssembly>..      
0x276ba1c8	FILE	18308	DATA	47536d45-eeec-4bdc-8183-a4dc1f8da9e4	
e6 14 14 44 a7 08 d3 01 00 00 00 00             ...D........    
0x276ba5c8	FILE	18309	DATA	486d715e-6aa2-44cf-bc48-b6990cbb53c6	
46 b4 5c 34 41 04 ca 01 00 00 00 00 ac af fa 2c F.\4A..........,
41 04 ca 01                                     A...            
0x276ba9c0	FILE	18310	DATA	4C7F163ED126D5C3CB9457F68EC64E9E	
30 82 02 27 30 82 01 0f 02 01 01 30 0d 06 09 2a 0..'0......0...*
86 48 86 f7 0d 01 01 0b 05 00 30 7c 31 0b 30 09 .H........0|1.0.
06 03 55 04 06 13 02 55 53 31 13 30 11 06 03 55 ..U....US1.0...U
04 08 13 0a 57 61 73 68 69 6e 67 74 6f 6e 31 10 ....Washington1.
30 0e 06 03 55 04 07 13 07 52 65 64 6d 6f 6e 64 0...U....Redmond
31 1e 30 1c 06 03 55 04 0a 13 15 4d 69 63 72 6f 1.0...U....Micro
73 6f 66 74 20 43 6f 72 70 6f 72 61 74 69 6f 6e soft Corporation
31 26 30 24 06 03 55 04 03 13 1d 4d 69 63 72 6f 1&0$..U....Micro
73 6f 66 74 20 54 69 6d 65 2d 53 74 61 6d 70 20 soft Time-Stamp 
50 43 41 20 32 30 31 30 17 0d 31 35 30 33 31 32 PCA 2010..150312
31 38 34 30 31 35 5a 17 0d 31 35 30 36 31 31 30 184015Z..1506110
37 30 30 31 35 5a a0 5f 30 5d 30 1f 06 03 55 1d 70015Z._0]0...U.
23 04 18 30 16 80 14 d5 63 3a 5c 8a 31 90 f3 43 #..0....c:\.1..C
7b 7c 46 1b c5 33 68 5a 85 6d 55 30 10 06 09 2b {|F..3hZ.mU0...+
06 01 04 01 82 37 15 01 04 03 02 01 00 30 0a 06 .....7.......0..
03 55 1d 14 04 03 02 01 24 30 1c 06 09 2b 06 01 .U......$0...+..
04 01 82 37 15 04 04 0f 17 0d 31 35 30 36 31 30 ...7......150610
31 38 35 30 31 35 5a 30 0d 06 09 2a 86 48 86 f7 185015Z0...*.H..
0d 01 01 0b 05 00 03 82 01 01 00 67 fc 5a 8f fa ...........g.Z..
39 01 c6 13 65 d1 1e f6 fb 56 81 99 a6 48 8d 51 9...e....V...H.Q
a7 f2 2b 12 84 b6 41 00 26 4d b4 18 ea 12 a5 34 ..+...A.&M.....4
26 64 88 13 46 ad 82 f7 e5 d6 45 3e 90 d6 d3 3b &d..F.....E>...;
ab 8a 30 88 8f 59 61 73 50 28 b8 49 80 66 d2 1f ..0..YasP(.I.f..
80 2c 61 bc 22 38 d8 8a 5c 1e 3f 10 62 e4 c7 13 .,a."8..\.?.b...
33 fc eb 0a a4 b1 bf 04 22 87 b6 32 71 a8 8b f8 3......."..2q...
e9 00 84 1a 1f 2e 24 e0 ef ce d7 15 2f fa 8f 58 ......$...../..X
64 54 ac f4 da 5d bb 8a dd 85 c0 49 2f e9 63 df dT...].....I/.c.
dc 0b f5 eb c4 ad 75 88 e6 15 9f b2 70 98 c2 e5 ......u.....p...
90 a6 60 c1 db 86 a3 f1 6e 21 df aa 82 38 5e ec ..`.....n!...8^.
4b d8 56 01 b9 02 ef b1 cd 73 55 ee 5f 5f 58 40 K.V......sU.__X@
84 e8 a0 84 2c 2a 5d 9c 98 54 93 48 bb e6 8d c1 ....,*]..T.H....
1d 57 b2 fc 72 31 05 4d cb 3b c2 8a f1 3d 92 a6 .W..r1.M.;...=..
90 8a a9 63 46 8a 7c 04 19 67 05 78 f0 00 e1 00 ...cF.|..g.x....
96 c0 4f de 8c 01 c8 13 9e d1 ac 8d f8 5f 38 c9 ..O.........._8.
2d 1a ba b2 fd 80 2d 54 8c 37 39                -.....-T.79     
0x276badc0	FILE	18311	DATA	4C7F163ED126D5C3CB9457F68EC64E9E	
70 00 00 00 01 01 02 20 01 00 00 00 8c 00 00 00 p...... ........
b7 7d 1b 2b d0 7e d0 01 28 00 00 00 02 00 00 00 .}.+.~..(.......
00 00 00 00 00 00 00 00 80 11 e7 fa f3 5c d0 01 .............\..
80 e9 8a 44 14 a4 d0 01 80 4d b5 49 ae a3 d0 01 ...D.....M.I....
10 00 00 00 00 00 00 00 80 e9 8a 44 14 a4 d0 01 ...........D....
20 00 00 00 01 00 00 80 00 84 57 c3 4a 5d d0 01  .........W.J]..
84 03 00 00 28 00 00 00 00 00 00 00 00 00 00 00 ....(...........
2b 02 00 00 68 00 74 00 74 00 70 00 3a 00 2f 00 +...h.t.t.p.:./.
2f 00 63 00 72 00 6c 00 2e 00 6d 00 69 00 63 00 /.c.r.l...m.i.c.
72 00 6f 00 73 00 6f 00 66 00 74 00 2e 00 63 00 r.o.s.o.f.t...c.
6f 00 6d 00 2f 00 70 00 6b 00 69 00 2f 00 63 00 o.m./.p.k.i./.c.
72 00 6c 00 2f 00 70 00 72 00 6f 00 64 00 75 00 r.l./.p.r.o.d.u.
63 00 74 00 73 00 2f 00 4d 00 69 00 63 00 54 00 c.t.s./.M.i.c.T.
69 00 6d 00 53 00 74 00 61 00 50 00 43 00 41 00 i.m.S.t.a.P.C.A.
5f 00 32 00 30 00 31 00 30 00 2d 00 30 00 37 00 _.2.0.1.0.-.0.7.
2d 00 30 00 31 00 2e 00 63 00 72 00 6c 00 00 00 -.0.1...c.r.l...
22 00 65 00 30 00 36 00 34 00 65 00 37 00 63 00 ".e.0.6.4.e.7.c.
33 00 34 00 61 00 35 00 64 00 64 00 30 00 31 00 3.4.a.5.d.d.0.1.
3a 00 30 00 22 00 00 00                         :.0."...        
0x27cc3d90	FILE	19111	DATA	brmsi01.bin	
00 01 02 03 05 06 07 08 0a 0d 11 12 13 14 15 16 ................
17 18 19 1b 1c 1e 1e 1f 1f 20 21 21 22 23 24 25 ......... !!"#$%
26 27 28 29 2a 2c 2d 2e 2f 30 31 32 33 34 35 36 &'()*,-./0123456
37 38 3a 3b 3c 3d 3e 3f 40 41 42 43 44 46 47 49 78:;<=>?@ABCDFGI
4b 4c 4e 50 51 52 53 54 55 56 57 58 59 5a 5b 5b KLNPQRSTUVWXYZ[[
5c 5d 5e 5f 5f 60 61 62 63 63 64 65 66 67 68 69 \]^__`abccdefghi
6a 6b 6d 6e 6f 70 71 73 73 74 75 75 76 77 77 78 jkmnopqsstuuvwwx
79 79 7a 7b 7b 7c 7d 7e 7f 80 81 82 83 84 85 86 yyz{{|}~........
87 88 89 8a 8b 8c 8d 8e 8f 90 91 92 93 95 95 96 ................
97 98 98 99 9a 9b 9b 9c 9d 9e 9f 9f a0 a1 a2 a3 ................
a4 a5 a6 a7 a8 a9 aa ab ac ad ae af b0 b1 b2 b3 ................
b4 b5 b6 b7 b8 b9 ba bb bc bd bf c0 c1 c2 c3 c5 ................
c5 c6 c7 c8 c9 c9 ca cb cc cd ce ce cf d0 d1 d2 ................
d2 d3 d4 d5 d6 d7 d8 d9 da db dc dd de df e0 e1 ................
e2 e3 e4 e5 e6 e8 e9 ea eb ec ed ee ef f0 f1 f2 ................
f3 f4 f5 f6 f6 f7 f8 f9 f9 fa fb fc fc fd fe ff ................
0x283061a0	FILE	83732	DATA	container.dat	-
0x285855a0	FILE	83729	DATA	container.dat	-
0x28585da0	FILE	83731	DATA	container.dat	-
0x294165a0	FILE	83777	DATA	favicon[1].png	-
0x294169a0	FILE	83778	DATA	container.dat	-
0x29f999a0	FILE	83790	DATA	container.dat	-
0x2a1a9128	FILE	44660	DATA	settings.ini	
ff fe 5b 00 52 00 6f 00 6f 00 74 00 5d 00 0d 00 ..[.R.o.o.t.]...
0a 00 53 00 65 00 74 00 74 00 69 00 6e 00 67 00 ..S.e.t.t.i.n.g.
73 00 56 00 65 00 72 00 73 00 69 00 6f 00 6e 00 s.V.e.r.s.i.o.n.
3d 00 30 00 30 00 2e 00 30 00 30 00 2e 00 30 00 =.0.0...0.0...0.
30 00 2e 00 30 00 32 00 0d 00 0a 00 0d 00 0a 00 0...0.2.........
0x2a41d738	FILE	435	DATA	ngenservicelock.dat	-
0x2a49a860	FILE	435	DATA	ngenservicelock.dat	-
0x2a49b298	FILE	83676	DATA	ngenrootstorelock.dat	-
0x2ad87d20	FILE	83463	DATA	Desktop.ini	
5b 4c 6f 63 61 6c 69 7a 65 64 46 69 6c 65 4e 61 [LocalizedFileNa
6d 65 73 5d 0d 0a 42 65 61 72 73 2e 68 74 6d 3d mes]..Bears.htm=
40 25 50 72 6f 67 72 61 6d 46 69 6c 65 73 25 5c @%ProgramFiles%\
57 69 6e 64 6f 77 73 20 4d 61 69 6c 5c 6d 73 6f Windows Mail\mso
65 72 65 73 2e 64 6c 6c 2c 2d 37 35 31 35 0d 0a eres.dll,-7515..
47 61 72 64 65 6e 2e 68 74 6d 3d 40 25 50 72 6f Garden.htm=@%Pro
67 72 61 6d 46 69 6c 65 73 25 5c 57 69 6e 64 6f gramFiles%\Windo
77 73 20 4d 61 69 6c 5c 6d 73 6f 65 72 65 73 2e ws Mail\msoeres.
64 6c 6c 2c 2d 37 35 31 36 0d 0a 47 72 65 65 6e dll,-7516..Green
20 42 75 62 62 6c 65 73 2e 68 74 6d 3d 40 25 50  Bubbles.htm=@%P
72 6f 67 72 61 6d 46 69 6c 65 73 25 5c 57 69 6e rogramFiles%\Win
64 6f 77 73 20 4d 61 69 6c 5c 6d 73 6f 65 72 65 dows Mail\msoere
73 2e 64 6c 6c 2c 2d 37 35 31 37 0d 0a 4f 72 61 s.dll,-7517..Ora
6e 67 65 20 43 69 72 63 6c 65 73 2e 68 74 6d 3d nge Circles.htm=
40 25 50 72 6f 67 72 61 6d 46 69 6c 65 73 25 5c @%ProgramFiles%\
57 69 6e 64 6f 77 73 20 4d 61 69 6c 5c 6d 73 6f Windows Mail\mso
65 72 65 73 2e 64 6c 6c 2c 2d 37 35 31 38 0d 0a eres.dll,-7518..
48 61 6e 64 20 50 72 69 6e 74 73 2e 68 74 6d 3d Hand Prints.htm=
40 25 50 72 6f 67 72 61 6d 46 69 6c 65 73 25 5c @%ProgramFiles%\
57 69 6e 64 6f 77 73 20 4d 61 69 6c 5c 6d 73 6f Windows Mail\mso
65 72 65 73 2e 64 6c 6c 2c 2d 37 35 31 39 0d 0a eres.dll,-7519..
50 65 61 63 6f 63 6b 2e 68 74 6d 3d 40 25 50 72 Peacock.htm=@%Pr
6f 67 72 61 6d 46 69 6c 65 73 25 5c 57 69 6e 64 ogramFiles%\Wind
6f 77 73 20 4d 61 69 6c 5c 6d 73 6f 65 72 65 73 ows Mail\msoeres
2e 64 6c 6c 2c 2d 37 35 32 30 0d 0a 52 6f 73 65 .dll,-7520..Rose
73 2e 68 74 6d 3d 40 25 50 72 6f 67 72 61 6d 46 s.htm=@%ProgramF
69 6c 65 73 25 5c 57 69 6e 64 6f 77 73 20 4d 61 iles%\Windows Ma
69 6c 5c 6d 73 6f 65 72 65 73 2e 64 6c 6c 2c 2d il\msoeres.dll,-
37 35 32 31 0d 0a 53 68 61 64 65 73 20 6f 66 20 7521..Shades of 
42 6c 75 65 2e 68 74 6d 3d 40 25 50 72 6f 67 72 Blue.htm=@%Progr
61 6d 46 69 6c 65 73 25 5c 57 69 6e 64 6f 77 73 amFiles%\Windows
20 4d 61 69 6c 5c 6d 73 6f 65 72 65 73 2e 64 6c  Mail\msoeres.dl
6c 2c 2d 37 35 32 32 0d 0a 53 6f 66 74 20 42 6c l,-7522..Soft Bl
75 65 2e 68 74 6d 3d 40 25 50 72 6f 67 72 61 6d ue.htm=@%Program
46 69 6c 65 73 25 5c 57 69 6e 64 6f 77 73 20 4d Files%\Windows M
61 69 6c 5c 6d 73 6f 65 72 65 73 2e 64 6c 6c 2c ail\msoeres.dll,
2d 37 35 32 33 0d 0a 53 74 61 72 73 2e 68 74 6d -7523..Stars.htm
3d 40 25 50 72 6f 67 72 61 6d 46 69 6c 65 73 25 =@%ProgramFiles%
5c 57 69 6e 64 6f 77 73 20 4d 61 69 6c 5c 6d 73 \Windows Mail\ms
6f 65 72 65 73 2e 64 6c 6c 2c 2d 37 35 32 34 20 oeres.dll,-7524 
20 20 20 0d 0a                                     ..           
0x2ae97da0	FILE	83783	DATA	www.msn[1].xml	
3c 72 6f 6f 74 3e 3c 2f 72 6f 6f 74 3e          <root></root>   
0x2af93da8	FILE	45035	DATA	Shows Desktop.lnk	
4c 00 00 00 01 14 02 00 00 00 00 00 c0 00 00 00 L...............
00 00 00 46 c5 01 00 00 00 00 00 00 00 00 00 00 ...F............
00 00 00 00 00 00 00 00 00 00 00 00 00 00 00 00 ................
00 00 00 00 00 00 00 00 92 ff ff ff 01 00 00 00 ................
00 00 00 00 00 00 00 00 00 00 00 00 16 00 14 00 ................
1f 80 0d f9 80 30 ad d7 d9 11 bd 98 00 00 94 7b .....0.........{
02 57 00 00 29 00 40 00 25 00 53 00 79 00 73 00 .W..).@.%.S.y.s.
74 00 65 00 6d 00 52 00 6f 00 6f 00 74 00 25 00 t.e.m.R.o.o.t.%.
5c 00 73 00 79 00 73 00 74 00 65 00 6d 00 33 00 \.s.y.s.t.e.m.3.
32 00 5c 00 73 00 68 00 65 00 6c 00 6c 00 33 00 2.\.s.h.e.l.l.3.
32 00 2e 00 64 00 6c 00 6c 00 2c 00 2d 00 31 00 2...d.l.l.,.-.1.
30 00 31 00 31 00 33 00 1e 00 25 00 77 00 69 00 0.1.1.3...%.w.i.
6e 00 64 00 69 00 72 00 25 00 5c 00 73 00 79 00 n.d.i.r.%.\.s.y.
73 00 74 00 65 00 6d 00 33 00 32 00 5c 00 69 00 s.t.e.m.3.2.\.i.
6d 00 61 00 67 00 65 00 72 00 65 00 73 00 2e 00 m.a.g.e.r.e.s...
64 00 6c 00 6c 00 28 00 00 00 09 00 00 a0 1c 00 d.l.l.(.........
00 00 31 53 50 53 e2 8a 58 46 bc 4c 38 43 bb fc ..1SPS..XF.L8C..
13 93 26 98 6d ce 00 00 00 00 00 00 00 00 00 00 ..&.m...........
00 00                                           ..              
0x2b0135a8	FILE	83481	DATA	Orange Circles.htm	
3c 48 54 4d 4c 3e 3c 48 45 41 44 3e 3c 53 54 59 <HTML><HEAD><STY
4c 45 3e 42 4f 44 59 20 7b 66 6f 6e 74 2d 66 61 LE>BODY {font-fa
6d 69 6c 79 3a 20 41 72 69 61 6c 3b 66 6f 6e 74 mily: Arial;font
2d 73 69 7a 65 3a 20 31 30 70 74 3b 63 6f 6c 6f -size: 10pt;colo
72 3a 20 30 38 37 31 61 37 3b 6d 61 72 67 69 6e r: 0871a7;margin
2d 6c 65 66 74 3a 20 32 35 20 70 78 3b 6d 61 72 -left: 25 px;mar
67 69 6e 2d 74 6f 70 3a 20 32 35 20 70 78 3b 62 gin-top: 25 px;b
61 63 6b 67 72 6f 75 6e 64 2d 70 6f 73 69 74 69 ackground-positi
6f 6e 3a 20 74 6f 70 20 6c 65 66 74 3b 62 61 63 on: top left;bac
6b 67 72 6f 75 6e 64 2d 72 65 70 65 61 74 3a 20 kground-repeat: 
72 65 70 65 61 74 3b 7d 3c 2f 53 54 59 4c 45 3e repeat;}</STYLE>
3c 2f 48 45 41 44 3e 20 3c 42 4f 44 59 20 62 61 </HEAD> <BODY ba
63 6b 67 72 6f 75 6e 64 3d 22 4f 72 61 6e 67 65 ckground="Orange
43 69 72 63 6c 65 73 2e 6a 70 67 22 3e 3c 2f 42 Circles.jpg"></B
4f 44 59 3e 20 3c 2f 48 54 4d 4c 3e 20          ODY> </HTML>    
0x2b013d20	FILE	83483	DATA	Peacock.htm	
3c 48 54 4d 4c 3e 3c 48 45 41 44 3e 3c 53 54 59 <HTML><HEAD><STY
4c 45 3e 42 4f 44 59 20 7b 66 6f 6e 74 2d 66 61 LE>BODY {font-fa
6d 69 6c 79 3a 20 54 61 68 6f 6d 61 3b 66 6f 6e mily: Tahoma;fon
74 2d 73 69 7a 65 3a 20 31 30 70 74 3b 63 6f 6c t-size: 10pt;col
6f 72 3a 20 66 66 66 66 66 66 3b 6d 61 72 67 69 or: ffffff;margi
6e 2d 6c 65 66 74 3a 20 32 30 20 70 78 3b 6d 61 n-left: 20 px;ma
72 67 69 6e 2d 74 6f 70 3a 20 32 30 20 70 78 3b rgin-top: 20 px;
62 61 63 6b 67 72 6f 75 6e 64 2d 70 6f 73 69 74 background-posit
69 6f 6e 3a 20 74 6f 70 20 6c 65 66 74 3b 62 61 ion: top left;ba
63 6b 67 72 6f 75 6e 64 2d 72 65 70 65 61 74 3a ckground-repeat:
20 72 65 70 65 61 74 3b 7d 3c 2f 53 54 59 4c 45  repeat;}</STYLE
3e 3c 2f 48 45 41 44 3e 20 3c 42 4f 44 59 20 62 ></HEAD> <BODY b
61 63 6b 67 72 6f 75 6e 64 3d 22 50 65 61 63 6f ackground="Peaco
63 6b 2e 6a 70 67 22 3e 3c 2f 42 4f 44 59 3e 20 ck.jpg"></BODY> 
3c 2f 48 54 4d 4c 3e 20                         </HTML>         
0x2b0909a0	FILE	83474	DATA	Hand Prints.htm	
3c 48 54 4d 4c 3e 3c 48 45 41 44 3e 3c 53 54 59 <HTML><HEAD><STY
4c 45 3e 42 4f 44 59 20 7b 66 6f 6e 74 2d 66 61 LE>BODY {font-fa
6d 69 6c 79 3a 20 54 61 68 6f 6d 61 3b 66 6f 6e mily: Tahoma;fon
74 2d 73 69 7a 65 3a 20 31 30 70 74 3b 63 6f 6c t-size: 10pt;col
6f 72 3a 20 30 30 38 30 38 30 3b 6d 61 72 67 69 or: 008080;margi
6e 2d 6c 65 66 74 3a 20 33 30 20 70 78 3b 6d 61 n-left: 30 px;ma
72 67 69 6e 2d 74 6f 70 3a 20 31 35 20 70 78 3b rgin-top: 15 px;
62 61 63 6b 67 72 6f 75 6e 64 2d 70 6f 73 69 74 background-posit
69 6f 6e 3a 20 74 6f 70 20 6c 65 66 74 3b 62 61 ion: top left;ba
63 6b 67 72 6f 75 6e 64 2d 72 65 70 65 61 74 3a ckground-repeat:
20 72 65 70 65 61 74 3b 7d 3c 2f 53 54 59 4c 45  repeat;}</STYLE
3e 3c 2f 48 45 41 44 3e 20 3c 42 4f 44 59 20 62 ></HEAD> <BODY b
61 63 6b 67 72 6f 75 6e 64 3d 22 48 61 6e 64 50 ackground="HandP
72 69 6e 74 73 2e 6a 70 67 22 3e 3c 2f 42 4f 44 rints.jpg"></BOD
59 3e 20 3c 2f 48 54 4d 4c 3e 20                Y> </HTML>      
0x2b18e9a8	FILE	83470	DATA	Green Bubbles.htm	
3c 48 54 4d 4c 3e 3c 48 45 41 44 3e 3c 53 54 59 <HTML><HEAD><STY
4c 45 3e 42 4f 44 59 20 7b 66 6f 6e 74 2d 66 61 LE>BODY {font-fa
6d 69 6c 79 3a 20 54 61 68 6f 6d 61 3b 66 6f 6e mily: Tahoma;fon
74 2d 73 69 7a 65 3a 20 31 30 70 74 3b 63 6f 6c t-size: 10pt;col
6f 72 3a 20 34 31 35 34 33 32 3b 6d 61 72 67 69 or: 415432;margi
6e 2d 6c 65 66 74 3a 20 32 35 20 70 78 3b 6d 61 n-left: 25 px;ma
72 67 69 6e 2d 74 6f 70 3a 20 32 35 20 70 78 3b rgin-top: 25 px;
62 61 63 6b 67 72 6f 75 6e 64 2d 70 6f 73 69 74 background-posit
69 6f 6e 3a 20 74 6f 70 20 6c 65 66 74 3b 62 61 ion: top left;ba
63 6b 67 72 6f 75 6e 64 2d 72 65 70 65 61 74 3a ckground-repeat:
20 72 65 70 65 61 74 3b 7d 3c 2f 53 54 59 4c 45  repeat;}</STYLE
3e 3c 2f 48 45 41 44 3e 20 3c 42 4f 44 59 20 62 ></HEAD> <BODY b
61 63 6b 67 72 6f 75 6e 64 3d 22 67 72 65 65 6e ackground="green
62 75 62 62 6c 65 73 2e 6a 70 67 22 3e 3c 2f 42 bubbles.jpg"></B
4f 44 59 3e 20 3c 2f 48 54 4d 4c 3e 20          ODY> </HTML>    
0x2b30d520	FILE	83525	DATA	WMSDKNS.DTD	
3c 3f 78 6d 6c 20 76 65 72 73 69 6f 6e 3d 22 31 <?xml version="1
2e 30 22 20 73 74 61 6e 64 61 6c 6f 6e 65 3d 22 .0" standalone="
79 65 73 22 3f 3e 0d 0a 3c 21 44 4f 43 54 59 50 yes"?>..<!DOCTYP
45 20 64 6f 63 75 6d 65 6e 74 20 5b 0d 0a 3c 21 E document [..<!
45 4c 45 4d 45 4e 54 20 64 6f 63 75 6d 65 6e 74 ELEMENT document
20 28 6e 6f 64 65 2a 29 3e 0d 0a 20 20 20 20 3c  (node*)>..    <
21 41 54 54 4c 49 53 54 20 64 6f 63 75 6d 65 6e !ATTLIST documen
74 20 57 4d 53 4e 61 6d 65 53 70 61 63 65 56 65 t WMSNameSpaceVe
72 73 69 6f 6e 20 43 44 41 54 41 20 22 32 2e 30 rsion CDATA "2.0
22 3e 0d 0a 0d 0a 3c 21 45 4c 45 4d 45 4e 54 20 ">....<!ELEMENT 
6e 6f 64 65 20 28 6e 6f 64 65 2a 29 3e 0d 0a 20 node (node*)>.. 
20 20 20 3c 21 41 54 54 4c 49 53 54 20 6e 6f 64    <!ATTLIST nod
65 20 6e 61 6d 65 20 43 44 41 54 41 20 23 52 45 e name CDATA #RE
51 55 49 52 45 44 3e 0d 0a 20 20 20 20 3c 21 41 QUIRED>..    <!A
54 54 4c 49 53 54 20 6e 6f 64 65 20 6f 70 63 6f TTLIST node opco
64 65 20 28 20 63 72 65 61 74 65 20 7c 20 72 65 de ( create | re
6d 6f 76 65 20 7c 20 73 65 74 76 61 6c 20 7c 20 move | setval | 
63 6c 65 61 72 76 61 6c 20 7c 20 72 65 6e 61 6d clearval | renam
65 20 7c 20 6d 6f 76 65 62 65 66 6f 72 65 20 29 e | movebefore )
20 23 52 45 51 55 49 52 45 44 3e 0d 0a 20 20 20  #REQUIRED>..   
20 3c 21 41 54 54 4c 49 53 54 20 6e 6f 64 65 20  <!ATTLIST node 
73 65 63 75 72 65 20 28 20 74 72 75 65 20 7c 20 secure ( true | 
66 61 6c 73 65 20 29 20 23 49 4d 50 4c 49 45 44 false ) #IMPLIED
3e 0d 0a 20 20 20 20 3c 21 41 54 54 4c 49 53 54 >..    <!ATTLIST
20 6e 6f 64 65 20 74 79 70 65 20 28 20 73 74 72  node type ( str
69 6e 67 20 7c 20 62 6f 6f 6c 65 61 6e 20 7c 20 ing | boolean | 
69 6e 74 33 32 20 7c 20 62 69 6e 61 72 79 20 7c int32 | binary |
20 69 6e 74 36 34 20 29 20 23 49 4d 50 4c 49 45  int64 ) #IMPLIE
44 3e 0d 0a 20 20 20 20 3c 21 41 54 54 4c 49 53 D>..    <!ATTLIS
54 20 6e 6f 64 65 20 76 61 6c 75 65 20 43 44 41 T node value CDA
54 41 20 23 49 4d 50 4c 49 45 44 3e 0d 0a 5d 3e TA #IMPLIED>..]>
0d 0a                                           ..              
0x2b30d920	FILE	83526	DATA	desktop.ini	
ff fe 0d 00 0a 00 5b 00 2e 00 53 00 68 00 65 00 ......[...S.h.e.
6c 00 6c 00 43 00 6c 00 61 00 73 00 73 00 49 00 l.l.C.l.a.s.s.I.
6e 00 66 00 6f 00 5d 00 0d 00 0a 00 4c 00 6f 00 n.f.o.].....L.o.
63 00 61 00 6c 00 69 00 7a 00 65 00 64 00 52 00 c.a.l.i.z.e.d.R.
65 00 73 00 6f 00 75 00 72 00 63 00 65 00 4e 00 e.s.o.u.r.c.e.N.
61 00 6d 00 65 00 3d 00 40 00 25 00 53 00 79 00 a.m.e.=.@.%.S.y.
73 00 74 00 65 00 6d 00 52 00 6f 00 6f 00 74 00 s.t.e.m.R.o.o.t.
25 00 5c 00 73 00 79 00 73 00 74 00 65 00 6d 00 %.\.s.y.s.t.e.m.
33 00 32 00 5c 00 73 00 68 00 65 00 6c 00 6c 00 3.2.\.s.h.e.l.l.
33 00 32 00 2e 00 64 00 6c 00 6c 00 2c 00 2d 00 3.2...d.l.l.,.-.
32 00 31 00 37 00 39 00 31 00 0d 00 0a 00 49 00 2.1.7.9.1.....I.
6e 00 66 00 6f 00 54 00 69 00 70 00 3d 00 40 00 n.f.o.T.i.p.=.@.
25 00 53 00 79 00 73 00 74 00 65 00 6d 00 52 00 %.S.y.s.t.e.m.R.
6f 00 6f 00 74 00 25 00 5c 00 73 00 79 00 73 00 o.o.t.%.\.s.y.s.
74 00 65 00 6d 00 33 00 32 00 5c 00 73 00 68 00 t.e.m.3.2.\.s.h.
65 00 6c 00 6c 00 33 00 32 00 2e 00 64 00 6c 00 e.l.l.3.2...d.l.
6c 00 2c 00 2d 00 31 00 32 00 36 00 39 00 30 00 l.,.-.1.2.6.9.0.
0d 00 0a 00 49 00 63 00 6f 00 6e 00 52 00 65 00 ....I.c.o.n.R.e.
73 00 6f 00 75 00 72 00 63 00 65 00 3d 00 25 00 s.o.u.r.c.e.=.%.
53 00 79 00 73 00 74 00 65 00 6d 00 52 00 6f 00 S.y.s.t.e.m.R.o.
6f 00 74 00 25 00 5c 00 73 00 79 00 73 00 74 00 o.t.%.\.s.y.s.t.
65 00 6d 00 33 00 32 00 5c 00 69 00 6d 00 61 00 e.m.3.2.\.i.m.a.
67 00 65 00 72 00 65 00 73 00 2e 00 64 00 6c 00 g.e.r.e.s...d.l.
6c 00 2c 00 2d 00 31 00 38 00 39 00 0d 00 0a 00 l.,.-.1.8.9.....
49 00 63 00 6f 00 6e 00 46 00 69 00 6c 00 65 00 I.c.o.n.F.i.l.e.
3d 00 25 00 53 00 79 00 73 00 74 00 65 00 6d 00 =.%.S.y.s.t.e.m.
52 00 6f 00 6f 00 74 00 25 00 5c 00 73 00 79 00 R.o.o.t.%.\.s.y.
73 00 74 00 65 00 6d 00 33 00 32 00 5c 00 73 00 s.t.e.m.3.2.\.s.
68 00 65 00 6c 00 6c 00 33 00 32 00 2e 00 64 00 h.e.l.l.3.2...d.
6c 00 6c 00 0d 00 0a 00 49 00 63 00 6f 00 6e 00 l.l.....I.c.o.n.
49 00 6e 00 64 00 65 00 78 00 3d 00 2d 00 32 00 I.n.d.e.x.=.-.2.
33 00 38 00 0d 00 0a 00                         3.8.....        
0x2b388520	FILE	83465	DATA	Garden.htm	
3c 48 54 4d 4c 3e 3c 48 45 41 44 3e 3c 53 54 59 <HTML><HEAD><STY
4c 45 3e 42 4f 44 59 20 7b 66 6f 6e 74 2d 66 61 LE>BODY {font-fa
6d 69 6c 79 3a 20 54 61 68 6f 6d 61 3b 66 6f 6e mily: Tahoma;fon
74 2d 73 69 7a 65 3a 20 31 31 70 74 3b 63 6f 6c t-size: 11pt;col
6f 72 3a 20 62 38 38 36 35 66 3b 6d 61 72 67 69 or: b8865f;margi
6e 2d 6c 65 66 74 3a 20 32 35 20 70 78 3b 6d 61 n-left: 25 px;ma
72 67 69 6e 2d 74 6f 70 3a 20 32 35 20 70 78 3b rgin-top: 25 px;
62 61 63 6b 67 72 6f 75 6e 64 2d 70 6f 73 69 74 background-posit
69 6f 6e 3a 20 74 6f 70 20 6c 65 66 74 3b 62 61 ion: top left;ba
63 6b 67 72 6f 75 6e 64 2d 72 65 70 65 61 74 3a ckground-repeat:
20 72 65 70 65 61 74 3b 7d 3c 2f 53 54 59 4c 45  repeat;}</STYLE
3e 3c 2f 48 45 41 44 3e 20 3c 42 4f 44 59 20 62 ></HEAD> <BODY b
61 63 6b 67 72 6f 75 6e 64 3d 22 67 61 72 64 65 ackground="garde
6e 2e 6a 70 67 22 3e 3c 2f 42 4f 44 59 3e 20 3c n.jpg"></BODY> <
2f 48 54 4d 4c 3e 20                            /HTML>          
0x2b396120	FILE	83488	DATA	Roses.htm	
3c 48 54 4d 4c 3e 3c 48 45 41 44 3e 3c 53 54 59 <HTML><HEAD><STY
4c 45 3e 42 4f 44 59 20 7b 66 6f 6e 74 2d 66 61 LE>BODY {font-fa
6d 69 6c 79 3a 20 54 61 68 6f 6d 61 3b 66 6f 6e mily: Tahoma;fon
74 2d 73 69 7a 65 3a 20 31 32 70 74 3b 63 6f 6c t-size: 12pt;col
6f 72 3a 20 38 30 38 30 38 30 3b 6d 61 72 67 69 or: 808080;margi
6e 2d 6c 65 66 74 3a 20 33 30 20 70 78 3b 6d 61 n-left: 30 px;ma
72 67 69 6e 2d 74 6f 70 3a 20 31 30 30 20 70 78 rgin-top: 100 px
3b 62 61 63 6b 67 72 6f 75 6e 64 2d 70 6f 73 69 ;background-posi
74 69 6f 6e 3a 20 74 6f 70 20 6c 65 66 74 3b 62 tion: top left;b
61 63 6b 67 72 6f 75 6e 64 2d 72 65 70 65 61 74 ackground-repeat
3a 20 72 65 70 65 61 74 2d 78 3b 7d 3c 2f 53 54 : repeat-x;}</ST
59 4c 45 3e 3c 2f 48 45 41 44 3e 20 3c 42 4f 44 YLE></HEAD> <BOD
59 20 62 61 63 6b 67 72 6f 75 6e 64 3d 22 52 6f Y background="Ro
73 65 73 2e 6a 70 67 22 3e 3c 2f 42 4f 44 59 3e ses.jpg"></BODY>
20 3c 2f 48 54 4d 4c 3e 20                       </HTML>        
0x2b4991a8	FILE	83492	DATA	Shades of Blue.htm	
3c 48 54 4d 4c 3e 3c 48 45 41 44 3e 3c 53 54 59 <HTML><HEAD><STY
4c 45 3e 42 4f 44 59 20 7b 66 6f 6e 74 2d 66 61 LE>BODY {font-fa
6d 69 6c 79 3a 20 54 61 68 6f 6d 61 3b 66 6f 6e mily: Tahoma;fon
74 2d 73 69 7a 65 3a 20 31 30 70 74 3b 63 6f 6c t-size: 10pt;col
6f 72 3a 20 36 36 33 63 33 63 3b 6d 61 72 67 69 or: 663c3c;margi
6e 2d 6c 65 66 74 3a 20 32 35 20 70 78 3b 6d 61 n-left: 25 px;ma
72 67 69 6e 2d 74 6f 70 3a 20 32 35 20 70 78 3b rgin-top: 25 px;
62 61 63 6b 67 72 6f 75 6e 64 2d 70 6f 73 69 74 background-posit
69 6f 6e 3a 20 74 6f 70 20 6c 65 66 74 3b 62 61 ion: top left;ba
63 6b 67 72 6f 75 6e 64 2d 72 65 70 65 61 74 3a ckground-repeat:
20 72 65 70 65 61 74 3b 7d 3c 2f 53 54 59 4c 45  repeat;}</STYLE
3e 3c 2f 48 45 41 44 3e 20 3c 42 4f 44 59 20 62 ></HEAD> <BODY b
61 63 6b 67 72 6f 75 6e 64 3d 22 53 68 61 64 65 ackground="Shade
73 4f 66 42 6c 75 65 2e 6a 70 67 22 3e 3c 2f 42 sOfBlue.jpg"></B
4f 44 59 3e 20 3c 2f 48 54 4d 4c 3e 20          ODY> </HTML>    
0x2b6961a0	FILE	45012	DATA	Minesweeper.lnk	
4c 00 00 00 01 14 02 00 00 00 00 00 c0 00 00 00 L...............
00 00 00 46 c5 01 00 00 00 00 00 00 00 00 00 00 ...F............
00 00 00 00 00 00 00 00 00 00 00 00 00 00 00 00 ................
00 00 00 00 00 00 00 00 00 00 00 00 01 00 00 00 ................
00 00 00 00 00 00 00 00 00 00 00 00 36 00 14 00 ............6...
1f 80 df 8f 22 ed a8 9e 70 48 83 b1 96 b0 2c fe ...."...pH....,.
0d 52 20 00 00 00 47 46 53 49 c0 79 15 e9 a9 4e .R ...GFSI.y...N
2a 4a a9 b2 04 be f1 d6 dc 29 00 00 00 00 00 00 *J.......)......
00 00 00 00 28 00 40 00 25 00 53 00 79 00 73 00 ....(.@.%.S.y.s.
74 00 65 00 6d 00 52 00 6f 00 6f 00 74 00 25 00 t.e.m.R.o.o.t.%.
5c 00 73 00 79 00 73 00 74 00 65 00 6d 00 33 00 \.s.y.s.t.e.m.3.
32 00 5c 00 67 00 61 00 6d 00 65 00 75 00 78 00 2.\.g.a.m.e.u.x.
2e 00 64 00 6c 00 6c 00 2c 00 2d 00 31 00 30 00 ..d.l.l.,.-.1.0.
33 00 30 00 36 00 3a 00 25 00 50 00 72 00 6f 00 3.0.6.:.%.P.r.o.
67 00 72 00 61 00 6d 00 46 00 69 00 6c 00 65 00 g.r.a.m.F.i.l.e.
73 00 25 00 5c 00 4d 00 69 00 63 00 72 00 6f 00 s.%.\.M.i.c.r.o.
73 00 6f 00 66 00 74 00 20 00 47 00 61 00 6d 00 s.o.f.t. .G.a.m.
65 00 73 00 5c 00 4d 00 69 00 6e 00 65 00 73 00 e.s.\.M.i.n.e.s.
77 00 65 00 65 00 70 00 65 00 72 00 5c 00 4d 00 w.e.e.p.e.r.\.M.
69 00 6e 00 65 00 73 00 77 00 65 00 65 00 70 00 i.n.e.s.w.e.e.p.
65 00 72 00 2e 00 65 00 78 00 65 00 28 00 00 00 e.r...e.x.e.(...
09 00 00 a0 1c 00 00 00 31 53 50 53 e2 8a 58 46 ........1SPS..XF
bc 4c 38 43 bb fc 13 93 26 98 6d ce 00 00 00 00 .L8C....&.m.....
00 00 00 00 00 00 00 00                         ........        
0x2b6969c0	FILE	45014	DATA	More Games from Microsoft.lnk	
4c 00 00 00 01 14 02 00 00 00 00 00 c0 00 00 00 L...............
00 00 00 46 c5 01 00 00 00 00 00 00 00 00 00 00 ...F............
00 00 00 00 00 00 00 00 00 00 00 00 00 00 00 00 ................
00 00 00 00 00 00 00 00 00 00 00 00 01 00 00 00 ................
00 00 00 00 00 00 00 00 00 00 00 00 36 00 14 00 ............6...
1f 80 df 8f 22 ed a8 9e 70 48 83 b1 96 b0 2c fe ...."...pH....,.
0d 52 20 00 00 00 47 46 53 49 8c b6 96 fc ef 09 .R ...GFSI......
51 42 a5 98 19 e4 be 1b 76 a9 00 00 00 00 00 00 QB......v.......
00 00 00 00 28 00 40 00 25 00 53 00 79 00 73 00 ....(.@.%.S.y.s.
74 00 65 00 6d 00 52 00 6f 00 6f 00 74 00 25 00 t.e.m.R.o.o.t.%.
5c 00 73 00 79 00 73 00 74 00 65 00 6d 00 33 00 \.s.y.s.t.e.m.3.
32 00 5c 00 67 00 61 00 6d 00 65 00 75 00 78 00 2.\.g.a.m.e.u.x.
2e 00 64 00 6c 00 6c 00 2c 00 2d 00 31 00 30 00 ..d.l.l.,.-.1.0.
33 00 31 00 31 00 37 00 25 00 50 00 72 00 6f 00 3.1.1.7.%.P.r.o.
67 00 72 00 61 00 6d 00 46 00 69 00 6c 00 65 00 g.r.a.m.F.i.l.e.
73 00 25 00 5c 00 4d 00 69 00 63 00 72 00 6f 00 s.%.\.M.i.c.r.o.
73 00 6f 00 66 00 74 00 20 00 47 00 61 00 6d 00 s.o.f.t. .G.a.m.
65 00 73 00 5c 00 4d 00 6f 00 72 00 65 00 20 00 e.s.\.M.o.r.e. .
47 00 61 00 6d 00 65 00 73 00 5c 00 4d 00 6f 00 G.a.m.e.s.\.M.o.
72 00 65 00 47 00 61 00 6d 00 65 00 73 00 2e 00 r.e.G.a.m.e.s...
64 00 6c 00 6c 00 28 00 00 00 09 00 00 a0 1c 00 d.l.l.(.........
00 00 31 53 50 53 e2 8a 58 46 bc 4c 38 43 bb fc ..1SPS..XF.L8C..
13 93 26 98 6d ce 00 00 00 00 00 00 00 00 00 00 ..&.m...........
00 00                                           ..              
0x2ba9b1a0	FILE	83496	DATA	Soft Blue.htm	
3c 48 54 4d 4c 3e 3c 48 45 41 44 3e 3c 53 54 59 <HTML><HEAD><STY
4c 45 3e 42 4f 44 59 20 7b 66 6f 6e 74 2d 66 61 LE>BODY {font-fa
6d 69 6c 79 3a 20 41 72 69 61 6c 3b 66 6f 6e 74 mily: Arial;font
2d 73 69 7a 65 3a 20 31 31 70 74 3b 63 6f 6c 6f -size: 11pt;colo
72 3a 20 33 32 33 63 35 30 3b 6d 61 72 67 69 6e r: 323c50;margin
2d 6c 65 66 74 3a 20 32 35 20 70 78 3b 6d 61 72 -left: 25 px;mar
67 69 6e 2d 74 6f 70 3a 20 32 35 20 70 78 3b 62 gin-top: 25 px;b
61 63 6b 67 72 6f 75 6e 64 2d 70 6f 73 69 74 69 ackground-positi
6f 6e 3a 20 74 6f 70 20 6c 65 66 74 3b 62 61 63 on: top left;bac
6b 67 72 6f 75 6e 64 2d 72 65 70 65 61 74 3a 20 kground-repeat: 
72 65 70 65 61 74 3b 7d 3c 2f 53 54 59 4c 45 3e repeat;}</STYLE>
3c 2f 48 45 41 44 3e 20 3c 42 4f 44 59 20 62 61 </HEAD> <BODY ba
63 6b 67 72 6f 75 6e 64 3d 22 53 6f 66 74 42 6c ckground="SoftBl
75 65 2e 6a 70 67 22 3e 3c 2f 42 4f 44 59 3e 20 ue.jpg"></BODY> 
3c 2f 48 54 4d 4c 3e 20                         </HTML>         
0x2ba9b920	FILE	83498	DATA	Stars.htm	
3c 48 54 4d 4c 3e 3c 48 45 41 44 3e 3c 53 54 59 <HTML><HEAD><STY
4c 45 3e 42 4f 44 59 20 7b 66 6f 6e 74 2d 66 61 LE>BODY {font-fa
6d 69 6c 79 3a 20 54 61 68 6f 6d 61 3b 66 6f 6e mily: Tahoma;fon
74 2d 73 69 7a 65 3a 20 31 31 70 74 3b 63 6f 6c t-size: 11pt;col
6f 72 3a 20 34 65 34 39 36 62 3b 6d 61 72 67 69 or: 4e496b;margi
6e 2d 6c 65 66 74 3a 20 33 35 20 70 78 3b 6d 61 n-left: 35 px;ma
72 67 69 6e 2d 74 6f 70 3a 20 32 35 20 70 78 3b rgin-top: 25 px;
62 61 63 6b 67 72 6f 75 6e 64 2d 70 6f 73 69 74 background-posit
69 6f 6e 3a 20 74 6f 70 20 6c 65 66 74 3b 62 61 ion: top left;ba
63 6b 67 72 6f 75 6e 64 2d 72 65 70 65 61 74 3a ckground-repeat:
20 72 65 70 65 61 74 3b 7d 3c 2f 53 54 59 4c 45  repeat;}</STYLE
3e 3c 2f 48 45 41 44 3e 20 3c 42 4f 44 59 20 62 ></HEAD> <BODY b
61 63 6b 67 72 6f 75 6e 64 3d 22 53 74 61 72 73 ackground="Stars
2e 6a 70 67 22 3e 3c 2f 42 4f 44 59 3e 20 3c 2f .jpg"></BODY> </
48 54 4d 4c 3e 20                               HTML>           
0x2bc9d1b0	FILE	83376	DATA	Mail Recipient.MAPIMail	
4d 61 69 6c                                     Mail            
0x2bc9d920	FILE	83378	DATA	Desktop.ini	
ff fe 5b 00 4c 00 6f 00 63 00 61 00 6c 00 69 00 ..[.L.o.c.a.l.i.
7a 00 65 00 64 00 46 00 69 00 6c 00 65 00 4e 00 z.e.d.F.i.l.e.N.
61 00 6d 00 65 00 73 00 5d 00 0d 00 0a 00 4d 00 a.m.e.s.].....M.
61 00 69 00 6c 00 20 00 52 00 65 00 63 00 69 00 a.i.l. .R.e.c.i.
70 00 69 00 65 00 6e 00 74 00 2e 00 4d 00 41 00 p.i.e.n.t...M.A.
50 00 49 00 4d 00 61 00 69 00 6c 00 3d 00 40 00 P.I.M.a.i.l.=.@.
73 00 65 00 6e 00 64 00 6d 00 61 00 69 00 6c 00 s.e.n.d.m.a.i.l.
2e 00 64 00 6c 00 6c 00 2c 00 2d 00 34 00 0d 00 ..d.l.l.,.-.4...
0a 00 44 00 65 00 73 00 6b 00 74 00 6f 00 70 00 ..D.e.s.k.t.o.p.
20 00 28 00 63 00 72 00 65 00 61 00 74 00 65 00  .(.c.r.e.a.t.e.
20 00 73 00 68 00 6f 00 72 00 74 00 63 00 75 00  .s.h.o.r.t.c.u.
74 00 29 00 2e 00 44 00 65 00 73 00 6b 00 4c 00 t.)...D.e.s.k.L.
69 00 6e 00 6b 00 3d 00 40 00 73 00 65 00 6e 00 i.n.k.=.@.s.e.n.
64 00 6d 00 61 00 69 00 6c 00 2e 00 64 00 6c 00 d.m.a.i.l...d.l.
6c 00 2c 00 2d 00 32 00 31 00 0d 00 0a 00 43 00 l.,.-.2.1.....C.
6f 00 6d 00 70 00 72 00 65 00 73 00 73 00 65 00 o.m.p.r.e.s.s.e.
64 00 20 00 28 00 7a 00 69 00 70 00 70 00 65 00 d. .(.z.i.p.p.e.
64 00 29 00 20 00 46 00 6f 00 6c 00 64 00 65 00 d.). .F.o.l.d.e.
72 00 2e 00 5a 00 46 00 53 00 65 00 6e 00 64 00 r...Z.F.S.e.n.d.
54 00 6f 00 54 00 61 00 72 00 67 00 65 00 74 00 T.o.T.a.r.g.e.t.
3d 00 40 00 7a 00 69 00 70 00 66 00 6c 00 64 00 =.@.z.i.p.f.l.d.
72 00 2e 00 64 00 6c 00 6c 00 2c 00 2d 00 31 00 r...d.l.l.,.-.1.
30 00 31 00 34 00 38 00 0d 00 0a 00 44 00 6f 00 0.1.4.8.....D.o.
63 00 75 00 6d 00 65 00 6e 00 74 00 73 00 2e 00 c.u.m.e.n.t.s...
6d 00 79 00 64 00 6f 00 63 00 73 00 3d 00 40 00 m.y.d.o.c.s.=.@.
73 00 68 00 65 00 6c 00 6c 00 33 00 32 00 2e 00 s.h.e.l.l.3.2...
64 00 6c 00 6c 00 2c 00 2d 00 33 00 34 00 35 00 d.l.l.,.-.3.4.5.
37 00 35 00 0d 00 0a 00 46 00 61 00 78 00 20 00 7.5.....F.a.x. .
52 00 65 00 63 00 69 00 70 00 69 00 65 00 6e 00 R.e.c.i.p.i.e.n.
74 00 2e 00 6c 00 6e 00 6b 00 3d 00 40 00 25 00 t...l.n.k.=.@.%.
53 00 79 00 73 00 74 00 65 00 6d 00 52 00 6f 00 S.y.s.t.e.m.R.o.
6f 00 74 00 25 00 5c 00 73 00 79 00 73 00 74 00 o.t.%.\.s.y.s.t.
65 00 6d 00 33 00 32 00 5c 00 46 00 58 00 53 00 e.m.3.2.\.F.X.S.
52 00 45 00 53 00 4d 00 2e 00 64 00 6c 00 6c 00 R.E.S.M...d.l.l.
2c 00 2d 00 31 00 32 00 30 00 0d 00 0a 00       ,.-.1.2.0.....  
0x2bc9ddc8	FILE	83379	DATA	Desktop (create shortcut).DeskLink	
64 65 73 6b 74 6f 70                            desktop         
0x2bd1a920	FILE	45006	DATA	Mahjong.lnk	
4c 00 00 00 01 14 02 00 00 00 00 00 c0 00 00 00 L...............
00 00 00 46 c5 01 00 00 00 00 00 00 00 00 00 00 ...F............
00 00 00 00 00 00 00 00 00 00 00 00 00 00 00 00 ................
00 00 00 00 00 00 00 00 00 00 00 00 01 00 00 00 ................
00 00 00 00 00 00 00 00 00 00 00 00 36 00 14 00 ............6...
1f 80 df 8f 22 ed a8 9e 70 48 83 b1 96 b0 2c fe ...."...pH....,.
0d 52 20 00 00 00 47 46 53 49 5b 8a 69 af d6 24 .R ...GFSI[.i..$
78 4f ae 95 20 4b 09 ed c7 b6 00 00 00 00 00 00 xO.. K..........
00 00 00 00 28 00 40 00 25 00 53 00 79 00 73 00 ....(.@.%.S.y.s.
74 00 65 00 6d 00 52 00 6f 00 6f 00 74 00 25 00 t.e.m.R.o.o.t.%.
5c 00 73 00 79 00 73 00 74 00 65 00 6d 00 33 00 \.s.y.s.t.e.m.3.
32 00 5c 00 67 00 61 00 6d 00 65 00 75 00 78 00 2.\.g.a.m.e.u.x.
2e 00 64 00 6c 00 6c 00 2c 00 2d 00 31 00 30 00 ..d.l.l.,.-.1.0.
33 00 30 00 38 00 32 00 25 00 50 00 72 00 6f 00 3.0.8.2.%.P.r.o.
67 00 72 00 61 00 6d 00 46 00 69 00 6c 00 65 00 g.r.a.m.F.i.l.e.
73 00 25 00 5c 00 4d 00 69 00 63 00 72 00 6f 00 s.%.\.M.i.c.r.o.
73 00 6f 00 66 00 74 00 20 00 47 00 61 00 6d 00 s.o.f.t. .G.a.m.
65 00 73 00 5c 00 4d 00 61 00 68 00 6a 00 6f 00 e.s.\.M.a.h.j.o.
6e 00 67 00 5c 00 4d 00 61 00 68 00 6a 00 6f 00 n.g.\.M.a.h.j.o.
6e 00 67 00 2e 00 65 00 78 00 65 00 28 00 00 00 n.g...e.x.e.(...
09 00 00 a0 1c 00 00 00 31 53 50 53 e2 8a 58 46 ........1SPS..XF
bc 4c 38 43 bb fc 13 93 26 98 6d ce 00 00 00 00 .L8C....&.m.....
00 00 00 00 00 00 00 00                         ........        
0x2bd1b520	FILE	44965	DATA	Chess.lnk	
4c 00 00 00 01 14 02 00 00 00 00 00 c0 00 00 00 L...............
00 00 00 46 c5 01 00 00 00 00 00 00 00 00 00 00 ...F............
00 00 00 00 00 00 00 00 00 00 00 00 00 00 00 00 ................
00 00 00 00 00 00 00 00 00 00 00 00 01 00 00 00 ................
00 00 00 00 00 00 00 00 00 00 00 00 36 00 14 00 ............6...
1f 80 df 8f 22 ed a8 9e 70 48 83 b1 96 b0 2c fe ...."...pH....,.
0d 52 20 00 00 00 47 46 53 49 e5 86 52 20 f2 f5 .R ...GFSI..R ..
06 43 bd b1 86 42 45 e3 32 27 00 00 00 00 00 00 .C...BE.2'......
00 00 00 00 28 00 40 00 25 00 53 00 79 00 73 00 ....(.@.%.S.y.s.
74 00 65 00 6d 00 52 00 6f 00 6f 00 74 00 25 00 t.e.m.R.o.o.t.%.
5c 00 73 00 79 00 73 00 74 00 65 00 6d 00 33 00 \.s.y.s.t.e.m.3.
32 00 5c 00 67 00 61 00 6d 00 65 00 75 00 78 00 2.\.g.a.m.e.u.x.
2e 00 64 00 6c 00 6c 00 2c 00 2d 00 31 00 30 00 ..d.l.l.,.-.1.0.
33 00 30 00 33 00 2e 00 25 00 50 00 72 00 6f 00 3.0.3...%.P.r.o.
67 00 72 00 61 00 6d 00 46 00 69 00 6c 00 65 00 g.r.a.m.F.i.l.e.
73 00 25 00 5c 00 4d 00 69 00 63 00 72 00 6f 00 s.%.\.M.i.c.r.o.
73 00 6f 00 66 00 74 00 20 00 47 00 61 00 6d 00 s.o.f.t. .G.a.m.
65 00 73 00 5c 00 63 00 68 00 65 00 73 00 73 00 e.s.\.c.h.e.s.s.
5c 00 63 00 68 00 65 00 73 00 73 00 2e 00 65 00 \.c.h.e.s.s...e.
78 00 65 00 28 00 00 00 09 00 00 a0 1c 00 00 00 x.e.(...........
31 53 50 53 e2 8a 58 46 bc 4c 38 43 bb fc 13 93 1SPS..XF.L8C....
26 98 6d ce 00 00 00 00 00 00 00 00 00 00 00 00 &.m.............
0x2c82e120	FILE	44452	DATA	desktop.ini	
5b 2e 53 68 65 6c 6c 43 6c 61 73 73 49 6e 66 6f [.ShellClassInfo
5d 0d 0a 43 4c 53 49 44 3d 7b 42 44 38 34 42 33 ]..CLSID={BD84B3
38 30 2d 38 43 41 32 2d 31 30 36 39 2d 41 42 31 80-8CA2-1069-AB1
44 2d 30 38 30 30 30 39 34 38 46 35 33 34 7d 0d D-08000948F534}.
0a                                              .               
0x2c82e520	FILE	44453	DATA	desktop.ini	
5b 2e 53 68 65 6c 6c 43 6c 61 73 73 49 6e 66 6f [.ShellClassInfo
5d 0d 0a 43 4c 53 49 44 3d 7b 42 44 38 34 42 33 ]..CLSID={BD84B3
38 30 2d 38 43 41 32 2d 31 30 36 39 2d 41 42 31 80-8CA2-1069-AB1
44 2d 30 38 30 30 30 39 34 38 46 35 33 34 7d 0d D-08000948F534}.
0a                                              .               
0x2c82ed20	FILE	44455	DATA	Desktop.ini	
5b 2e 53 68 65 6c 6c 43 6c 61 73 73 49 6e 66 6f [.ShellClassInfo
5d 0d 0a 4c 6f 63 61 6c 69 7a 65 64 52 65 73 6f ]..LocalizedReso
75 72 63 65 4e 61 6d 65 3d 40 25 53 79 73 74 65 urceName=@%Syste
6d 52 6f 6f 74 25 5c 53 79 73 74 65 6d 33 32 5c mRoot%\System32\
74 68 65 6d 65 75 69 2e 64 6c 6c 2c 2d 32 31 31 themeui.dll,-211
30                                              0               
0x2e1a15c8	FILE	561	DATA	{396498B8-0024-1570-F1A6-205823156168}	
00 00 00 00                                     ....            
0x2e78f928	FILE	510	DATA	CiST0000.000	
00 00 3f 00 00 00 00 00 01 00 00 00 00 00 00 00 ..?.............
7c 00 00 00 f0 20 00 00 00 00 00 00 00 00 00 00 |.... ..........
7c 00 00 00 f0 20 00 00 00 00 00 00 00 00 00 00 |.... ..........
53 48 52 46 53 45 43 53 54 4f 52 45 40 00 00 00 SHRFSECSTORE@...
ef 1e 00 00 7c 00 00 00 00 00 00 00 43 14 53 77 ....|.......C.Sw
00 00 00 00 c0 48 14 f7 fe 07 00 00 cb 4e 3d 77 .....H.......N=w
00 00 00 00 90 85 fe 02 00 00 00 00 0d 00 00 00 ................
fe 07 00 00 0d 00 00 00 00 00 00 00 d6 13 45 fd ..............E.
fe 07 00 00 7c 00 00 c0 fe 07 00 00 0d 00 00 00 ....|...........
53 45 43 53 54 4f 52 45 40 00 00 00 ef 1e 00 00 SECSTORE@.......
7c 00 00 00 00 00 00 00 43 14 53 77 00 00 00 00 |.......C.Sw....
c0 48 14 f7 fe 07 00 00 cb 4e 3d 77 00 00 00 00 .H.......N=w....
90 85 fe 02 00 00 00 00 0d 00 00 00 fe 07 00 00 ................
0d 00 00 00 00 00 00 00 d6 13 45 fd fe 07 00 00 ..........E.....
7c 00 00 c0 fe 07 00 00 0d 00 00 00 53 48 52 49 |...........SHRI
0x2e892d28	FILE	515	DATA	SETTINGS.DIA	
01 00 00 00                                     ....            
0x2eb5ddd0	FILE	26075	DATA	Microsoft.Workflow.Compiler.exe.config	
3c 63 6f 6e 66 69 67 75 72 61 74 69 6f 6e 3e 0d <configuration>.
0a 20 20 3c 73 74 61 72 74 75 70 20 75 73 65 4c .  <startup useL
65 67 61 63 79 56 32 52 75 6e 74 69 6d 65 41 63 egacyV2RuntimeAc
74 69 76 61 74 69 6f 6e 50 6f 6c 69 63 79 3d 22 tivationPolicy="
74 72 75 65 22 3e 0d 0a 20 20 20 20 3c 73 75 70 true">..    <sup
70 6f 72 74 65 64 52 75 6e 74 69 6d 65 20 76 65 portedRuntime ve
72 73 69 6f 6e 3d 22 76 34 2e 30 22 2f 3e 0d 0a rsion="v4.0"/>..
20 20 3c 2f 73 74 61 72 74 75 70 3e 0d 0a 3c 2f   </startup>..</
63 6f 6e 66 69 67 75 72 61 74 69 6f 6e 3e 0d 0a configuration>..
0x2ec9add0	FILE	83627	DATA	1b4dd67f29cb1962.customDestinations-ms	
02 00 00 00 01 00 00 00 00 00 00 00 01 00 00 00 ................
01 00 00 00 ab fb bf ba                         ........        
0x2ed9b1a0	FILE	83648	DATA	container.dat	-
0x2ed9b590	FILE	83649	DATA	fwlink[1]	-
0x2f21d528	FILE	83925	DATA	JH67U54K.txt	
53 52 43 48 55 49 44 0a 56 3d 32 26 47 55 49 44 SRCHUID.V=2&GUID
3d 38 42 44 30 43 32 37 38 38 43 44 43 34 41 37 =8BD0C2788CDC4A7
41 41 30 39 41 38 46 30 43 34 31 41 36 43 36 38 AA09A8F0C41A6C68
32 0a 32 2e 62 69 6e 67 2e 63 6f 6d 2f 0a 31 30 2.2.bing.com/.10
32 34 0a 31 32 32 35 30 36 32 30 31 36 0a 33 30 24.1225062016.30
37 31 37 38 30 34 0a 31 34 30 37 33 37 38 35 35 717804.140737855
32 0a 33 30 35 37 30 39 35 33 0a 2a 0a 4d 55 49 2.30570953.*.MUI
44 42 0a 30 35 42 33 36 41 36 44 34 37 33 46 36 DB.05B36A6D473F6
41 30 36 31 44 30 42 36 30 37 34 34 36 42 38 36 A061D0B607446B86
42 30 37 0a 32 2e 62 69 6e 67 2e 63 6f 6d 2f 0a B07.2.bing.com/.
39 32 31 36 0a 31 32 32 35 30 36 32 30 31 36 0a 9216.1225062016.
33 30 37 31 37 38 30 34 0a 31 34 30 37 33 37 38 30717804.1407378
35 35 32 0a 33 30 35 37 30 39 35 33 0a 2a 0a    552.30570953.*. 
0x2f39c528	FILE	83841	DATA	CiAD0001.000	
00 00 42 00 00 00 00 00 01 00 00 00 00 00 00 00 ..B.............
42 00 00 00 58 0b 00 00 00 00 00 00 00 00 00 00 B...X...........
42 00 00 00 58 0b 00 00 00 00 00 00 00 00 00 00 B...X...........
53 48 52 46 00 00 00 00 00 00 00 00 00 00 00 00 SHRF............
00 00 00 00 00 00 00 00 00 00 00 00 00 00 00 00 ................
00 00 00 00 00 00 00 00 00 00 00 00 00 00 00 00 ................
00 00 00 00 00 00 00 00 00 00 00 00 00 00 00 00 ................
00 00 00 00 00 00 00 00 00 00 00 00 00 00 00 00 ................
00 00 00 00 00 00 00 00 00 00 00 00 00 00 00 00 ................
00 00 00 00 00 00 00 00 00 00 00 00 00 00 00 00 ................
00 00 00 00 00 00 00 00 00 00 00 00 00 00 00 00 ................
00 00 00 00 00 00 00 00 00 00 00 00 00 00 00 00 ................
00 00 00 00 00 00 00 00 00 00 00 00 00 00 00 00 ................
00 00 00 00 00 00 00 00 00 00 00 00 00 00 00 00 ................
00 00 00 00 00 00 00 00 00 00 00 00 53 48 52 49 ............SHRI
0x2f661e28	FILE	42039	DATA	Windows_AssetId.H1K	
3c 3f 78 6d 6c 20 76 65 72 73 69 6f 6e 3d 22 31 <?xml version="1
2e 30 22 3f 3e 0d 0a 3c 21 44 4f 43 54 59 50 45 .0"?>..<!DOCTYPE
20 48 65 6c 70 49 6e 64 65 78 3e 0d 0a 3c 48 65  HelpIndex>..<He
6c 70 49 6e 64 65 78 20 44 54 44 56 65 72 73 69 lpIndex DTDVersi
6f 6e 3d 22 31 2e 30 22 20 4e 61 6d 65 3d 22 41 on="1.0" Name="A
73 73 65 74 49 64 22 3e 0d 0a 3c 2f 48 65 6c 70 ssetId">..</Help
49 6e 64 65 78 3e 0d 0a 0d 0a                   Index>....      
0x2fb81d20	FILE	45131	DATA	poqexec.log	
31 64 30 37 65 63 66 31 66 38 31 30 61 61 38 3a 1d07ecf1f810aa8:
20 30 2c 20 30 2c 20 30 2c 20 30 2c 20 53 74 61  0, 0, 0, 0, Sta
72 74 54 69 6d 65 20 3b 0d 0a 31 64 30 37 65 63 rtTime ;..1d07ec
66 31 66 39 62 34 34 38 36 3a 20 30 2c 20 30 2c f1f9b4486: 0, 0,
20 30 2c 20 30 2c 20 45 6e 64 54 69 6d 65 20 3b  0, 0, EndTime ;
0d 0a 31 64 30 37 65 64 30 38 65 32 65 65 38 31 ..1d07ed08e2ee81
34 3a 20 30 2c 20 30 2c 20 30 2c 20 30 2c 20 53 4: 0, 0, 0, 0, S
74 61 72 74 54 69 6d 65 20 3b 0d 0a 31 64 30 37 tartTime ;..1d07
65 64 30 38 65 35 35 30 64 62 34 3a 20 30 2c 20 ed08e550db4: 0, 
30 2c 20 30 2c 20 30 2c 20 45 6e 64 54 69 6d 65 0, 0, 0, EndTime
20 3b 0d 0a                                      ;..            
0x303ffa90	FILE	568	DATA	0ae26567-c262-44c4-b0df-727b7192f4fb	-
0x312f98a0	FILE	435	DATA	MP Scheduled Scan	-
0x312f9bd8	FILE	435	DATA	MP Scheduled Scan	-
0x315be1b0	FILE	45112	DATA	LocalGroupAdminAdd.log	
45 72 72 6f 72 4c 65 76 65 6c 3a 31 20 0d 0a    ErrorLevel:1 .. 
0x31af75e8	FILE	84945	DATA	IMpService925A3ACA-C353-458A-AC8D-A7E5EB378092.lock	-
0x32101120	FILE	44504	DATA	desktop.ini	
5b 4c 6f 63 61 6c 69 7a 65 64 46 69 6c 65 4e 61 [LocalizedFileNa
6d 65 73 5d 0d 0a 43 68 72 79 73 61 6e 74 68 65 mes]..Chrysanthe
6d 75 6d 2e 6a 70 67 3d 40 25 73 79 73 74 65 6d mum.jpg=@%system
72 6f 6f 74 25 5c 73 79 73 74 65 6d 33 32 5c 53 root%\system32\S
61 6d 70 6c 65 52 65 73 2e 64 6c 6c 2c 2d 31 30 ampleRes.dll,-10
31 0d 0a 44 65 73 65 72 74 2e 6a 70 67 3d 40 25 1..Desert.jpg=@%
73 79 73 74 65 6d 72 6f 6f 74 25 5c 73 79 73 74 systemroot%\syst
65 6d 33 32 5c 53 61 6d 70 6c 65 52 65 73 2e 64 em32\SampleRes.d
6c 6c 2c 2d 31 30 32 0d 0a 48 79 64 72 61 6e 67 ll,-102..Hydrang
65 61 73 2e 6a 70 67 3d 40 25 73 79 73 74 65 6d eas.jpg=@%system
72 6f 6f 74 25 5c 73 79 73 74 65 6d 33 32 5c 53 root%\system32\S
61 6d 70 6c 65 52 65 73 2e 64 6c 6c 2c 2d 31 30 ampleRes.dll,-10
33 0d 0a 4a 65 6c 6c 79 66 69 73 68 2e 6a 70 67 3..Jellyfish.jpg
3d 40 25 73 79 73 74 65 6d 72 6f 6f 74 25 5c 73 =@%systemroot%\s
79 73 74 65 6d 33 32 5c 53 61 6d 70 6c 65 52 65 ystem32\SampleRe
73 2e 64 6c 6c 2c 2d 31 30 34 0d 0a 4b 6f 61 6c s.dll,-104..Koal
61 2e 6a 70 67 3d 40 25 73 79 73 74 65 6d 72 6f a.jpg=@%systemro
6f 74 25 5c 73 79 73 74 65 6d 33 32 5c 53 61 6d ot%\system32\Sam
70 6c 65 52 65 73 2e 64 6c 6c 2c 2d 31 30 35 0d pleRes.dll,-105.
0a 54 75 6c 69 70 73 2e 6a 70 67 3d 40 25 73 79 .Tulips.jpg=@%sy
73 74 65 6d 72 6f 6f 74 25 5c 73 79 73 74 65 6d stemroot%\system
33 32 5c 53 61 6d 70 6c 65 52 65 73 2e 64 6c 6c 32\SampleRes.dll
2c 2d 31 30 36 0d 0a 4c 69 67 68 74 68 6f 75 73 ,-106..Lighthous
65 2e 6a 70 67 3d 40 25 73 79 73 74 65 6d 72 6f e.jpg=@%systemro
6f 74 25 5c 73 79 73 74 65 6d 33 32 5c 53 61 6d ot%\system32\Sam
70 6c 65 52 65 73 2e 64 6c 6c 2c 2d 31 30 37 0d pleRes.dll,-107.
0a 50 65 6e 67 75 69 6e 73 2e 6a 70 67 3d 40 25 .Penguins.jpg=@%
73 79 73 74 65 6d 72 6f 6f 74 25 5c 73 79 73 74 systemroot%\syst
65 6d 33 32 5c 53 61 6d 70 6c 65 52 65 73 2e 64 em32\SampleRes.d
6c 6c 2c 2d 31 30 38 0d 0a 0d 0a                ll,-108....     
0x32101520	FILE	44505	DATA	Desktop.ini	
ff fe 5b 00 2e 00 53 00 68 00 65 00 6c 00 6c 00 ..[...S.h.e.l.l.
43 00 6c 00 61 00 73 00 73 00 49 00 6e 00 66 00 C.l.a.s.s.I.n.f.
6f 00 5d 00 0d 00 0a 00 4c 00 6f 00 63 00 61 00 o.].....L.o.c.a.
6c 00 69 00 7a 00 65 00 64 00 52 00 65 00 73 00 l.i.z.e.d.R.e.s.
6f 00 75 00 72 00 63 00 65 00 4e 00 61 00 6d 00 o.u.r.c.e.N.a.m.
65 00 3d 00 40 00 25 00 53 00 79 00 73 00 74 00 e.=.@.%.S.y.s.t.
65 00 6d 00 52 00 6f 00 6f 00 74 00 25 00 5c 00 e.m.R.o.o.t.%.\.
73 00 79 00 73 00 74 00 65 00 6d 00 33 00 32 00 s.y.s.t.e.m.3.2.
5c 00 73 00 68 00 65 00 6c 00 6c 00 33 00 32 00 \.s.h.e.l.l.3.2.
2e 00 64 00 6c 00 6c 00 2c 00 2d 00 32 00 31 00 ..d.l.l.,.-.2.1.
37 00 38 00 38 00 0d 00 0a 00 5b 00 4c 00 6f 00 7.8.8.....[.L.o.
63 00 61 00 6c 00 69 00 7a 00 65 00 64 00 46 00 c.a.l.i.z.e.d.F.
69 00 6c 00 65 00 4e 00 61 00 6d 00 65 00 73 00 i.l.e.N.a.m.e.s.
5d 00 0d 00 0a 00 43 00 6f 00 6e 00 74 00 72 00 ].....C.o.n.t.r.
6f 00 6c 00 20 00 50 00 61 00 6e 00 65 00 6c 00 o.l. .P.a.n.e.l.
2e 00 6c 00 6e 00 6b 00 3d 00 40 00 25 00 53 00 ..l.n.k.=.@.%.S.
79 00 73 00 74 00 65 00 6d 00 52 00 6f 00 6f 00 y.s.t.e.m.R.o.o.
74 00 25 00 5c 00 73 00 79 00 73 00 74 00 65 00 t.%.\.s.y.s.t.e.
6d 00 33 00 32 00 5c 00 73 00 68 00 65 00 6c 00 m.3.2.\.s.h.e.l.
6c 00 33 00 32 00 2e 00 64 00 6c 00 6c 00 2c 00 l.3.2...d.l.l.,.
2d 00 31 00 32 00 37 00 31 00 32 00 0d 00 0a 00 -.1.2.7.1.2.....
63 00 6f 00 6d 00 70 00 75 00 74 00 65 00 72 00 c.o.m.p.u.t.e.r.
2e 00 6c 00 6e 00 6b 00 3d 00 40 00 25 00 53 00 ..l.n.k.=.@.%.S.
79 00 73 00 74 00 65 00 6d 00 52 00 6f 00 6f 00 y.s.t.e.m.R.o.o.
74 00 25 00 5c 00 73 00 79 00 73 00 74 00 65 00 t.%.\.s.y.s.t.e.
6d 00 33 00 32 00 5c 00 73 00 68 00 65 00 6c 00 m.3.2.\.s.h.e.l.
6c 00 33 00 32 00 2e 00 64 00 6c 00 6c 00 2c 00 l.3.2...d.l.l.,.
2d 00 31 00 32 00 37 00 31 00 31 00 0d 00 0a 00 -.1.2.7.1.1.....
50 00 72 00 69 00 76 00 61 00 74 00 65 00 20 00 P.r.i.v.a.t.e. .
43 00 68 00 61 00 72 00 61 00 63 00 74 00 65 00 C.h.a.r.a.c.t.e.
72 00 20 00 45 00 64 00 69 00 74 00 6f 00 72 00 r. .E.d.i.t.o.r.
2e 00 6c 00 6e 00 6b 00 3d 00 40 00 25 00 53 00 ..l.n.k.=.@.%.S.
79 00 73 00 74 00 65 00 6d 00 52 00 6f 00 6f 00 y.s.t.e.m.R.o.o.
74 00 25 00 5c 00 73 00 79 00 73 00 74 00 65 00 t.%.\.s.y.s.t.e.
6d 00 33 00 32 00 5c 00 73 00 68 00 65 00 6c 00 m.3.2.\.s.h.e.l.
6c 00 33 00 32 00 2e 00 64 00 6c 00 6c 00 2c 00 l.3.2...d.l.l.,.
2d 00 32 00 32 00 30 00 37 00 30 00 0d 00 0a 00 -.2.2.0.7.0.....
0x32101920	FILE	44506	DATA	desktop.ini	
5b 4c 6f 63 61 6c 69 7a 65 64 46 69 6c 65 4e 61 [LocalizedFileNa
6d 65 73 5d 0d 0a 57 69 6e 64 6f 77 73 20 50 6f mes]..Windows Po
77 65 72 53 68 65 6c 6c 20 49 53 45 2e 6c 6e 6b werShell ISE.lnk
3d 40 25 53 79 73 74 65 6d 52 6f 6f 74 25 5c 73 =@%SystemRoot%\s
79 73 74 65 6d 33 32 5c 57 69 6e 64 6f 77 73 50 ystem32\WindowsP
6f 77 65 72 53 68 65 6c 6c 5c 76 31 2e 30 5c 70 owerShell\v1.0\p
6f 77 65 72 73 68 65 6c 6c 2e 65 78 65 2c 2d 31 owershell.exe,-1
30 31 0d 0a 57 69 6e 64 6f 77 73 20 50 6f 77 65 01..Windows Powe
72 53 68 65 6c 6c 20 49 53 45 20 28 78 38 36 29 rShell ISE (x86)
2e 6c 6e 6b 3d 40 25 53 79 73 74 65 6d 52 6f 6f .lnk=@%SystemRoo
74 25 5c 73 79 73 74 65 6d 33 32 5c 57 69 6e 64 t%\system32\Wind
6f 77 73 50 6f 77 65 72 53 68 65 6c 6c 5c 76 31 owsPowerShell\v1
2e 30 5c 70 6f 77 65 72 73 68 65 6c 6c 2e 65 78 .0\powershell.ex
65 2c 2d 31 30 32 0d 0a                         e,-102..        
0x32b95920	FILE	44494	DATA	desktop.ini	
5b 4c 6f 63 61 6c 69 7a 65 64 46 69 6c 65 4e 61 [LocalizedFileNa
6d 65 73 5d 0d 0a 53 70 69 64 65 72 53 6f 6c 69 mes]..SpiderSoli
74 61 69 72 65 4d 43 45 2e 6c 6e 6b 3d 40 25 50 taireMCE.lnk=@%P
72 6f 67 72 61 6d 46 69 6c 65 73 25 5c 4d 69 63 rogramFiles%\Mic
72 6f 73 6f 66 74 20 47 61 6d 65 73 5c 53 70 69 rosoft Games\Spi
64 65 72 53 6f 6c 69 74 61 69 72 65 5c 53 70 69 derSolitaire\Spi
64 65 72 53 6f 6c 69 74 61 69 72 65 2e 65 78 65 derSolitaire.exe
2c 2d 31 36 32 0d 0a                            ,-162..         
0x32b95d20	FILE	44495	DATA	desktop.ini	
5b 4c 6f 63 61 6c 69 7a 65 64 46 69 6c 65 4e 61 [LocalizedFileNa
6d 65 73 5d 0d 0a 6d 69 67 77 69 7a 2e 6c 6e 6b mes]..migwiz.lnk
3d 40 25 77 69 6e 64 69 72 25 5c 73 79 73 74 65 =@%windir%\syste
6d 33 32 5c 6d 69 67 77 69 7a 5c 77 65 74 2e 64 m32\migwiz\wet.d
6c 6c 2c 2d 35 38 38 0d 0a                      ll,-588..       
0x32c048d8	FILE	571	DATA	TMP0000000585326AD1DAE858D3	-
0x32c9a1a0	FILE	83636	DATA	thumbcache_1024.db	
43 4d 4d 4d 15 00 00 00 03 00 00 00 18 00 00 00 CMMM............
18 00 00 00 00 00 00 00                         ........        
0x32c9a5a0	FILE	83637	DATA	thumbcache_sr.db	
43 4d 4d 4d 15 00 00 00 04 00 00 00 18 00 00 00 CMMM............
18 00 00 00 00 00 00 00                         ........        
0x32d11920	FILE	44490	DATA	desktop.ini	
5b 4c 6f 63 61 6c 69 7a 65 64 46 69 6c 65 4e 61 [LocalizedFileNa
6d 65 73 5d 0d 0a 53 6f 6c 69 74 61 69 72 65 4d mes]..SolitaireM
43 45 2e 6c 6e 6b 3d 40 25 50 72 6f 67 72 61 6d CE.lnk=@%Program
46 69 6c 65 73 25 5c 4d 69 63 72 6f 73 6f 66 74 Files%\Microsoft
20 47 61 6d 65 73 5c 53 6f 6c 69 74 61 69 72 65  Games\Solitaire
5c 53 6f 6c 69 74 61 69 72 65 2e 65 78 65 2c 2d \Solitaire.exe,-
31 32 37 0d 0a                                  127..           
0x32d11d20	FILE	44491	DATA	Desktop.ini	
ff fe 5b 00 2e 00 53 00 68 00 65 00 6c 00 6c 00 ..[...S.h.e.l.l.
43 00 6c 00 61 00 73 00 73 00 49 00 6e 00 66 00 C.l.a.s.s.I.n.f.
6f 00 5d 00 0d 00 0a 00 4c 00 6f 00 63 00 61 00 o.].....L.o.c.a.
6c 00 69 00 7a 00 65 00 64 00 52 00 65 00 73 00 l.i.z.e.d.R.e.s.
6f 00 75 00 72 00 63 00 65 00 4e 00 61 00 6d 00 o.u.r.c.e.N.a.m.
65 00 3d 00 40 00 25 00 53 00 79 00 73 00 74 00 e.=.@.%.S.y.s.t.
65 00 6d 00 52 00 6f 00 6f 00 74 00 25 00 5c 00 e.m.R.o.o.t.%.\.
73 00 79 00 73 00 74 00 65 00 6d 00 33 00 32 00 s.y.s.t.e.m.3.2.
5c 00 73 00 68 00 65 00 6c 00 6c 00 33 00 32 00 \.s.h.e.l.l.3.2.
2e 00 64 00 6c 00 6c 00 2c 00 2d 00 32 00 31 00 ..d.l.l.,.-.2.1.
37 00 36 00 30 00 0d 00 0a 00 5b 00 4c 00 6f 00 7.6.0.....[.L.o.
63 00 61 00 6c 00 69 00 7a 00 65 00 64 00 46 00 c.a.l.i.z.e.d.F.
69 00 6c 00 65 00 4e 00 61 00 6d 00 65 00 73 00 i.l.e.N.a.m.e.s.
5d 00 0d 00 0a 00 53 00 70 00 65 00 65 00 63 00 ].....S.p.e.e.c.
68 00 20 00 52 00 65 00 63 00 6f 00 67 00 6e 00 h. .R.e.c.o.g.n.
69 00 74 00 69 00 6f 00 6e 00 2e 00 6c 00 6e 00 i.t.i.o.n...l.n.
6b 00 3d 00 40 00 25 00 53 00 79 00 73 00 74 00 k.=.@.%.S.y.s.t.
65 00 6d 00 52 00 6f 00 6f 00 74 00 25 00 5c 00 e.m.R.o.o.t.%.\.
73 00 79 00 73 00 74 00 65 00 6d 00 33 00 32 00 s.y.s.t.e.m.3.2.
5c 00 53 00 70 00 65 00 65 00 63 00 68 00 5c 00 \.S.p.e.e.c.h.\.
53 00 70 00 65 00 65 00 63 00 68 00 55 00 58 00 S.p.e.e.c.h.U.X.
5c 00 73 00 61 00 70 00 69 00 2e 00 63 00 70 00 \.s.a.p.i...c.p.
6c 00 2c 00 2d 00 35 00 35 00 35 00 35 00 0d 00 l.,.-.5.5.5.5...
0a 00                                           ..              
0x32e0e120	FILE	44472	DATA	Desktop.ini	
3b 20 3d 3d 2b 2b 3d 3d 0d 0a 3b 20 0d 0a 3b 20 ; ==++==..; ..; 
20 20 43 6f 70 79 72 69 67 68 74 20 28 63 29 20   Copyright (c) 
4d 69 63 72 6f 73 6f 66 74 20 43 6f 72 70 6f 72 Microsoft Corpor
61 74 69 6f 6e 2e 20 20 41 6c 6c 20 72 69 67 68 ation.  All righ
74 73 20 72 65 73 65 72 76 65 64 2e 0d 0a 3b 20 ts reserved...; 
0d 0a 3b 20 3d 3d 2d 2d 3d 3d 0d 0a 5b 2e 53 68 ..; ==--==..[.Sh
65 6c 6c 43 6c 61 73 73 49 6e 66 6f 5d 0d 0a 43 ellClassInfo]..C
4c 53 49 44 3d 7b 31 44 32 36 38 30 43 39 2d 30 LSID={1D2680C9-0
45 32 41 2d 34 36 39 64 2d 42 37 38 37 2d 30 36 E2A-469d-B787-06
35 35 35 38 42 43 37 44 34 33 7d 0d 0a 43 6f 6e 5558BC7D43}..Con
66 69 72 6d 46 69 6c 65 4f 70 3d 31 0d 0a 49 6e firmFileOp=1..In
66 6f 54 69 70 3d 43 6f 6e 74 61 69 6e 73 20 61 foTip=Contains a
70 70 6c 69 63 61 74 69 6f 6e 20 73 74 61 62 69 pplication stabi
6c 69 74 79 20 69 6e 66 6f 72 6d 61 74 69 6f 6e lity information
2e 0d 0a                                        ...             
0x32e0e920	FILE	44474	DATA	desktop.ini	
ff fe 0d 00 0a 00 5b 00 2e 00 53 00 68 00 65 00 ......[...S.h.e.
6c 00 6c 00 43 00 6c 00 61 00 73 00 73 00 49 00 l.l.C.l.a.s.s.I.
6e 00 66 00 6f 00 5d 00 0d 00 0a 00 4c 00 6f 00 n.f.o.].....L.o.
63 00 61 00 6c 00 69 00 7a 00 65 00 64 00 52 00 c.a.l.i.z.e.d.R.
65 00 73 00 6f 00 75 00 72 00 63 00 65 00 4e 00 e.s.o.u.r.c.e.N.
61 00 6d 00 65 00 3d 00 40 00 25 00 53 00 79 00 a.m.e.=.@.%.S.y.
73 00 74 00 65 00 6d 00 52 00 6f 00 6f 00 74 00 s.t.e.m.R.o.o.t.
25 00 5c 00 73 00 79 00 73 00 74 00 65 00 6d 00 %.\.s.y.s.t.e.m.
33 00 32 00 5c 00 73 00 68 00 65 00 6c 00 6c 00 3.2.\.s.h.e.l.l.
33 00 32 00 2e 00 64 00 6c 00 6c 00 2c 00 2d 00 3.2...d.l.l.,.-.
32 00 31 00 37 00 38 00 37 00 0d 00 0a 00       2.1.7.8.7.....  
0x32e15120	FILE	44524	DATA	desktop.ini	
ff fe 0d 00 0a 00 5b 00 2e 00 53 00 68 00 65 00 ......[...S.h.e.
6c 00 6c 00 43 00 6c 00 61 00 73 00 73 00 49 00 l.l.C.l.a.s.s.I.
6e 00 66 00 6f 00 5d 00 0d 00 0a 00 4c 00 6f 00 n.f.o.].....L.o.
63 00 61 00 6c 00 69 00 7a 00 65 00 64 00 52 00 c.a.l.i.z.e.d.R.
65 00 73 00 6f 00 75 00 72 00 63 00 65 00 4e 00 e.s.o.u.r.c.e.N.
61 00 6d 00 65 00 3d 00 40 00 25 00 53 00 79 00 a.m.e.=.@.%.S.y.
73 00 74 00 65 00 6d 00 52 00 6f 00 6f 00 74 00 s.t.e.m.R.o.o.t.
25 00 5c 00 73 00 79 00 73 00 74 00 65 00 6d 00 %.\.s.y.s.t.e.m.
33 00 32 00 5c 00 73 00 68 00 65 00 6c 00 6c 00 3.2.\.s.h.e.l.l.
33 00 32 00 2e 00 64 00 6c 00 6c 00 2c 00 2d 00 3.2...d.l.l.,.-.
32 00 31 00 38 00 31 00 36 00 0d 00 0a 00       2.1.8.1.6.....  
0x32e15520	FILE	44525	DATA	desktop.ini	
ff fe 0d 00 0a 00 5b 00 2e 00 53 00 68 00 65 00 ......[...S.h.e.
6c 00 6c 00 43 00 6c 00 61 00 73 00 73 00 49 00 l.l.C.l.a.s.s.I.
6e 00 66 00 6f 00 5d 00 0d 00 0a 00 4c 00 6f 00 n.f.o.].....L.o.
63 00 61 00 6c 00 69 00 7a 00 65 00 64 00 52 00 c.a.l.i.z.e.d.R.
65 00 73 00 6f 00 75 00 72 00 63 00 65 00 4e 00 e.s.o.u.r.c.e.N.
61 00 6d 00 65 00 3d 00 40 00 25 00 53 00 79 00 a.m.e.=.@.%.S.y.
73 00 74 00 65 00 6d 00 52 00 6f 00 6f 00 74 00 s.t.e.m.R.o.o.t.
25 00 5c 00 73 00 79 00 73 00 74 00 65 00 6d 00 %.\.s.y.s.t.e.m.
33 00 32 00 5c 00 73 00 68 00 65 00 6c 00 6c 00 3.2.\.s.h.e.l.l.
33 00 32 00 2e 00 64 00 6c 00 6c 00 2c 00 2d 00 3.2...d.l.l.,.-.
32 00 31 00 37 00 38 00 31 00 0d 00 0a 00       2.1.7.8.1.....  
0x32e159a8	FILE	44526	DATA	disablesetuid.ini	
48 4b 45 59 5f 4c 4f 43 41 4c 5f 4d 41 43 48 49 HKEY_LOCAL_MACHI
4e 45 5c 53 4f 46 54 57 41 52 45 5c 4d 69 63 72 NE\SOFTWARE\Micr
6f 73 6f 66 74 5c 53 55 41 0d 0a 20 20 20 20 45 osoft\SUA..    E
6e 61 62 6c 65 53 65 74 75 69 64 42 69 6e 61 72 nableSetuidBinar
69 65 73 20 3d 20 52 45 47 5f 44 57 4f 52 44 20 ies = REG_DWORD 
30 78 30 30 30 30 30 30 30 30 0d 0a             0x00000000..    
0x32e15da8	FILE	44527	DATA	enablesetuid.ini	
48 4b 45 59 5f 4c 4f 43 41 4c 5f 4d 41 43 48 49 HKEY_LOCAL_MACHI
4e 45 5c 53 4f 46 54 57 41 52 45 5c 4d 69 63 72 NE\SOFTWARE\Micr
6f 73 6f 66 74 5c 53 55 41 0d 0a 20 20 20 20 45 osoft\SUA..    E
6e 61 62 6c 65 53 65 74 75 69 64 42 69 6e 61 72 nableSetuidBinar
69 65 73 20 3d 20 52 45 47 5f 44 57 4f 52 44 20 ies = REG_DWORD 
30 78 30 30 30 30 30 30 30 31 0d 0a             0x00000001..    
0x32f10590	FILE	83617	DATA	fwlink[1]	-
0x3300a920	FILE	83386	DATA	desktop.ini	
5b 4c 6f 63 61 6c 69 7a 65 64 46 69 6c 65 4e 61 [LocalizedFileNa
6d 65 73 5d 0d 0a 53 68 6f 77 73 20 44 65 73 6b mes]..Shows Desk
74 6f 70 2e 6c 6e 6b 3d 40 25 53 79 73 74 65 6d top.lnk=@%System
52 6f 6f 74 25 5c 73 79 73 74 65 6d 33 32 5c 73 Root%\system32\s
68 65 6c 6c 33 32 2e 64 6c 6c 2c 2d 31 30 31 31 hell32.dll,-1011
33 0d 0a 57 69 6e 64 6f 77 20 53 77 69 74 63 68 3..Window Switch
65 72 2e 6c 6e 6b 3d 40 25 53 79 73 74 65 6d 52 er.lnk=@%SystemR
6f 6f 74 25 5c 73 79 73 74 65 6d 33 32 5c 73 68 oot%\system32\sh
65 6c 6c 33 32 2e 64 6c 6c 2c 2d 31 30 31 31 34 ell32.dll,-10114
0d 0a 4c 61 75 6e 63 68 20 49 6e 74 65 72 6e 65 ..Launch Interne
74 20 45 78 70 6c 6f 72 65 72 20 42 72 6f 77 73 t Explorer Brows
65 72 2e 6c 6e 6b 3d 40 25 77 69 6e 64 69 72 25 er.lnk=@%windir%
5c 53 79 73 74 65 6d 33 32 5c 69 65 34 75 69 6e \System32\ie4uin
69 74 2e 65 78 65 2c 2d 37 33 33 0d 0a          it.exe,-733..   
0x3300ada8	FILE	83387	DATA	Shows Desktop.lnk	
4c 00 00 00 01 14 02 00 00 00 00 00 c0 00 00 00 L...............
00 00 00 46 c5 01 00 00 00 00 00 00 00 00 00 00 ...F............
00 00 00 00 00 00 00 00 00 00 00 00 00 00 00 00 ................
00 00 00 00 00 00 00 00 92 ff ff ff 01 00 00 00 ................
00 00 00 00 00 00 00 00 00 00 00 00 16 00 14 00 ................
1f 80 0d f9 80 30 ad d7 d9 11 bd 98 00 00 94 7b .....0.........{
02 57 00 00 29 00 40 00 25 00 53 00 79 00 73 00 .W..).@.%.S.y.s.
74 00 65 00 6d 00 52 00 6f 00 6f 00 74 00 25 00 t.e.m.R.o.o.t.%.
5c 00 73 00 79 00 73 00 74 00 65 00 6d 00 33 00 \.s.y.s.t.e.m.3.
32 00 5c 00 73 00 68 00 65 00 6c 00 6c 00 33 00 2.\.s.h.e.l.l.3.
32 00 2e 00 64 00 6c 00 6c 00 2c 00 2d 00 31 00 2...d.l.l.,.-.1.
30 00 31 00 31 00 33 00 1e 00 25 00 77 00 69 00 0.1.1.3...%.w.i.
6e 00 64 00 69 00 72 00 25 00 5c 00 73 00 79 00 n.d.i.r.%.\.s.y.
73 00 74 00 65 00 6d 00 33 00 32 00 5c 00 69 00 s.t.e.m.3.2.\.i.
6d 00 61 00 67 00 65 00 72 00 65 00 73 00 2e 00 m.a.g.e.r.e.s...
64 00 6c 00 6c 00 28 00 00 00 09 00 00 a0 1c 00 d.l.l.(.........
00 00 31 53 50 53 e2 8a 58 46 bc 4c 38 43 bb fc ..1SPS..XF.L8C..
13 93 26 98 6d ce 00 00 00 00 00 00 00 00 00 00 ..&.m...........
00 00                                           ..              
0x33099120	FILE	83620	DATA	desktop.ini	
5b 4c 6f 63 61 6c 69 7a 65 64 46 69 6c 65 4e 61 [LocalizedFileNa
6d 65 73 5d 0d 0a 49 6e 74 65 72 6e 65 74 20 45 mes]..Internet E
78 70 6c 6f 72 65 72 2e 6c 6e 6b 3d 40 25 77 69 xplorer.lnk=@%wi
6e 64 69 72 25 5c 53 79 73 74 65 6d 33 32 5c 69 ndir%\System32\i
65 34 75 69 6e 69 74 2e 65 78 65 2c 2d 37 33 31 e4uinit.exe,-731
0d 0a 57 69 6e 64 6f 77 73 20 45 78 70 6c 6f 72 ..Windows Explor
65 72 2e 6c 6e 6b 3d 40 25 53 79 73 74 65 6d 52 er.lnk=@%SystemR
6f 6f 74 25 5c 73 79 73 74 65 6d 33 32 5c 73 68 oot%\system32\sh
65 6c 6c 33 32 2e 64 6c 6c 2c 2d 32 32 30 36 37 ell32.dll,-22067
0d 0a 57 69 6e 64 6f 77 73 20 4d 65 64 69 61 20 ..Windows Media 
50 6c 61 79 65 72 2e 6c 6e 6b 3d 40 25 53 79 73 Player.lnk=@%Sys
74 65 6d 52 6f 6f 74 25 5c 73 79 73 74 65 6d 33 temRoot%\system3
32 5c 75 6e 72 65 67 6d 70 32 2e 65 78 65 2c 2d 2\unregmp2.exe,-
34 0d 0a                                        4..             
0x3321a120	FILE	44500	DATA	desktop.ini	
5b 2e 53 68 65 6c 6c 43 6c 61 73 73 49 6e 66 6f [.ShellClassInfo
5d 0d 0a 43 4c 53 49 44 3d 7b 46 35 31 37 35 38 ]..CLSID={F51758
36 31 2d 32 36 38 38 2d 31 31 64 30 2d 39 43 35 61-2688-11d0-9C5
45 2d 30 30 41 41 30 30 41 34 35 39 35 37 7d 0d E-00AA00A45957}.
0a                                              .               
0x3321a520	FILE	44501	DATA	desktop.ini	
5b 4c 6f 63 61 6c 69 7a 65 64 46 69 6c 65 4e 61 [LocalizedFileNa
6d 65 73 5d 0d 0a 47 42 2d 31 2e 75 72 6c 3d 40 mes]..GB-1.url=@
25 73 79 73 74 65 6d 72 6f 6f 74 25 5c 73 79 73 %systemroot%\sys
74 65 6d 33 32 5c 4d 43 54 52 65 73 2e 64 6c 6c tem32\MCTRes.dll
2c 2d 31 39 30 30 31 35 0d 0a 47 42 2d 32 2e 75 ,-190015..GB-2.u
72 6c 3d 40 25 73 79 73 74 65 6d 72 6f 6f 74 25 rl=@%systemroot%
5c 73 79 73 74 65 6d 33 32 5c 4d 43 54 52 65 73 \system32\MCTRes
2e 64 6c 6c 2c 2d 31 39 30 30 31 36 0d 0a 47 42 .dll,-190016..GB
2d 33 2e 75 72 6c 3d 40 25 73 79 73 74 65 6d 72 -3.url=@%systemr
6f 6f 74 25 5c 73 79 73 74 65 6d 33 32 5c 4d 43 oot%\system32\MC
54 52 65 73 2e 64 6c 6c 2c 2d 31 39 30 30 31 37 TRes.dll,-190017
0d 0a 0d 0a 5b 2e 53 68 65 6c 6c 43 6c 61 73 73 ....[.ShellClass
49 6e 66 6f 5d 0d 0a 4c 6f 63 61 6c 69 7a 65 64 Info]..Localized
52 65 73 6f 75 72 63 65 4e 61 6d 65 3d 40 25 73 ResourceName=@%s
79 73 74 65 6d 72 6f 6f 74 25 5c 73 79 73 74 65 ystemroot%\syste
6d 33 32 5c 4d 43 54 52 65 73 2e 64 6c 6c 2c 2d m32\MCTRes.dll,-
31 39 30 30 30 35                               190005          
0x3321a920	FILE	44502	DATA	desktop.ini	
5b 4c 6f 63 61 6c 69 7a 65 64 46 69 6c 65 4e 61 [LocalizedFileNa
6d 65 73 5d 0d 0a 47 42 2d 31 2e 75 72 6c 3d 40 mes]..GB-1.url=@
25 73 79 73 74 65 6d 72 6f 6f 74 25 5c 73 79 73 %systemroot%\sys
74 65 6d 33 32 5c 4d 43 54 52 65 73 2e 64 6c 6c tem32\MCTRes.dll
2c 2d 31 39 30 30 31 35 0d 0a 47 42 2d 32 2e 75 ,-190015..GB-2.u
72 6c 3d 40 25 73 79 73 74 65 6d 72 6f 6f 74 25 rl=@%systemroot%
5c 73 79 73 74 65 6d 33 32 5c 4d 43 54 52 65 73 \system32\MCTRes
2e 64 6c 6c 2c 2d 31 39 30 30 31 36 0d 0a 47 42 .dll,-190016..GB
2d 33 2e 75 72 6c 3d 40 25 73 79 73 74 65 6d 72 -3.url=@%systemr
6f 6f 74 25 5c 73 79 73 74 65 6d 33 32 5c 4d 43 oot%\system32\MC
54 52 65 73 2e 64 6c 6c 2c 2d 31 39 30 30 31 37 TRes.dll,-190017
0d 0a 0d 0a 5b 2e 53 68 65 6c 6c 43 6c 61 73 73 ....[.ShellClass
49 6e 66 6f 5d 0d 0a 4c 6f 63 61 6c 69 7a 65 64 Info]..Localized
52 65 73 6f 75 72 63 65 4e 61 6d 65 3d 40 25 73 ResourceName=@%s
79 73 74 65 6d 72 6f 6f 74 25 5c 73 79 73 74 65 ystemroot%\syste
6d 33 32 5c 4d 43 54 52 65 73 2e 64 6c 6c 2c 2d m32\MCTRes.dll,-
31 39 30 30 30 35                               190005          
0x3321ad20	FILE	44503	DATA	Desktop.ini	
5b 2e 53 68 65 6c 6c 43 6c 61 73 73 49 6e 66 6f [.ShellClassInfo
5d 0d 0a 4c 6f 63 61 6c 69 7a 65 64 52 65 73 6f ]..LocalizedReso
75 72 63 65 4e 61 6d 65 3d 40 25 70 72 6f 67 72 urceName=@%progr
61 6d 66 69 6c 65 73 25 5c 77 69 6e 64 6f 77 73 amfiles%\windows
20 6a 6f 75 72 6e 61 6c 5c 6a 6f 75 72 6e 61 6c  journal\journal
2e 65 78 65 2c 2d 36 32 30 30 35 0d 0a 5b 4c 6f .exe,-62005..[Lo
63 61 6c 69 7a 65 64 46 69 6c 65 4e 61 6d 65 73 calizedFileNames
5d 0d 0a 53 68 61 70 65 43 6f 6c 6c 65 63 74 6f ]..ShapeCollecto
72 2e 6c 6e 6b 3d 40 25 43 6f 6d 6d 6f 6e 50 72 r.lnk=@%CommonPr
6f 67 72 61 6d 46 69 6c 65 73 25 5c 4d 69 63 72 ogramFiles%\Micr
6f 73 6f 66 74 20 53 68 61 72 65 64 5c 49 6e 6b osoft Shared\Ink
5c 53 68 61 70 65 43 6f 6c 6c 65 63 74 6f 72 2e \ShapeCollector.
65 78 65 2c 2d 32 39 38 0d 0a 54 61 62 54 69 70 exe,-298..TabTip
2e 6c 6e 6b 3d 40 25 43 6f 6d 6d 6f 6e 50 72 6f .lnk=@%CommonPro
67 72 61 6d 46 69 6c 65 73 25 5c 4d 69 63 72 6f gramFiles%\Micro
73 6f 66 74 20 53 68 61 72 65 64 5c 49 6e 6b 5c soft Shared\Ink\
54 69 70 54 73 66 2e 64 6c 6c 2c 2d 38 30 0d 0a TipTsf.dll,-80..
57 69 6e 64 6f 77 73 20 4a 6f 75 72 6e 61 6c 2e Windows Journal.
6c 6e 6b 3d 40 25 50 72 6f 67 72 61 6d 46 69 6c lnk=@%ProgramFil
65 73 25 5c 57 69 6e 64 6f 77 73 20 4a 6f 75 72 es%\Windows Jour
6e 61 6c 5c 4a 6f 75 72 6e 61 6c 2e 65 78 65 2c nal\Journal.exe,
2d 33 30 37 34 0d 0a                            -3074..         
0x33288520	FILE	83533	DATA	desktop.ini	
ff fe 0d 00 0a 00 5b 00 2e 00 53 00 68 00 65 00 ......[...S.h.e.
6c 00 6c 00 43 00 6c 00 61 00 73 00 73 00 49 00 l.l.C.l.a.s.s.I.
6e 00 66 00 6f 00 5d 00 0d 00 0a 00 4c 00 6f 00 n.f.o.].....L.o.
63 00 61 00 6c 00 69 00 7a 00 65 00 64 00 52 00 c.a.l.i.z.e.d.R.
65 00 73 00 6f 00 75 00 72 00 63 00 65 00 4e 00 e.s.o.u.r.c.e.N.
61 00 6d 00 65 00 3d 00 40 00 25 00 53 00 79 00 a.m.e.=.@.%.S.y.
73 00 74 00 65 00 6d 00 52 00 6f 00 6f 00 74 00 s.t.e.m.R.o.o.t.
25 00 5c 00 73 00 79 00 73 00 74 00 65 00 6d 00 %.\.s.y.s.t.e.m.
33 00 32 00 5c 00 73 00 68 00 65 00 6c 00 6c 00 3.2.\.s.h.e.l.l.
33 00 32 00 2e 00 64 00 6c 00 6c 00 2c 00 2d 00 3.2...d.l.l.,.-.
32 00 31 00 37 00 39 00 36 00 0d 00 0a 00 49 00 2.1.7.9.6.....I.
63 00 6f 00 6e 00 52 00 65 00 73 00 6f 00 75 00 c.o.n.R.e.s.o.u.
72 00 63 00 65 00 3d 00 25 00 53 00 79 00 73 00 r.c.e.=.%.S.y.s.
74 00 65 00 6d 00 52 00 6f 00 6f 00 74 00 25 00 t.e.m.R.o.o.t.%.
5c 00 73 00 79 00 73 00 74 00 65 00 6d 00 33 00 \.s.y.s.t.e.m.3.
32 00 5c 00 69 00 6d 00 61 00 67 00 65 00 72 00 2.\.i.m.a.g.e.r.
65 00 73 00 2e 00 64 00 6c 00 6c 00 2c 00 2d 00 e.s...d.l.l.,.-.
31 00 31 00 35 00 0d 00 0a 00 49 00 63 00 6f 00 1.1.5.....I.c.o.
6e 00 46 00 69 00 6c 00 65 00 3d 00 25 00 53 00 n.F.i.l.e.=.%.S.
79 00 73 00 74 00 65 00 6d 00 52 00 6f 00 6f 00 y.s.t.e.m.R.o.o.
74 00 25 00 5c 00 73 00 79 00 73 00 74 00 65 00 t.%.\.s.y.s.t.e.
6d 00 33 00 32 00 5c 00 73 00 68 00 65 00 6c 00 m.3.2.\.s.h.e.l.
6c 00 33 00 32 00 2e 00 64 00 6c 00 6c 00 0d 00 l.3.2...d.l.l...
0a 00 49 00 63 00 6f 00 6e 00 49 00 6e 00 64 00 ..I.c.o.n.I.n.d.
65 00 78 00 3d 00 2d 00 31 00 37 00 33 00 0d 00 e.x.=.-.1.7.3...
0a 00                                           ..              
0x33288d20	FILE	83535	DATA	desktop.ini	
ff fe 0d 00 0a 00 5b 00 2e 00 53 00 68 00 65 00 ......[...S.h.e.
6c 00 6c 00 43 00 6c 00 61 00 73 00 73 00 49 00 l.l.C.l.a.s.s.I.
6e 00 66 00 6f 00 5d 00 0d 00 0a 00 4c 00 6f 00 n.f.o.].....L.o.
63 00 61 00 6c 00 69 00 7a 00 65 00 64 00 52 00 c.a.l.i.z.e.d.R.
65 00 73 00 6f 00 75 00 72 00 63 00 65 00 4e 00 e.s.o.u.r.c.e.N.
61 00 6d 00 65 00 3d 00 40 00 25 00 53 00 79 00 a.m.e.=.@.%.S.y.
73 00 74 00 65 00 6d 00 52 00 6f 00 6f 00 74 00 s.t.e.m.R.o.o.t.
25 00 5c 00 73 00 79 00 73 00 74 00 65 00 6d 00 %.\.s.y.s.t.e.m.
33 00 32 00 5c 00 73 00 68 00 65 00 6c 00 6c 00 3.2.\.s.h.e.l.l.
33 00 32 00 2e 00 64 00 6c 00 6c 00 2c 00 2d 00 3.2...d.l.l.,.-.
32 00 31 00 37 00 38 00 36 00 0d 00 0a 00       2.1.7.8.6.....  
0x34281380	FILE	84017	DATA	PerfStringBackup.TMP	-
0x35ba43e8	FILE	84945	DATA	IMpService925A3ACA-C353-458A-AC8D-A7E5EB378092.lock	-
0x35ca3a00	FILE	83676	DATA	EtwRTMsMpPsSession7.etl	-
0x35d21e50	FILE	435	DATA	tmp.edb	-
0x365a35c0	FILE	84793	DATA	System.Web.Routing.ni.dll.aux	
05 00 00 00 10 01 00 00 0b 00 00 00 94 00 00 00 ................
0d 00 00 00 58 00 00 00 53 79 73 74 65 6d 2e 57 ....X...System.W
65 62 2e 52 6f 75 74 69 6e 67 2c 20 56 65 72 73 eb.Routing, Vers
69 6f 6e 3d 34 2e 30 2e 30 2e 30 2c 20 43 75 6c ion=4.0.0.0, Cul
74 75 72 65 3d 6e 65 75 74 72 61 6c 2c 20 50 75 ture=neutral, Pu
62 6c 69 63 4b 65 79 54 6f 6b 65 6e 3d 33 31 62 blicKeyToken=31b
66 33 38 35 36 61 64 33 36 34 65 33 35 00 cc cc f3856ad364e35...
07 00 00 00 04 00 00 00 09 11 00 00 02 00 00 00 ................
08 00 00 00 00 9d 74 9b c3 62 d0 01 09 00 00 00 ......t..b......
10 00 00 00 d1 3f 25 6b 50 3d d8 4c bf ae 78 5d .....?%kP=.L..x]
3f ef 10 9f 04 00 00 00 6c 00 00 00 01 00 00 00 ?.......l.......
4c 00 00 00 6d 73 63 6f 72 6c 69 62 2c 20 56 65 L...mscorlib, Ve
72 73 69 6f 6e 3d 34 2e 30 2e 30 2e 30 2c 20 43 rsion=4.0.0.0, C
75 6c 74 75 72 65 3d 6e 65 75 74 72 61 6c 2c 20 ulture=neutral, 
50 75 62 6c 69 63 4b 65 79 54 6f 6b 65 6e 3d 62 PublicKeyToken=b
37 37 61 35 63 35 36 31 39 33 34 65 30 38 39 00 77a5c561934e089.
03 00 00 00 10 00 00 00 b9 9c 3f 14 f9 a0 77 96 ..........?...w.
8a 40 f6 a2 0e 61 f1 92                         .@...a..        
0x3662b120	FILE	44444	DATA	Desktop.ini	
ff fe 5b 00 2e 00 53 00 68 00 65 00 6c 00 6c 00 ..[...S.h.e.l.l.
43 00 6c 00 61 00 73 00 73 00 49 00 6e 00 66 00 C.l.a.s.s.I.n.f.
6f 00 5d 00 0d 00 0a 00 4c 00 6f 00 63 00 61 00 o.].....L.o.c.a.
6c 00 69 00 7a 00 65 00 64 00 52 00 65 00 73 00 l.i.z.e.d.R.e.s.
6f 00 75 00 72 00 63 00 65 00 4e 00 61 00 6d 00 o.u.r.c.e.N.a.m.
65 00 3d 00 40 00 25 00 53 00 79 00 73 00 74 00 e.=.@.%.S.y.s.t.
65 00 6d 00 52 00 6f 00 6f 00 74 00 25 00 5c 00 e.m.R.o.o.t.%.\.
73 00 79 00 73 00 74 00 65 00 6d 00 33 00 32 00 s.y.s.t.e.m.3.2.
5c 00 73 00 68 00 65 00 6c 00 6c 00 33 00 32 00 \.s.h.e.l.l.3.2.
2e 00 64 00 6c 00 6c 00 2c 00 2d 00 32 00 31 00 ..d.l.l.,.-.2.1.
37 00 36 00 30 00 0d 00 0a 00 5b 00 4c 00 6f 00 7.6.0.....[.L.o.
63 00 61 00 6c 00 69 00 7a 00 65 00 64 00 46 00 c.a.l.i.z.e.d.F.
69 00 6c 00 65 00 4e 00 61 00 6d 00 65 00 73 00 i.l.e.N.a.m.e.s.
5d 00 0d 00 0a 00 4d 00 61 00 67 00 6e 00 69 00 ].....M.a.g.n.i.
66 00 79 00 2e 00 6c 00 6e 00 6b 00 3d 00 40 00 f.y...l.n.k.=.@.
25 00 53 00 79 00 73 00 74 00 65 00 6d 00 52 00 %.S.y.s.t.e.m.R.
6f 00 6f 00 74 00 25 00 5c 00 73 00 79 00 73 00 o.o.t.%.\.s.y.s.
74 00 65 00 6d 00 33 00 32 00 5c 00 73 00 68 00 t.e.m.3.2.\.s.h.
65 00 6c 00 6c 00 33 00 32 00 2e 00 64 00 6c 00 e.l.l.3.2...d.l.
6c 00 2c 00 2d 00 32 00 32 00 30 00 34 00 31 00 l.,.-.2.2.0.4.1.
0d 00 0a 00 4f 00 6e 00 2d 00 53 00 63 00 72 00 ....O.n.-.S.c.r.
65 00 65 00 6e 00 20 00 4b 00 65 00 79 00 62 00 e.e.n. .K.e.y.b.
6f 00 61 00 72 00 64 00 2e 00 6c 00 6e 00 6b 00 o.a.r.d...l.n.k.
3d 00 40 00 25 00 53 00 79 00 73 00 74 00 65 00 =.@.%.S.y.s.t.e.
6d 00 52 00 6f 00 6f 00 74 00 25 00 5c 00 73 00 m.R.o.o.t.%.\.s.
79 00 73 00 74 00 65 00 6d 00 33 00 32 00 5c 00 y.s.t.e.m.3.2.\.
73 00 68 00 65 00 6c 00 6c 00 33 00 32 00 2e 00 s.h.e.l.l.3.2...
64 00 6c 00 6c 00 2c 00 2d 00 32 00 32 00 30 00 d.l.l.,.-.2.2.0.
35 00 32 00 0d 00 0a 00 45 00 61 00 73 00 65 00 5.2.....E.a.s.e.
20 00 6f 00 66 00 20 00 41 00 63 00 63 00 65 00  .o.f. .A.c.c.e.
73 00 73 00 2e 00 6c 00 6e 00 6b 00 3d 00 40 00 s.s...l.n.k.=.@.
25 00 53 00 79 00 73 00 74 00 65 00 6d 00 52 00 %.S.y.s.t.e.m.R.
6f 00 6f 00 74 00 25 00 5c 00 73 00 79 00 73 00 o.o.t.%.\.s.y.s.
74 00 65 00 6d 00 33 00 32 00 5c 00 41 00 63 00 t.e.m.3.2.\.A.c.
63 00 65 00 73 00 73 00 69 00 62 00 69 00 6c 00 c.e.s.s.i.b.i.l.
69 00 74 00 79 00 43 00 70 00 6c 00 2e 00 64 00 i.t.y.C.p.l...d.
6c 00 6c 00 2c 00 2d 00 31 00 30 00 0d 00 0a 00 l.l.,.-.1.0.....
4e 00 61 00 72 00 72 00 61 00 74 00 6f 00 72 00 N.a.r.r.a.t.o.r.
2e 00 6c 00 6e 00 6b 00 3d 00 40 00 25 00 53 00 ..l.n.k.=.@.%.S.
79 00 73 00 74 00 65 00 6d 00 52 00 6f 00 6f 00 y.s.t.e.m.R.o.o.
74 00 25 00 5c 00 73 00 79 00 73 00 74 00 65 00 t.%.\.s.y.s.t.e.
6d 00 33 00 32 00 5c 00 73 00 68 00 65 00 6c 00 m.3.2.\.s.h.e.l.
6c 00 33 00 32 00 2e 00 64 00 6c 00 6c 00 2c 00 l.3.2...d.l.l.,.
2d 00 32 00 32 00 30 00 34 00 38 00 0d 00 0a 00 -.2.2.0.4.8.....
0x3662b920	FILE	44446	DATA	desktop.ini	
ff fe 0d 00 0a 00 5b 00 2e 00 53 00 68 00 65 00 ......[...S.h.e.
6c 00 6c 00 43 00 6c 00 61 00 73 00 73 00 49 00 l.l.C.l.a.s.s.I.
6e 00 66 00 6f 00 5d 00 0d 00 0a 00 4c 00 6f 00 n.f.o.].....L.o.
63 00 61 00 6c 00 69 00 7a 00 65 00 64 00 52 00 c.a.l.i.z.e.d.R.
65 00 73 00 6f 00 75 00 72 00 63 00 65 00 4e 00 e.s.o.u.r.c.e.N.
61 00 6d 00 65 00 3d 00 40 00 25 00 53 00 79 00 a.m.e.=.@.%.S.y.
73 00 74 00 65 00 6d 00 52 00 6f 00 6f 00 74 00 s.t.e.m.R.o.o.t.
25 00 5c 00 73 00 79 00 73 00 74 00 65 00 6d 00 %.\.s.y.s.t.e.m.
33 00 32 00 5c 00 73 00 68 00 65 00 6c 00 6c 00 3.2.\.s.h.e.l.l.
33 00 32 00 2e 00 64 00 6c 00 6c 00 2c 00 2d 00 3.2...d.l.l.,.-.
32 00 31 00 38 00 30 00 34 00 0d 00 0a 00 49 00 2.1.8.0.4.....I.
6e 00 66 00 6f 00 54 00 69 00 70 00 3d 00 40 00 n.f.o.T.i.p.=.@.
25 00 53 00 79 00 73 00 74 00 65 00 6d 00 52 00 %.S.y.s.t.e.m.R.
6f 00 6f 00 74 00 25 00 5c 00 73 00 79 00 73 00 o.o.t.%.\.s.y.s.
74 00 65 00 6d 00 33 00 32 00 5c 00 73 00 68 00 t.e.m.3.2.\.s.h.
65 00 6c 00 6c 00 33 00 32 00 2e 00 64 00 6c 00 e.l.l.3.2...d.l.
6c 00 2c 00 2d 00 31 00 32 00 36 00 39 00 30 00 l.,.-.1.2.6.9.0.
0d 00 0a 00 49 00 63 00 6f 00 6e 00 52 00 65 00 ....I.c.o.n.R.e.
73 00 6f 00 75 00 72 00 63 00 65 00 3d 00 25 00 s.o.u.r.c.e.=.%.
53 00 79 00 73 00 74 00 65 00 6d 00 52 00 6f 00 S.y.s.t.e.m.R.o.
6f 00 74 00 25 00 5c 00 73 00 79 00 73 00 74 00 o.t.%.\.s.y.s.t.
65 00 6d 00 33 00 32 00 5c 00 69 00 6d 00 61 00 e.m.3.2.\.i.m.a.
67 00 65 00 72 00 65 00 73 00 2e 00 64 00 6c 00 g.e.r.e.s...d.l.
6c 00 2c 00 2d 00 33 00 0d 00 0a 00             l.,.-.3.....    
0x37322520	FILE	83425	DATA	desktop.ini	
ff fe 0d 00 0a 00 5b 00 2e 00 53 00 68 00 65 00 ......[...S.h.e.
6c 00 6c 00 43 00 6c 00 61 00 73 00 73 00 49 00 l.l.C.l.a.s.s.I.
6e 00 66 00 6f 00 5d 00 0d 00 0a 00 4c 00 6f 00 n.f.o.].....L.o.
63 00 61 00 6c 00 69 00 7a 00 65 00 64 00 52 00 c.a.l.i.z.e.d.R.
65 00 73 00 6f 00 75 00 72 00 63 00 65 00 4e 00 e.s.o.u.r.c.e.N.
61 00 6d 00 65 00 3d 00 40 00 25 00 43 00 6f 00 a.m.e.=.@.%.C.o.
6d 00 6d 00 6f 00 6e 00 50 00 72 00 6f 00 67 00 m.m.o.n.P.r.o.g.
72 00 61 00 6d 00 46 00 69 00 6c 00 65 00 73 00 r.a.m.F.i.l.e.s.
25 00 5c 00 73 00 79 00 73 00 74 00 65 00 6d 00 %.\.s.y.s.t.e.m.
5c 00 77 00 61 00 62 00 33 00 32 00 72 00 65 00 \.w.a.b.3.2.r.e.
73 00 2e 00 64 00 6c 00 6c 00 2c 00 2d 00 31 00 s...d.l.l.,.-.1.
30 00 31 00 30 00 30 00 0d 00 0a 00 49 00 6e 00 0.1.0.0.....I.n.
66 00 6f 00 54 00 69 00 70 00 3d 00 40 00 25 00 f.o.T.i.p.=.@.%.
43 00 6f 00 6d 00 6d 00 6f 00 6e 00 50 00 72 00 C.o.m.m.o.n.P.r.
6f 00 67 00 72 00 61 00 6d 00 46 00 69 00 6c 00 o.g.r.a.m.F.i.l.
65 00 73 00 25 00 5c 00 73 00 79 00 73 00 74 00 e.s.%.\.s.y.s.t.
65 00 6d 00 5c 00 77 00 61 00 62 00 33 00 32 00 e.m.\.w.a.b.3.2.
72 00 65 00 73 00 2e 00 64 00 6c 00 6c 00 2c 00 r.e.s...d.l.l.,.
2d 00 31 00 30 00 32 00 30 00 30 00 0d 00 0a 00 -.1.0.2.0.0.....
49 00 63 00 6f 00 6e 00 52 00 65 00 73 00 6f 00 I.c.o.n.R.e.s.o.
75 00 72 00 63 00 65 00 3d 00 25 00 53 00 79 00 u.r.c.e.=.%.S.y.
73 00 74 00 65 00 6d 00 52 00 6f 00 6f 00 74 00 s.t.e.m.R.o.o.t.
25 00 5c 00 73 00 79 00 73 00 74 00 65 00 6d 00 %.\.s.y.s.t.e.m.
33 00 32 00 5c 00 69 00 6d 00 61 00 67 00 65 00 3.2.\.i.m.a.g.e.
72 00 65 00 73 00 2e 00 64 00 6c 00 6c 00 2c 00 r.e.s...d.l.l.,.
2d 00 31 00 38 00 31 00 0d 00 0a 00             -.1.8.1.....    
0x37525928	FILE	44970	DATA	computer.lnk	
4c 00 00 00 01 14 02 00 00 00 00 00 c0 00 00 00 L...............
00 00 00 46 c5 01 00 00 00 00 00 00 00 00 00 00 ...F............
00 00 00 00 00 00 00 00 00 00 00 00 00 00 00 00 ................
00 00 00 00 00 00 00 00 6d 00 00 00 01 00 00 00 ........m.......
00 00 00 00 00 00 00 00 00 00 00 00 16 00 14 00 ................
1f 50 e0 4f d0 20 ea 3a 69 10 a2 d8 08 00 2b 30 .P.O. .:i.....+0
30 9d 00 00 1b 00 40 00 25 00 77 00 69 00 6e 00 0.....@.%.w.i.n.
64 00 69 00 72 00 25 00 5c 00 65 00 78 00 70 00 d.i.r.%.\.e.x.p.
6c 00 6f 00 72 00 65 00 72 00 2e 00 65 00 78 00 l.o.r.e.r...e.x.
65 00 2c 00 2d 00 33 00 30 00 34 00 1e 00 25 00 e.,.-.3.0.4...%.
77 00 69 00 6e 00 64 00 69 00 72 00 25 00 5c 00 w.i.n.d.i.r.%.\.
73 00 79 00 73 00 74 00 65 00 6d 00 33 00 32 00 s.y.s.t.e.m.3.2.
5c 00 69 00 6d 00 61 00 67 00 65 00 72 00 65 00 \.i.m.a.g.e.r.e.
73 00 2e 00 64 00 6c 00 6c 00 28 00 00 00 09 00 s...d.l.l.(.....
00 a0 1c 00 00 00 31 53 50 53 e2 8a 58 46 bc 4c ......1SPS..XF.L
38 43 bb fc 13 93 26 98 6d ce 00 00 00 00 00 00 8C....&.m.......
00 00 00 00 00 00                               ......          
0x378265a8	FILE	44973	DATA	Control Panel.lnk	
4c 00 00 00 01 14 02 00 00 00 00 00 c0 00 00 00 L...............
00 00 00 46 c5 01 00 00 00 00 00 00 00 00 00 00 ...F............
00 00 00 00 00 00 00 00 00 00 00 00 00 00 00 00 ................
00 00 00 00 00 00 00 00 e5 ff ff ff 01 00 00 00 ................
00 00 00 00 00 00 00 00 00 00 00 00 16 00 14 00 ................
1f 80 94 e6 99 53 e5 6c 6c 4d 8f ce 1d 88 70 fd .....S.llM....p.
cb a0 00 00 1b 00 40 00 25 00 77 00 69 00 6e 00 ......@.%.w.i.n.
64 00 69 00 72 00 25 00 5c 00 65 00 78 00 70 00 d.i.r.%.\.e.x.p.
6c 00 6f 00 72 00 65 00 72 00 2e 00 65 00 78 00 l.o.r.e.r...e.x.
65 00 2c 00 2d 00 33 00 30 00 37 00 1e 00 25 00 e.,.-.3.0.7...%.
77 00 69 00 6e 00 64 00 69 00 72 00 25 00 5c 00 w.i.n.d.i.r.%.\.
73 00 79 00 73 00 74 00 65 00 6d 00 33 00 32 00 s.y.s.t.e.m.3.2.
5c 00 69 00 6d 00 61 00 67 00 65 00 72 00 65 00 \.i.m.a.g.e.r.e.
73 00 2e 00 64 00 6c 00 6c 00 28 00 00 00 09 00 s...d.l.l.(.....
00 a0 1c 00 00 00 31 53 50 53 e2 8a 58 46 bc 4c ......1SPS..XF.L
38 43 bb fc 13 93 26 98 6d ce 00 00 00 00 00 00 8C....&.m.......
00 00 00 00 00 00                               ......          
0x385b2fa8	FILE	84965	DATA	statecache.lock	-
0x38c1f120	FILE	44440	DATA	desktop.ini	
5b 4c 6f 63 61 6c 69 7a 65 64 46 69 6c 65 4e 61 [LocalizedFileNa
6d 65 73 5d 0d 0a 48 65 61 72 74 73 4d 43 45 2e mes]..HeartsMCE.
6c 6e 6b 3d 40 25 50 72 6f 67 72 61 6d 46 69 6c lnk=@%ProgramFil
65 73 25 5c 4d 69 63 72 6f 73 6f 66 74 20 47 61 es%\Microsoft Ga
6d 65 73 5c 48 65 61 72 74 73 5c 48 65 61 72 74 mes\Hearts\Heart
73 2e 65 78 65 2c 2d 31 32 39 0d 0a             s.exe,-129..    
0x38c1f520	FILE	44441	DATA	Desktop.ini	
ff fe 5b 00 4c 00 6f 00 63 00 61 00 6c 00 69 00 ..[.L.o.c.a.l.i.
7a 00 65 00 64 00 46 00 69 00 6c 00 65 00 4e 00 z.e.d.F.i.l.e.N.
61 00 6d 00 65 00 73 00 5d 00 0d 00 0a 00 4d 00 a.m.e.s.].....M.
61 00 69 00 6c 00 20 00 52 00 65 00 63 00 69 00 a.i.l. .R.e.c.i.
70 00 69 00 65 00 6e 00 74 00 2e 00 4d 00 41 00 p.i.e.n.t...M.A.
50 00 49 00 4d 00 61 00 69 00 6c 00 3d 00 40 00 P.I.M.a.i.l.=.@.
73 00 65 00 6e 00 64 00 6d 00 61 00 69 00 6c 00 s.e.n.d.m.a.i.l.
2e 00 64 00 6c 00 6c 00 2c 00 2d 00 34 00 0d 00 ..d.l.l.,.-.4...
0a 00 44 00 65 00 73 00 6b 00 74 00 6f 00 70 00 ..D.e.s.k.t.o.p.
20 00 28 00 63 00 72 00 65 00 61 00 74 00 65 00  .(.c.r.e.a.t.e.
20 00 73 00 68 00 6f 00 72 00 74 00 63 00 75 00  .s.h.o.r.t.c.u.
74 00 29 00 2e 00 44 00 65 00 73 00 6b 00 4c 00 t.)...D.e.s.k.L.
69 00 6e 00 6b 00 3d 00 40 00 73 00 65 00 6e 00 i.n.k.=.@.s.e.n.
64 00 6d 00 61 00 69 00 6c 00 2e 00 64 00 6c 00 d.m.a.i.l...d.l.
6c 00 2c 00 2d 00 32 00 31 00 0d 00 0a 00 43 00 l.,.-.2.1.....C.
6f 00 6d 00 70 00 72 00 65 00 73 00 73 00 65 00 o.m.p.r.e.s.s.e.
64 00 20 00 28 00 7a 00 69 00 70 00 70 00 65 00 d. .(.z.i.p.p.e.
64 00 29 00 20 00 46 00 6f 00 6c 00 64 00 65 00 d.). .F.o.l.d.e.
72 00 2e 00 5a 00 46 00 53 00 65 00 6e 00 64 00 r...Z.F.S.e.n.d.
54 00 6f 00 54 00 61 00 72 00 67 00 65 00 74 00 T.o.T.a.r.g.e.t.
3d 00 40 00 7a 00 69 00 70 00 66 00 6c 00 64 00 =.@.z.i.p.f.l.d.
72 00 2e 00 64 00 6c 00 6c 00 2c 00 2d 00 31 00 r...d.l.l.,.-.1.
30 00 31 00 34 00 38 00 0d 00 0a 00 44 00 6f 00 0.1.4.8.....D.o.
63 00 75 00 6d 00 65 00 6e 00 74 00 73 00 2e 00 c.u.m.e.n.t.s...
6d 00 79 00 64 00 6f 00 63 00 73 00 3d 00 40 00 m.y.d.o.c.s.=.@.
73 00 68 00 65 00 6c 00 6c 00 33 00 32 00 2e 00 s.h.e.l.l.3.2...
64 00 6c 00 6c 00 2c 00 2d 00 33 00 34 00 35 00 d.l.l.,.-.3.4.5.
37 00 35 00 0d 00 0a 00                         7.5.....        
0x38c1f920	FILE	44442	DATA	Desktop.ini	
ff fe 5b 00 4c 00 6f 00 63 00 61 00 6c 00 69 00 ..[.L.o.c.a.l.i.
7a 00 65 00 64 00 46 00 69 00 6c 00 65 00 4e 00 z.e.d.F.i.l.e.N.
61 00 6d 00 65 00 73 00 5d 00 0d 00 0a 00 4d 00 a.m.e.s.].....M.
61 00 69 00 6c 00 20 00 52 00 65 00 63 00 69 00 a.i.l. .R.e.c.i.
70 00 69 00 65 00 6e 00 74 00 2e 00 4d 00 41 00 p.i.e.n.t...M.A.
50 00 49 00 4d 00 61 00 69 00 6c 00 3d 00 40 00 P.I.M.a.i.l.=.@.
73 00 65 00 6e 00 64 00 6d 00 61 00 69 00 6c 00 s.e.n.d.m.a.i.l.
2e 00 64 00 6c 00 6c 00 2c 00 2d 00 34 00 0d 00 ..d.l.l.,.-.4...
0a 00 44 00 65 00 73 00 6b 00 74 00 6f 00 70 00 ..D.e.s.k.t.o.p.
20 00 28 00 63 00 72 00 65 00 61 00 74 00 65 00  .(.c.r.e.a.t.e.
20 00 73 00 68 00 6f 00 72 00 74 00 63 00 75 00  .s.h.o.r.t.c.u.
74 00 29 00 2e 00 44 00 65 00 73 00 6b 00 4c 00 t.)...D.e.s.k.L.
69 00 6e 00 6b 00 3d 00 40 00 73 00 65 00 6e 00 i.n.k.=.@.s.e.n.
64 00 6d 00 61 00 69 00 6c 00 2e 00 64 00 6c 00 d.m.a.i.l...d.l.
6c 00 2c 00 2d 00 32 00 31 00 0d 00 0a 00 43 00 l.,.-.2.1.....C.
6f 00 6d 00 70 00 72 00 65 00 73 00 73 00 65 00 o.m.p.r.e.s.s.e.
64 00 20 00 28 00 7a 00 69 00 70 00 70 00 65 00 d. .(.z.i.p.p.e.
64 00 29 00 20 00 46 00 6f 00 6c 00 64 00 65 00 d.). .F.o.l.d.e.
72 00 2e 00 5a 00 46 00 53 00 65 00 6e 00 64 00 r...Z.F.S.e.n.d.
54 00 6f 00 54 00 61 00 72 00 67 00 65 00 74 00 T.o.T.a.r.g.e.t.
3d 00 40 00 7a 00 69 00 70 00 66 00 6c 00 64 00 =.@.z.i.p.f.l.d.
72 00 2e 00 64 00 6c 00 6c 00 2c 00 2d 00 31 00 r...d.l.l.,.-.1.
30 00 31 00 34 00 38 00 0d 00 0a 00 44 00 6f 00 0.1.4.8.....D.o.
63 00 75 00 6d 00 65 00 6e 00 74 00 73 00 2e 00 c.u.m.e.n.t.s...
6d 00 79 00 64 00 6f 00 63 00 73 00 3d 00 40 00 m.y.d.o.c.s.=.@.
73 00 68 00 65 00 6c 00 6c 00 33 00 32 00 2e 00 s.h.e.l.l.3.2...
64 00 6c 00 6c 00 2c 00 2d 00 33 00 34 00 35 00 d.l.l.,.-.3.4.5.
37 00 35 00 0d 00 0a 00                         7.5.....        
0x38c1fd20	FILE	44443	DATA	Desktop.ini	
ff fe 5b 00 4c 00 6f 00 63 00 61 00 6c 00 69 00 ..[.L.o.c.a.l.i.
7a 00 65 00 64 00 46 00 69 00 6c 00 65 00 4e 00 z.e.d.F.i.l.e.N.
61 00 6d 00 65 00 73 00 5d 00 0d 00 0a 00 4d 00 a.m.e.s.].....M.
61 00 69 00 6c 00 20 00 52 00 65 00 63 00 69 00 a.i.l. .R.e.c.i.
70 00 69 00 65 00 6e 00 74 00 2e 00 4d 00 41 00 p.i.e.n.t...M.A.
50 00 49 00 4d 00 61 00 69 00 6c 00 3d 00 40 00 P.I.M.a.i.l.=.@.
73 00 65 00 6e 00 64 00 6d 00 61 00 69 00 6c 00 s.e.n.d.m.a.i.l.
2e 00 64 00 6c 00 6c 00 2c 00 2d 00 34 00 0d 00 ..d.l.l.,.-.4...
0a 00 44 00 65 00 73 00 6b 00 74 00 6f 00 70 00 ..D.e.s.k.t.o.p.
20 00 28 00 63 00 72 00 65 00 61 00 74 00 65 00  .(.c.r.e.a.t.e.
20 00 73 00 68 00 6f 00 72 00 74 00 63 00 75 00  .s.h.o.r.t.c.u.
74 00 29 00 2e 00 44 00 65 00 73 00 6b 00 4c 00 t.)...D.e.s.k.L.
69 00 6e 00 6b 00 3d 00 40 00 73 00 65 00 6e 00 i.n.k.=.@.s.e.n.
64 00 6d 00 61 00 69 00 6c 00 2e 00 64 00 6c 00 d.m.a.i.l...d.l.
6c 00 2c 00 2d 00 32 00 31 00 0d 00 0a 00 43 00 l.,.-.2.1.....C.
6f 00 6d 00 70 00 72 00 65 00 73 00 73 00 65 00 o.m.p.r.e.s.s.e.
64 00 20 00 28 00 7a 00 69 00 70 00 70 00 65 00 d. .(.z.i.p.p.e.
64 00 29 00 20 00 46 00 6f 00 6c 00 64 00 65 00 d.). .F.o.l.d.e.
72 00 2e 00 5a 00 46 00 53 00 65 00 6e 00 64 00 r...Z.F.S.e.n.d.
54 00 6f 00 54 00 61 00 72 00 67 00 65 00 74 00 T.o.T.a.r.g.e.t.
3d 00 40 00 7a 00 69 00 70 00 66 00 6c 00 64 00 =.@.z.i.p.f.l.d.
72 00 2e 00 64 00 6c 00 6c 00 2c 00 2d 00 31 00 r...d.l.l.,.-.1.
30 00 31 00 34 00 38 00 0d 00 0a 00 44 00 6f 00 0.1.4.8.....D.o.
63 00 75 00 6d 00 65 00 6e 00 74 00 73 00 2e 00 c.u.m.e.n.t.s...
6d 00 79 00 64 00 6f 00 63 00 73 00 3d 00 40 00 m.y.d.o.c.s.=.@.
73 00 68 00 65 00 6c 00 6c 00 33 00 32 00 2e 00 s.h.e.l.l.3.2...
64 00 6c 00 6c 00 2c 00 2d 00 33 00 34 00 35 00 d.l.l.,.-.3.4.5.
37 00 35 00 0d 00 0a 00                         7.5.....        
0x38e24d28	FILE	83671	DATA	blackbox.bin	
00 00 00 00 a6 48 fd ea a3 e6 c4 41 90 df 7e 75 .....H.....A..~u
5e da ce 23                                     ^..#            
0x38e3d910	FILE	84965	DATA	TMP00000002E925DF2DB64C7208	-
0x38e3e9f0	FILE	84971	DATA	WmiApRpl_new.h	-
0x38f378d0	FILE	84965	DATA	TMP00000001D86D25323853BCFD	-
0x390ac9a8	FILE	45002	DATA	Internet Spades.lnk	
4c 00 00 00 01 14 02 00 00 00 00 00 c0 00 00 00 L...............
00 00 00 46 d5 01 00 00 00 00 00 00 00 00 00 00 ...F............
00 00 00 00 00 00 00 00 00 00 00 00 00 00 00 00 ................
00 00 00 00 00 00 00 00 00 00 00 00 01 00 00 00 ................
00 00 00 00 00 00 00 00 00 00 00 00 36 00 14 00 ............6...
1f 80 df 8f 22 ed a8 9e 70 48 83 b1 96 b0 2c fe ...."...pH....,.
0d 52 20 00 00 00 47 46 53 49 c1 10 a4 5f d5 1d .R ...GFSI..._..
38 42 83 3e 4d f9 97 4f bc 9c 00 00 00 00 00 00 8B.>M..O........
00 00 00 00 28 00 40 00 25 00 53 00 79 00 73 00 ....(.@.%.S.y.s.
74 00 65 00 6d 00 52 00 6f 00 6f 00 74 00 25 00 t.e.m.R.o.o.t.%.
5c 00 73 00 79 00 73 00 74 00 65 00 6d 00 33 00 \.s.y.s.t.e.m.3.
32 00 5c 00 67 00 61 00 6d 00 65 00 75 00 78 00 2.\.g.a.m.e.u.x.
2e 00 64 00 6c 00 6c 00 2c 00 2d 00 31 00 30 00 ..d.l.l.,.-.1.0.
33 00 30 00 32 00 2a 00 25 00 50 00 72 00 6f 00 3.0.2.*.%.P.r.o.
67 00 72 00 61 00 6d 00 46 00 69 00 6c 00 65 00 g.r.a.m.F.i.l.e.
73 00 25 00 5c 00 4d 00 69 00 63 00 72 00 6f 00 s.%.\.M.i.c.r.o.
73 00 6f 00 66 00 74 00 20 00 47 00 61 00 6d 00 s.o.f.t. .G.a.m.
65 00 73 00 5c 00 4d 00 75 00 6c 00 74 00 69 00 e.s.\.M.u.l.t.i.
70 00 6c 00 61 00 79 00 65 00 72 00 3c 00 25 00 p.l.a.y.e.r.<.%.
50 00 72 00 6f 00 67 00 72 00 61 00 6d 00 46 00 P.r.o.g.r.a.m.F.
69 00 6c 00 65 00 73 00 25 00 5c 00 4d 00 69 00 i.l.e.s.%.\.M.i.
63 00 72 00 6f 00 73 00 6f 00 66 00 74 00 20 00 c.r.o.s.o.f.t. .
47 00 61 00 6d 00 65 00 73 00 5c 00 4d 00 75 00 G.a.m.e.s.\.M.u.
6c 00 74 00 69 00 70 00 6c 00 61 00 79 00 65 00 l.t.i.p.l.a.y.e.
72 00 5c 00 53 00 70 00 61 00 64 00 65 00 73 00 r.\.S.p.a.d.e.s.
5c 00 73 00 68 00 76 00 6c 00 7a 00 6d 00 2e 00 \.s.h.v.l.z.m...
65 00 78 00 65 00 28 00 00 00 09 00 00 a0 1c 00 e.x.e.(.........
00 00 31 53 50 53 e2 8a 58 46 bc 4c 38 43 bb fc ..1SPS..XF.L8C..
13 93 26 98 6d ce 00 00 00 00 00 00 00 00 00 00 ..&.m...........
00 00                                           ..              
0x3942e928	FILE	45142	DATA	setuperr.log	
ef bb bf 32 30 31 35 2d 30 34 2d 32 34 20 32 32 ...2015-04-24 22
3a 34 32 3a 34 30 2c 20 45 72 72 6f 72 20 20 20 :42:40, Error   
20 20 20 5b 30 78 30 66 30 30 34 33 5d 20 53 59    [0x0f0043] SY
53 50 52 50 20 57 69 6e 4d 61 69 6e 3a 54 68 65 SPRP WinMain:The
20 73 79 73 70 72 65 70 20 64 69 61 6c 6f 67 20  sysprep dialog 
62 6f 78 20 72 65 74 75 72 6e 65 64 20 46 41 4c box returned FAL
53 45 0d 0a 32 30 31 35 2d 30 34 2d 32 34 20 32 SE..2015-04-24 2
32 3a 34 38 3a 35 37 2c 20 45 72 72 6f 72 20 20 2:48:57, Error  
20 20 20 20 5b 30 78 30 66 30 30 34 33 5d 20 53     [0x0f0043] S
59 53 50 52 50 20 57 69 6e 4d 61 69 6e 3a 54 68 YSPRP WinMain:Th
65 20 73 79 73 70 72 65 70 20 64 69 61 6c 6f 67 e sysprep dialog
20 62 6f 78 20 72 65 74 75 72 6e 65 64 20 46 41  box returned FA
4c 53 45 0d 0a 32 30 31 35 2d 30 34 2d 32 35 20 LSE..2015-04-25 
32 31 3a 32 34 3a 33 31 2c 20 45 72 72 6f 72 20 21:24:31, Error 
20 20 20 20 20 5b 30 78 30 66 30 30 34 33 5d 20      [0x0f0043] 
53 59 53 50 52 50 20 57 69 6e 4d 61 69 6e 3a 54 SYSPRP WinMain:T
68 65 20 73 79 73 70 72 65 70 20 64 69 61 6c 6f he sysprep dialo
67 20 62 6f 78 20 72 65 74 75 72 6e 65 64 20 46 g box returned F
41 4c 53 45 0d 0a                               ALSE..          
0x3969e120	FILE	44436	DATA	Desktop.ini	
5b 2e 53 68 65 6c 6c 43 6c 61 73 73 49 6e 66 6f [.ShellClassInfo
5d 0d 0a 4c 6f 63 61 6c 69 7a 65 64 52 65 73 6f ]..LocalizedReso
75 72 63 65 4e 61 6d 65 3d 40 25 53 79 73 74 65 urceName=@%Syste
6d 52 6f 6f 74 25 5c 53 79 73 74 65 6d 33 32 5c mRoot%\System32\
74 68 65 6d 65 75 69 2e 64 6c 6c 2c 2d 32 31 30 themeui.dll,-210
36                                              6               
0x3969e520	FILE	44437	DATA	Desktop.ini	
5b 2e 53 68 65 6c 6c 43 6c 61 73 73 49 6e 66 6f [.ShellClassInfo
5d 0d 0a 4c 6f 63 61 6c 69 7a 65 64 52 65 73 6f ]..LocalizedReso
75 72 63 65 4e 61 6d 65 3d 40 25 53 79 73 74 65 urceName=@%Syste
6d 52 6f 6f 74 25 5c 53 79 73 74 65 6d 33 32 5c mRoot%\System32\
74 68 65 6d 65 75 69 2e 64 6c 6c 2c 2d 32 31 30 themeui.dll,-210
36                                              6               
0x3969e920	FILE	44438	DATA	desktop.ini	
5b 2e 53 68 65 6c 6c 43 6c 61 73 73 49 6e 66 6f [.ShellClassInfo
5d 0d 0a 4c 6f 63 61 6c 69 7a 65 64 52 65 73 6f ]..LocalizedReso
75 72 63 65 4e 61 6d 65 3d 40 25 53 79 73 74 65 urceName=@%Syste
6d 52 6f 6f 74 25 5c 65 48 6f 6d 65 5c 65 68 65 mRoot%\eHome\ehe
70 67 72 65 73 2e 64 6c 6c 2c 2d 33 31 32 0d 0a pgres.dll,-312..
0d 0a 5b 4c 6f 63 61 6c 69 7a 65 64 46 69 6c 65 ..[LocalizedFile
4e 61 6d 65 73 5d 0d 0a 77 69 6e 37 5f 73 63 65 Names]..win7_sce
6e 69 63 2d 64 65 6d 6f 73 68 6f 72 74 5f 72 61 nic-demoshort_ra
77 2e 77 74 76 3d 40 25 53 79 73 74 65 6d 52 6f w.wtv=@%SystemRo
6f 74 25 5c 65 48 6f 6d 65 5c 65 68 65 70 67 72 ot%\eHome\ehepgr
65 73 2e 64 6c 6c 2c 2d 33 30 38                es.dll,-308     
0x3969ed20	FILE	44439	DATA	desktop.ini	
5b 2e 53 68 65 6c 6c 43 6c 61 73 73 49 6e 66 6f [.ShellClassInfo
5d 0d 0a 4c 6f 63 61 6c 69 7a 65 64 52 65 73 6f ]..LocalizedReso
75 72 63 65 4e 61 6d 65 3d 40 25 53 79 73 74 65 urceName=@%Syste
6d 52 6f 6f 74 25 5c 65 48 6f 6d 65 5c 65 68 65 mRoot%\eHome\ehe
70 67 72 65 73 2e 64 6c 6c 2c 2d 33 31 32 0d 0a pgres.dll,-312..
0d 0a 5b 4c 6f 63 61 6c 69 7a 65 64 46 69 6c 65 ..[LocalizedFile
4e 61 6d 65 73 5d 0d 0a 77 69 6e 37 5f 73 63 65 Names]..win7_sce
6e 69 63 2d 64 65 6d 6f 73 68 6f 72 74 5f 72 61 nic-demoshort_ra
77 2e 77 74 76 3d 40 25 53 79 73 74 65 6d 52 6f w.wtv=@%SystemRo
6f 74 25 5c 65 48 6f 6d 65 5c 65 68 65 70 67 72 ot%\eHome\ehepgr
65 73 2e 64 6c 6c 2c 2d 33 30 38                es.dll,-308     
0x397b11a8	FILE	83644	DATA	GobiernoUSA.gov.url	
5b 49 6e 74 65 72 6e 65 74 53 68 6f 72 74 63 75 [InternetShortcu
74 5d 0d 0a 55 52 4c 3d 68 74 74 70 3a 2f 2f 67 t]..URL=http://g
6f 2e 6d 69 63 72 6f 73 6f 66 74 2e 63 6f 6d 2f o.microsoft.com/
66 77 6c 69 6e 6b 2f 3f 4c 69 6e 6b 49 64 3d 31 fwlink/?LinkId=1
32 39 37 39 32 0d 0a 49 44 4c 69 73 74 3d 0d 0a 29792..IDList=..
5b 7b 30 30 30 32 31 34 41 30 2d 30 30 30 30 2d [{000214A0-0000-
30 30 30 30 2d 43 30 30 30 2d 30 30 30 30 30 30 0000-C000-000000
30 30 30 30 34 36 7d 5d 0d 0a 50 72 6f 70 33 3d 000046}]..Prop3=
31 39 2c 32 0d 0a                               19,2..          
0x397b1d20	FILE	83647	DATA	desktop.ini	
5b 2e 53 68 65 6c 6c 43 6c 61 73 73 49 6e 66 6f [.ShellClassInfo
5d 0d 0a 43 6f 6e 66 69 72 6d 46 69 6c 65 4f 70 ]..ConfirmFileOp
3d 30 0d 0a 43 4c 53 49 44 3d 7b 46 46 33 39 33 =0..CLSID={FF393
35 36 30 2d 43 32 41 37 2d 31 31 43 46 2d 42 46 560-C2A7-11CF-BF
46 34 2d 34 34 34 35 35 33 35 34 30 30 30 30 7d F4-444553540000}
0d 0a 55 49 43 4c 53 49 44 3d 7b 37 42 44 32 39 ..UICLSID={7BD29
45 30 30 2d 37 36 43 31 2d 31 31 43 46 2d 39 44 E00-76C1-11CF-9D
44 30 2d 30 30 41 30 43 39 30 33 34 39 33 33 7d D0-00A0C9034933}
0d 0a                                           ..              
0x39bc1a48	FILE	84965	DATA	WmiApRpl_new.ini	-
0x39d365a8	FILE	83605	DATA	msapplication.xml	
3c 3f 78 6d 6c 20 76 65 72 73 69 6f 6e 3d 22 31 <?xml version="1
2e 30 22 20 65 6e 63 6f 64 69 6e 67 3d 22 75 74 .0" encoding="ut
66 2d 38 22 3f 3e 0d 0a 3c 62 72 6f 77 73 65 72 f-8"?>..<browser
63 6f 6e 66 69 67 3e 3c 6d 73 61 70 70 6c 69 63 config><msapplic
61 74 69 6f 6e 3e 3c 63 6f 6e 66 69 67 3e 3c 73 ation><config><s
69 74 65 20 73 72 63 3d 22 68 74 74 70 3a 2f 2f ite src="http://
67 6f 2e 6d 69 63 72 6f 73 6f 66 74 2e 63 6f 6d go.microsoft.com
2f 66 77 6c 69 6e 6b 2f 3f 4c 69 6e 6b 49 64 3d /fwlink/?LinkId=
31 32 31 33 31 35 22 2f 3e 3c 64 61 74 65 3e 30 121315"/><date>0
78 30 36 32 39 38 35 35 63 2c 30 78 30 31 64 32 x0629855c,0x01d2
37 39 63 39 3c 2f 64 61 74 65 3e 3c 61 63 63 64 79c9</date><accd
61 74 65 3e 30 78 30 36 32 39 38 35 35 63 2c 30 ate>0x0629855c,0
78 30 31 64 32 37 39 63 39 3c 2f 61 63 63 64 61 x01d279c9</accda
74 65 3e 3c 2f 63 6f 6e 66 69 67 3e 3c 74 69 6c te></config><til
65 3e 3c 77 69 64 65 33 31 30 78 31 35 30 6c 6f e><wide310x150lo
67 6f 2f 3e 3c 73 71 75 61 72 65 33 31 30 78 33 go/><square310x3
31 30 6c 6f 67 6f 2f 3e 3c 73 71 75 61 72 65 37 10logo/><square7
30 78 37 30 6c 6f 67 6f 2f 3e 3c 66 61 76 6f 72 0x70logo/><favor
69 74 65 20 73 72 63 3d 22 43 3a 5c 55 73 65 72 ite src="C:\User
73 5c 55 4d 44 43 53 45 43 5c 46 61 76 6f 72 69 s\UMDCSEC\Favori
74 65 73 5c 4c 69 6e 6b 73 5c 57 65 62 20 53 6c tes\Links\Web Sl
69 63 65 20 47 61 6c 6c 65 72 79 2e 75 72 6c 22 ice Gallery.url"
2f 3e 3c 2f 74 69 6c 65 3e 3c 2f 6d 73 61 70 70 /></tile></msapp
6c 69 63 61 74 69 6f 6e 3e 3c 2f 62 72 6f 77 73 lication></brows
65 72 63 6f 6e 66 69 67 3e 0d 0a                erconfig>..     
0x39d369a0	FILE	83606	DATA	container.dat	-
0x39e365a8	FILE	83521	DATA	SystemIndex.2.Crwl	
ff fe                                           ..              
0x3a135da8	FILE	83519	DATA	11_All_Pictures.wpl	
3c 3f 77 70 6c 20 76 65 72 73 69 6f 6e 3d 22 31 <?wpl version="1
2e 30 22 3f 3e 0d 0a 3c 73 6d 69 6c 3e 0d 0a 20 .0"?>..<smil>.. 
20 20 20 3c 68 65 61 64 3e 0d 0a 20 20 20 20 20    <head>..     
20 20 20 3c 6d 65 74 61 20 6e 61 6d 65 3d 22 47    <meta name="G
65 6e 65 72 61 74 6f 72 22 20 63 6f 6e 74 65 6e enerator" conten
74 3d 22 4d 69 63 72 6f 73 6f 66 74 20 57 69 6e t="Microsoft Win
64 6f 77 73 20 4d 65 64 69 61 20 50 6c 61 79 65 dows Media Playe
72 20 2d 2d 20 31 30 2e 30 2e 30 2e 33 34 34 39 r -- 10.0.0.3449
22 2f 3e 0d 0a 20 20 20 20 20 20 20 20 3c 6d 65 "/>..        <me
74 61 20 6e 61 6d 65 3d 22 44 6f 6e 74 43 6f 70 ta name="DontCop
79 54 6f 44 65 76 69 63 65 22 20 63 6f 6e 74 65 yToDevice" conte
6e 74 3d 22 54 52 55 45 22 2f 3e 0d 0a 20 20 20 nt="TRUE"/>..   
20 20 20 20 20 3c 74 69 74 6c 65 3e 41 6c 6c 20      <title>All 
50 69 63 74 75 72 65 73 3c 2f 74 69 74 6c 65 3e Pictures</title>
0d 0a 20 20 20 20 3c 2f 68 65 61 64 3e 0d 0a 20 ..    </head>.. 
20 20 20 3c 62 6f 64 79 3e 0d 0a 20 20 20 20 20    <body>..     
20 20 20 3c 73 65 71 3e 0d 0a 20 20 20 20 20 20    <seq>..      
20 20 20 20 20 20 3c 73 6d 61 72 74 50 6c 61 79       <smartPlay
6c 69 73 74 20 76 65 72 73 69 6f 6e 3d 22 31 2e list version="1.
30 2e 30 2e 30 22 3e 0d 0a 20 20 20 20 20 20 20 0.0.0">..       
20 20 20 20 20 20 20 20 20 3c 71 75 65 72 79 53          <queryS
65 74 3e 0d 0a 20 20 20 20 20 20 20 20 20 20 20 et>..           
20 20 20 20 20 20 20 20 20 3c 73 6f 75 72 63 65          <source
46 69 6c 74 65 72 20 69 64 3d 22 7b 43 43 38 32 Filter id="{CC82
33 34 30 30 2d 41 38 45 34 2d 34 30 38 31 2d 42 3400-A8E4-4081-B
30 37 33 2d 44 33 42 36 44 39 35 32 46 45 36 39 073-D3B6D952FE69
7d 22 20 6e 61 6d 65 3d 22 50 69 63 74 75 72 65 }" name="Picture
73 20 69 6e 20 6d 79 20 6c 69 62 72 61 72 79 22 s in my library"
3e 0d 0a 20 20 20 20 20 20 20 20 20 20 20 20 20 >..             
20 20 20 20 20 20 20 3c 2f 73 6f 75 72 63 65 46        </sourceF
69 6c 74 65 72 3e 0d 0a 20 20 20 20 20 20 20 20 ilter>..        
20 20 20 20 20 20 20 20 3c 2f 71 75 65 72 79 53         </queryS
65 74 3e 0d 0a 20 20 20 20 20 20 20 20 20 20 20 et>..           
20 3c 2f 73 6d 61 72 74 50 6c 61 79 6c 69 73 74  </smartPlaylist
3e 0d 0a 20 20 20 20 20 20 20 20 3c 2f 73 65 71 >..        </seq
3e 0d 0a 20 20 20 20 3c 2f 62 6f 64 79 3e 0d 0a >..    </body>..
3c 2f 73 6d 69 6c 3e 0d 0a                      </smil>..       
0x3a4389a0	FILE	42650	DATA	dshowext.inf	
ff fe 3b 00 20 00 73 00 74 00 75 00 62 00 20 00 ..;. .s.t.u.b. .
69 00 6e 00 66 00 20 00 66 00 69 00 6c 00 65 00 i.n.f. .f.i.l.e.
20 00 74 00 6f 00 20 00 70 00 72 00 65 00 73 00  .t.o. .p.r.e.s.
65 00 72 00 76 00 65 00 20 00 6c 00 65 00 67 00 e.r.v.e. .l.e.g.
61 00 63 00 79 00 20 00 64 00 72 00 69 00 76 00 a.c.y. .d.r.i.v.
65 00 72 00 20 00 63 00 6f 00 6d 00 70 00 61 00 e.r. .c.o.m.p.a.
74 00 69 00 62 00 69 00 6c 00 69 00 74 00 79 00 t.i.b.i.l.i.t.y.
2e 00 20 00 54 00 68 00 65 00 20 00 44 00 44 00 .. .T.h.e. .D.D.
4b 00 20 00 73 00 61 00 6d 00 70 00 6c 00 65 00 K. .s.a.m.p.l.e.
20 00 69 00 6e 00 66 00 20 00 66 00 69 00 6c 00  .i.n.f. .f.i.l.
65 00 20 00 66 00 6f 00 72 00 20 00 0d 00 0a 00 e. .f.o.r. .....
3b 00 20 00 55 00 53 00 42 00 20 00 77 00 65 00 ;. .U.S.B. .w.e.
62 00 63 00 61 00 6d 00 73 00 20 00 28 00 49 00 b.c.a.m.s. .(.I.
6e 00 74 00 65 00 6c 00 20 00 59 00 43 00 37 00 n.t.e.l. .Y.C.7.
36 00 29 00 20 00 75 00 73 00 65 00 64 00 20 00 6.). .u.s.e.d. .
74 00 6f 00 20 00 72 00 65 00 66 00 65 00 72 00 t.o. .r.e.f.e.r.
20 00 74 00 6f 00 20 00 74 00 68 00 69 00 73 00  .t.o. .t.h.i.s.
20 00 66 00 69 00 6c 00 65 00 20 00 28 00 64 00  .f.i.l.e. .(.d.
73 00 68 00 6f 00 77 00 65 00 78 00 74 00 2e 00 s.h.o.w.e.x.t...
69 00 6e 00 66 00 29 00 0d 00 0a 00 0d 00 0a 00 i.n.f.).........
5b 00 56 00 65 00 72 00 73 00 69 00 6f 00 6e 00 [.V.e.r.s.i.o.n.
5d 00 0d 00 0a 00 53 00 69 00 67 00 6e 00 61 00 ].....S.i.g.n.a.
74 00 75 00 72 00 65 00 3d 00 22 00 24 00 43 00 t.u.r.e.=.".$.C.
48 00 49 00 43 00 41 00 47 00 4f 00 24 00 22 00 H.I.C.A.G.O.$.".
0d 00 0a 00 44 00 72 00 69 00 76 00 65 00 72 00 ....D.r.i.v.e.r.
56 00 65 00 72 00 3d 00 30 00 36 00 2f 00 32 00 V.e.r.=.0.6./.2.
31 00 2f 00 32 00 30 00 30 00 36 00 2c 00 36 00 1./.2.0.0.6.,.6.
2e 00 31 00 2e 00 37 00 36 00 30 00 31 00 2e 00 ..1...7.6.0.1...
31 00 37 00 35 00 31 00 34 00 0d 00 0a 00 0d 00 1.7.5.1.4.......
0a 00 5b 00 44 00 53 00 48 00 4f 00 57 00 45 00 ..[.D.S.H.O.W.E.
58 00 54 00 2e 00 52 00 65 00 67 00 69 00 73 00 X.T...R.e.g.i.s.
74 00 72 00 61 00 74 00 69 00 6f 00 6e 00 5d 00 t.r.a.t.i.o.n.].
0d 00 0a 00 0d 00 0a 00 5b 00 44 00 53 00 48 00 ........[.D.S.H.
4f 00 57 00 45 00 58 00 54 00 2e 00 52 00 65 00 O.W.E.X.T...R.e.
67 00 69 00 73 00 74 00 72 00 61 00 74 00 69 00 g.i.s.t.r.a.t.i.
6f 00 6e 00 2e 00 4e 00 54 00 5d 00 0d 00 0a 00 o.n...N.T.].....
0d 00 0a 00 0d 00 0a 00                         ........        
0x3a5b7da8	FILE	18335	DATA	dfsvc.ni.exe.aux	
05 00 00 00 94 01 00 00 0b 00 00 00 88 00 00 00 ................
0d 00 00 00 4c 00 00 00 64 66 73 76 63 2c 20 56 ....L...dfsvc, V
65 72 73 69 6f 6e 3d 34 2e 30 2e 30 2e 30 2c 20 ersion=4.0.0.0, 
43 75 6c 74 75 72 65 3d 6e 65 75 74 72 61 6c 2c Culture=neutral,
20 50 75 62 6c 69 63 4b 65 79 54 6f 6b 65 6e 3d  PublicKeyToken=
62 30 33 66 35 66 37 66 31 31 64 35 30 61 33 61 b03f5f7f11d50a3a
00 cc cc cc 07 00 00 00 04 00 00 00 09 11 00 00 ................
02 00 00 00 08 00 00 00 00 e0 13 4a ba 62 d0 01 ...........J.b..
09 00 00 00 10 00 00 00 3e a2 aa 0a e7 31 2e 4e ........>....1.N
a1 f5 38 ab 53 a1 e4 fd 04 00 00 00 6c 00 00 00 ..8.S.......l...
01 00 00 00 4c 00 00 00 6d 73 63 6f 72 6c 69 62 ....L...mscorlib
2c 20 56 65 72 73 69 6f 6e 3d 34 2e 30 2e 30 2e , Version=4.0.0.
30 2c 20 43 75 6c 74 75 72 65 3d 6e 65 75 74 72 0, Culture=neutr
61 6c 2c 20 50 75 62 6c 69 63 4b 65 79 54 6f 6b al, PublicKeyTok
65 6e 3d 62 37 37 61 35 63 35 36 31 39 33 34 65 en=b77a5c561934e
30 38 39 00 03 00 00 00 10 00 00 00 de 5a 0a 24 089..........Z.$
05 89 c6 33 5b 2d aa 38 e9 f2 d2 e4 04 00 00 00 ...3[-.8........
88 00 00 00 01 00 00 00 58 00 00 00 53 79 73 74 ........X...Syst
65 6d 2e 44 65 70 6c 6f 79 6d 65 6e 74 2c 20 56 em.Deployment, V
65 72 73 69 6f 6e 3d 34 2e 30 2e 30 2e 30 2c 20 ersion=4.0.0.0, 
43 75 6c 74 75 72 65 3d 6e 65 75 74 72 61 6c 2c Culture=neutral,
20 50 75 62 6c 69 63 4b 65 79 54 6f 6b 65 6e 3d  PublicKeyToken=
62 30 33 66 35 66 37 66 31 31 64 35 30 61 33 61 b03f5f7f11d50a3a
00 cc cc cc 02 00 00 00 08 00 00 00 00 9d 74 9b ..............t.
c3 62 d0 01 09 00 00 00 10 00 00 00 b9 69 ad 9c .b...........i..
08 e4 be 48 9f c2 d9 ed c5 66 00 cd             ...H.....f..    
0x3aa4d1b0	FILE	83556	DATA	Everywhere.search-ms	
3c 3f 78 6d 6c 20 76 65 72 73 69 6f 6e 3d 22 31 <?xml version="1
2e 30 22 3f 3e 0d 0a 3c 70 65 72 73 69 73 74 65 .0"?>..<persiste
64 51 75 65 72 79 20 76 65 72 73 69 6f 6e 3d 22 dQuery version="
31 2e 30 22 3e 0d 0a 20 20 20 20 3c 71 75 65 72 1.0">..    <quer
79 3e 0d 0a 20 20 20 20 20 20 20 20 3c 6b 69 6e y>..        <kin
64 4c 69 73 74 3e 0d 0a 20 20 20 20 20 20 20 20 dList>..        
20 20 20 20 3c 6b 69 6e 64 20 6e 61 6d 65 3d 22     <kind name="
69 74 65 6d 22 2f 3e 0d 0a 20 20 20 20 20 20 20 item"/>..       
20 3c 2f 6b 69 6e 64 4c 69 73 74 3e 0d 0a 20 20  </kindList>..  
20 20 20 20 20 20 3c 73 63 6f 70 65 20 6b 6e 6f       <scope kno
77 6e 53 63 6f 70 65 49 44 3d 22 7b 37 63 36 31 wnScopeID="{7c61
64 30 61 36 2d 61 66 37 65 2d 34 38 33 61 2d 62 d0a6-af7e-483a-b
37 30 35 2d 64 32 63 35 63 32 32 36 34 36 35 36 705-d2c5c2264656
7d 22 20 2f 3e 0d 0a 20 20 20 20 3c 2f 71 75 65 }" />..    </que
72 79 3e 0d 0a 3c 2f 70 65 72 73 69 73 74 65 64 ry>..</persisted
51 75 65 72 79 3e 0d 0a                         Query>..        
0x3aa4d5a8	FILE	83557	DATA	RecentPlaces.lnk	
4c 00 00 00 01 14 02 00 00 00 00 00 c0 00 00 00 L...............
00 00 00 46 81 00 08 00 00 00 00 00 00 00 00 00 ...F............
00 00 00 00 00 00 00 00 00 00 00 00 00 00 00 00 ................
00 00 00 00 00 00 00 00 00 00 00 00 01 00 00 00 ................
00 00 00 00 00 00 00 00 00 00 00 00 16 00 14 00 ................
1f 80 6d 7a 87 22 a1 37 1a 46 91 b0 db da 5a ae ..mz.".7.F....Z.
bc 99 00 00 03 01 00 00 09 00 00 a0 76 00 00 00 ............v...
31 53 50 53 30 f1 25 b7 ef 47 1a 10 a5 f1 02 60 1SPS0.%..G.....`
8c 9e eb ac 2d 00 00 00 0a 00 00 00 00 1f 00 00 ....-...........
00 0e 00 00 00 52 00 65 00 63 00 65 00 6e 00 74 .....R.e.c.e.n.t
00 20 00 50 00 6c 00 61 00 63 00 65 00 73 00 00 . .P.l.a.c.e.s..
00 2d 00 00 00 04 00 00 00 00 1f 00 00 00 0e 00 .-..............
00 00 53 00 79 00 73 00 74 00 65 00 6d 00 20 00 ..S.y.s.t.e.m. .
46 00 6f 00 6c 00 64 00 65 00 72 00 00 00 00 00 F.o.l.d.e.r.....
00 00 81 00 00 00 31 53 50 53 a6 6a 63 28 3d 95 ......1SPS.jc(=.
d2 11 b5 d6 00 c0 4f d9 18 d0 65 00 00 00 1e 00 ......O...e.....
00 00 00 1f 00 00 00 29 00 00 00 3a 00 3a 00 7b .......)...:.:.{
00 32 00 32 00 38 00 37 00 37 00 41 00 36 00 44 .2.2.8.7.7.A.6.D
00 2d 00 33 00 37 00 41 00 31 00 2d 00 34 00 36 .-.3.7.A.1.-.4.6
00 31 00 41 00 2d 00 39 00 31 00 42 00 30 00 2d .1.A.-.9.1.B.0.-
00 44 00 42 00 44 00 41 00 35 00 41 00 41 00 45 .D.B.D.A.5.A.A.E
00 42 00 43 00 39 00 39 00 7d 00 00 00 00 00 00 .B.C.9.9.}......
00 00 00 00 00 00 00 00 00 00 00                ...........     
0x3aa4d920	FILE	83558	DATA	Desktop.lnk	
4c 00 00 00 01 14 02 00 00 00 00 00 c0 00 00 00 L...............
00 00 00 46 8b 00 08 00 11 00 00 00 a4 55 30 f1 ...F.........U0.
c8 79 d2 01 16 68 a3 03 c9 79 d2 01 8e d6 9f 07 .y...h...y......
c9 79 d2 01 00 00 00 00 00 00 00 00 01 00 00 00 .y..............
00 00 00 00 00 00 00 00 00 00 00 00 02 00 00 00 ................
47 00 00 00 1c 00 00 00 01 00 00 00 1c 00 00 00 G...............
2d 00 00 00 00 00 00 00 46 00 00 00 11 00 00 00 -.......F.......
03 00 00 00 db 0a 8e 62 10 00 00 00 00 43 3a 5c .......b.....C:\
55 73 65 72 73 5c 55 4d 44 43 53 45 43 5c 44 65 Users\UMDCSEC\De
73 6b 74 6f 70 00 00 0a 00 2e 00 2e 00 5c 00 44 sktop........\.D
00 65 00 73 00 6b 00 74 00 6f 00 70 00 aa 00 00 .e.s.k.t.o.p....
00 09 00 00 a0 3d 00 00 00 31 53 50 53 30 f1 25 .....=...1SPS0.%
b7 ef 47 1a 10 a5 f1 02 60 8c 9e eb ac 21 00 00 ..G.....`....!..
00 0a 00 00 00 00 1f 00 00 00 08 00 00 00 44 00 ..............D.
65 00 73 00 6b 00 74 00 6f 00 70 00 00 00 00 00 e.s.k.t.o.p.....
00 00 61 00 00 00 31 53 50 53 a6 6a 63 28 3d 95 ..a...1SPS.jc(=.
d2 11 b5 d6 00 c0 4f d9 18 d0 45 00 00 00 1e 00 ......O...E.....
00 00 00 1f 00 00 00 19 00 00 00 43 00 3a 00 5c ...........C.:.\
00 55 00 73 00 65 00 72 00 73 00 5c 00 55 00 4d .U.s.e.r.s.\.U.M
00 44 00 43 00 53 00 45 00 43 00 5c 00 44 00 65 .D.C.S.E.C.\.D.e
00 73 00 6b 00 74 00 6f 00 70 00 00 00 00 00 00 .s.k.t.o.p......
00 00 00 00 00 00 00 60 00 00 00 03 00 00 a0 58 .......`.......X
00 00 00 00 00 00 00 75 6d 64 63 73 65 63 2d 70 .......umdcsec-p
63 00 00 00 00 00 00 94 ae d3 32 6c b6 53 4b 93 c.........2l.SK.
30 87 79 29 de af b5 79 0b fd 22 bc e5 e6 11 aa 0.y)...y..".....
3e 08 00 27 c9 b2 74 94 ae d3 32 6c b6 53 4b 93 >..'..t...2l.SK.
30 87 79 29 de af b5 79 0b fd 22 bc e5 e6 11 aa 0.y)...y..".....
3e 08 00 27 c9 b2 74 00 00 00 00                >..'..t....     
0x3b0451a8	FILE	83560	DATA	Documents.mydocs	-
0x3b341200	FILE	83956	DATA	64DCC9872C5635B1B7891B30665E0558_5552C20A2631357820903FD38A8C0F9F	
70 00 00 00 01 01 02 20 01 00 00 00 22 01 00 00 p...... ...."...
ff 64 0f d2 c9 79 d2 01 28 00 00 00 03 00 00 00 .d...y..(.......
32 00 00 00 00 00 00 00 00 be 1c b2 48 79 d2 01 2...........Hy..
00 be c3 5b 6d 7c d2 01 00 00 00 00 00 00 00 00 ...[m|..........
10 00 00 00 00 00 00 00 00 be c3 5b 6d 7c d2 01 ...........[m|..
20 00 00 00 00 00 00 00 00 c6 f2 9a 72 79 d2 01  ...........ry..
11 b2 04 00 00 00 00 00 00 00 00 00 00 00 00 00 ................
38 01 00 00 68 00 74 00 74 00 70 00 3a 00 2f 00 8...h.t.t.p.:./.
2f 00 6f 00 63 00 73 00 70 00 2e 00 63 00 6f 00 /.o.c.s.p...c.o.
6d 00 6f 00 64 00 6f 00 63 00 61 00 34 00 2e 00 m.o.d.o.c.a.4...
63 00 6f 00 6d 00 2f 00 4d 00 46 00 45 00 77 00 c.o.m./.M.F.E.w.
54 00 7a 00 42 00 4e 00 4d 00 45 00 73 00 77 00 T.z.B.N.M.E.s.w.
53 00 54 00 41 00 4a 00 42 00 67 00 55 00 72 00 S.T.A.J.B.g.U.r.
44 00 67 00 4d 00 43 00 47 00 67 00 55 00 41 00 D.g.M.C.G.g.U.A.
42 00 42 00 54 00 72 00 4a 00 64 00 69 00 51 00 B.B.T.r.J.d.i.Q.
25 00 32 00 46 00 69 00 63 00 67 00 39 00 42 00 %.2.F.i.c.g.9.B.
31 00 39 00 61 00 73 00 46 00 65 00 37 00 33 00 1.9.a.s.F.e.7.3.
62 00 50 00 59 00 73 00 25 00 32 00 42 00 72 00 b.P.Y.s.%.2.B.r.
65 00 41 00 51 00 55 00 64 00 58 00 47 00 6e 00 e.A.Q.U.d.X.G.n.
47 00 55 00 67 00 5a 00 76 00 4a 00 32 00 64 00 G.U.g.Z.v.J.2.d.
36 00 6b 00 46 00 48 00 33 00 35 00 54 00 45 00 6.k.F.H.3.5.T.E.
53 00 48 00 65 00 5a 00 30 00 33 00 6b 00 43 00 S.H.e.Z.0.3.k.C.
45 00 46 00 73 00 6c 00 7a 00 6d 00 6b 00 48 00 E.F.s.l.z.m.k.H.
78 00 43 00 5a 00 56 00 5a 00 74 00 4d 00 35 00 x.C.Z.V.Z.t.M.5.
44 00 4a 00 6d 00 70 00 56 00 4b 00 30 00 25 00 D.J.m.p.V.K.0.%.
33 00 44 00 00 00                               3.D...          
0x3b341600	FILE	83957	DATA	64DCC9872C5635B1B7891B30665E0558_5552C20A2631357820903FD38A8C0F9F	
30 82 01 34 0a 01 00 a0 82 01 2d 30 82 01 29 06 0..4......-0..).
09 2b 06 01 05 05 07 30 01 01 04 82 01 1a 30 82 .+.....0......0.
01 16 30 81 9e a2 16 04 14 75 71 a7 19 48 19 bc ..0......uq..H..
9d 9d ea 41 47 df 94 c4 48 77 99 d3 79 18 0f 32 ...AG...Hw..y..2
30 31 37 30 31 32 38 30 39 32 37 30 38 5a 30 73 0170128092708Z0s
30 71 30 49 30 09 06 05 2b 0e 03 02 1a 05 00 04 0q0I0...+.......
14 eb 25 d8 90 fe 27 20 f4 1d 7d 6a c1 5e ef 76 ..%...' ..}j.^.v
cf 62 cf ab 78 04 14 75 71 a7 19 48 19 bc 9d 9d .b..x..uq..H....
ea 41 47 df 94 c4 48 77 99 d3 79 02 10 5b 25 ce .AG...Hw..y..[%.
69 07 c4 26 55 66 d3 39 0c 99 a9 54 ad 80 00 18 i..&Uf.9...T....
0f 32 30 31 37 30 31 32 38 30 39 32 37 30 38 5a .20170128092708Z
a0 11 18 0f 32 30 31 37 30 32 30 31 30 39 32 37 ....201702010927
30 38 5a 30 0a 06 08 2a 86 48 ce 3d 04 03 03 03 08Z0...*.H.=....
67 00 30 64 02 30 35 b9 00 e5 1c 3e 18 cf 81 c8 g.0d.05....>....
3a df 48 f2 53 ef 1e c5 99 7f 21 41 49 b1 98 f7 :.H.S.....!AI...
93 31 4c 98 df 0d ed f6 de 29 0b ba 98 61 4d 06 .1L......)...aM.
e2 e7 85 ab 48 b4 02 30 29 06 61 7a 7e a1 4b e4 ....H..0).az~.K.
56 7b 6a 85 3e 60 ee 90 dc 6c a4 7d 2e c1 24 ba V{j.>`...l.}..$.
42 78 95 48 cd ca c5 00 cb 49 e3 32 a5 63 2c 0e Bx.H.....I.2.c,.
52 2e 4c 8c c2 9f 42 23                         R.L...B#        
0x3b3419a0	FILE	83958	DATA	container.dat	-
0x3b6529a8	FILE	45054	DATA	Window Switcher.lnk	
4c 00 00 00 01 14 02 00 00 00 00 00 c0 00 00 00 L...............
00 00 00 46 c5 01 00 00 00 00 00 00 00 00 00 00 ...F............
00 00 00 00 00 00 00 00 00 00 00 00 00 00 00 00 ................
00 00 00 00 00 00 00 00 fe fe ff ff 01 00 00 00 ................
00 00 00 00 00 00 00 00 00 00 00 00 16 00 14 00 ................
1f 80 0e f9 80 30 ad d7 d9 11 bd 98 00 00 94 7b .....0.........{
02 57 00 00 29 00 40 00 25 00 53 00 79 00 73 00 .W..).@.%.S.y.s.
74 00 65 00 6d 00 52 00 6f 00 6f 00 74 00 25 00 t.e.m.R.o.o.t.%.
5c 00 73 00 79 00 73 00 74 00 65 00 6d 00 33 00 \.s.y.s.t.e.m.3.
32 00 5c 00 73 00 68 00 65 00 6c 00 6c 00 33 00 2.\.s.h.e.l.l.3.
32 00 2e 00 64 00 6c 00 6c 00 2c 00 2d 00 31 00 2...d.l.l.,.-.1.
30 00 31 00 31 00 34 00 15 00 25 00 77 00 69 00 0.1.1.4...%.w.i.
6e 00 64 00 69 00 72 00 25 00 5c 00 65 00 78 00 n.d.i.r.%.\.e.x.
70 00 6c 00 6f 00 72 00 65 00 72 00 2e 00 65 00 p.l.o.r.e.r...e.
78 00 65 00 28 00 00 00 09 00 00 a0 1c 00 00 00 x.e.(...........
31 53 50 53 e2 8a 58 46 bc 4c 38 43 bb fc 13 93 1SPS..XF.L8C....
26 98 6d ce 00 00 00 00 00 00 00 00 00 00 00 00 &.m.............
0x3b7d71a8	FILE	26032	DATA	dfsvc.exe.config	
3c 63 6f 6e 66 69 67 75 72 61 74 69 6f 6e 3e 0d <configuration>.
0a 20 20 20 20 3c 73 74 61 72 74 75 70 20 75 73 .    <startup us
65 4c 65 67 61 63 79 56 32 52 75 6e 74 69 6d 65 eLegacyV2Runtime
41 63 74 69 76 61 74 69 6f 6e 50 6f 6c 69 63 79 ActivationPolicy
3d 22 66 61 6c 73 65 22 3e 0d 0a 20 20 20 20 20 ="false">..     
20 20 20 3c 73 75 70 70 6f 72 74 65 64 52 75 6e    <supportedRun
74 69 6d 65 20 76 65 72 73 69 6f 6e 3d 22 76 34 time version="v4
2e 30 22 20 73 6b 75 3d 22 63 6c 69 65 6e 74 22 .0" sku="client"
20 2f 3e 0d 0a 20 20 20 20 3c 2f 73 74 61 72 74  />..    </start
75 70 3e 0d 0a 3c 2f 63 6f 6e 66 69 67 75 72 61 up>..</configura
74 69 6f 6e 3e 0d 0a                            tion>..         
0x3b8dd120	FILE	79968	DATA	NOISE.THA	
61 62 6f 75 74 0d 0a 31 0d 0a 61 66 74 65 72 0d about..1..after.
0a 32 0d 0a 61 6c 6c 0d 0a 61 6c 73 6f 0d 0a 33 .2..all..also..3
0d 0a 61 6e 0d 0a 34 0d 0a 61 6e 64 0d 0a 35 0d ..an..4..and..5.
0a 61 6e 6f 74 68 65 72 0d 0a 36 0d 0a 61 6e 79 .another..6..any
0d 0a 37 0d 0a 61 72 65 0d 0a 38 0d 0a 61 73 0d ..7..are..8..as.
0a 39 0d 0a 61 74 0d 0a 30 0d 0a 62 65 0d 0a 24 .9..at..0..be..$
0d 0a 62 65 63 61 75 73 65 0d 0a 62 65 65 6e 0d ..because..been.
0a 62 65 66 6f 72 65 0d 0a 62 65 69 6e 67 0d 0a .before..being..
62 65 74 77 65 65 6e 0d 0a 62 6f 74 68 0d 0a 62 between..both..b
75 74 0d 0a 62 79 0d 0a 63 61 6d 65 0d 0a 63 61 ut..by..came..ca
6e 0d 0a 63 6f 6d 65 0d 0a 63 6f 75 6c 64 0d 0a n..come..could..
64 69 64 0d 0a 64 6f 0d 0a 65 61 63 68 0d 0a 66 did..do..each..f
6f 72 0d 0a 66 72 6f 6d 0d 0a 67 65 74 0d 0a 67 or..from..get..g
6f 74 0d 0a 68 61 73 0d 0a 68 61 64 0d 0a 68 65 ot..has..had..he
0d 0a 68 61 76 65 0d 0a 68 65 72 0d 0a 68 65 72 ..have..her..her
65 0d 0a 68 69 6d 0d 0a 68 69 6d 73 65 6c 66 0d e..him..himself.
0a 68 69 73 0d 0a 68 6f 77 0d 0a 69 66 0d 0a 69 .his..how..if..i
6e 0d 0a 69 6e 74 6f 0d 0a 69 73 0d 0a 69 74 0d n..into..is..it.
0a 6c 69 6b 65 0d 0a 6d 61 6b 65 0d 0a 6d 61 6e .like..make..man
79 0d 0a 6d 65 0d 0a 6d 69 67 68 74 0d 0a 6d 6f y..me..might..mo
72 65 0d 0a 6d 6f 73 74 0d 0a 6d 75 63 68 0d 0a re..most..much..
6d 75 73 74 0d 0a 6d 79 0d 0a 6e 65 76 65 72 0d must..my..never.
0a 6e 6f 77 0d 0a 6f 66 0d 0a 6f 6e 0d 0a 6f 6e .now..of..on..on
6c 79 0d 0a 6f 72 0d 0a 6f 74 68 65 72 0d 0a 6f ly..or..other..o
75 72 0d 0a 6f 75 74 0d 0a 6f 76 65 72 0d 0a 73 ur..out..over..s
61 69 64 0d 0a 73 61 6d 65 0d 0a 73 65 65 0d 0a aid..same..see..
73 68 6f 75 6c 64 0d 0a 73 69 6e 63 65 0d 0a 73 should..since..s
6f 6d 65 0d 0a 73 74 69 6c 6c 0d 0a 73 75 63 68 ome..still..such
0d 0a 74 61 6b 65 0d 0a 74 68 61 6e 0d 0a 74 68 ..take..than..th
61 74 0d 0a 74 68 65 0d 0a 74 68 65 69 72 0d 0a at..the..their..
74 68 65 6d 0d 0a 74 68 65 6e 0d 0a 74 68 65 72 them..then..ther
65 0d 0a 74 68 65 73 65 0d 0a 74 68 65 79 0d 0a e..these..they..
74 68 69 73 0d 0a 74 68 6f 73 65 0d 0a 74 68 72 this..those..thr
6f 75 67 68 0d 0a 74 6f 0d 0a 74 6f 6f 0d 0a 75 ough..to..too..u
6e 64 65 72 0d 0a 75 70 0d 0a 76 65 72 79 0d 0a nder..up..very..
77 61 73 0d 0a 77 61 79 0d 0a 77 65 0d 0a 77 65 was..way..we..we
6c 6c 0d 0a 77 65 72 65 0d 0a 77 68 61 74 0d 0a ll..were..what..
77 68 65 72 65 0d 0a 77 68 69 63 68 0d 0a 77 68 where..which..wh
69 6c 65 0d 0a 77 68 6f 0d 0a 77 69 74 68 0d 0a ile..who..with..
77 6f 75 6c 64 0d 0a 79 6f 75 0d 0a 79 6f 75 72 would..you..your
0d 0a 61 20 62 20 63 20 64 20 65 20 66 20 67 20 ..a b c d e f g 
68 20 69 20 6a 20 6b 20 6c 20 6d 20 6e 20 6f 20 h i j k l m n o 
70 20 71 20 72 20 73 20 74 20 75 20 76 20 77 20 p q r s t u v w 
78 20 79 20 7a 0d 0a 0d 0a                      x y z....       
0x3b9f0e00	FILE	83999	DATA	EDC238BFF48A31D55A97E1E93892934B_C20E0DA2D0F89FE526E1490F4A2EE5AB	
70 00 00 00 01 01 02 20 01 00 00 00 18 01 00 00 p...... ........
ff 64 0f d2 c9 79 d2 01 28 00 00 00 03 00 00 00 .d...y..(.......
32 00 00 00 00 00 00 00 00 30 4f b4 e8 78 d2 01 2........0O..x..
00 70 33 dd 68 7e d2 01 00 00 00 00 00 00 00 00 .p3.h~..........
10 00 00 00 00 00 00 00 00 70 33 dd 68 7e d2 01 .........p3.h~..
20 00 00 00 00 00 00 00 00 b1 7f 31 8c 79 d2 01  ..........1.y..
00 a3 02 00 1e 00 00 00 00 00 00 00 00 00 00 00 ................
d7 01 00 00 68 00 74 00 74 00 70 00 3a 00 2f 00 ....h.t.t.p.:./.
2f 00 6f 00 63 00 73 00 70 00 2e 00 64 00 69 00 /.o.c.s.p...d.i.
67 00 69 00 63 00 65 00 72 00 74 00 2e 00 63 00 g.i.c.e.r.t...c.
6f 00 6d 00 2f 00 4d 00 46 00 45 00 77 00 54 00 o.m./.M.F.E.w.T.
7a 00 42 00 4e 00 4d 00 45 00 73 00 77 00 53 00 z.B.N.M.E.s.w.S.
54 00 41 00 4a 00 42 00 67 00 55 00 72 00 44 00 T.A.J.B.g.U.r.D.
67 00 4d 00 43 00 47 00 67 00 55 00 41 00 42 00 g.M.C.G.g.U.A.B.
42 00 54 00 66 00 71 00 68 00 4c 00 6a 00 4b 00 B.T.f.q.h.L.j.K.
4c 00 45 00 4a 00 51 00 5a 00 50 00 69 00 6e 00 L.E.J.Q.Z.P.i.n.
30 00 4b 00 43 00 7a 00 6b 00 64 00 41 00 51 00 0.K.C.z.k.d.A.Q.
70 00 56 00 59 00 6f 00 77 00 51 00 55 00 73 00 p.V.Y.o.w.Q.U.s.
54 00 37 00 44 00 61 00 51 00 50 00 34 00 76 00 T.7.D.a.Q.P.4.v.
30 00 63 00 42 00 31 00 4a 00 67 00 6d 00 47 00 0.c.B.1.J.g.m.G.
67 00 67 00 43 00 37 00 32 00 4e 00 6b 00 4b 00 g.g.C.7.2.N.k.K.
38 00 4d 00 43 00 45 00 41 00 54 00 68 00 35 00 8.M.C.E.A.T.h.5.
36 00 54 00 63 00 58 00 50 00 4c 00 7a 00 62 00 6.T.c.X.P.L.z.b.
63 00 41 00 72 00 51 00 72 00 68 00 64 00 46 00 c.A.r.Q.r.h.d.F.
5a 00 38 00 25 00 33 00 44 00 00 00 22 00 35 00 Z.8.%.3.D...".5.
38 00 38 00 63 00 64 00 35 00 32 00 61 00 2d 00 8.8.c.d.5.2.a.-.
31 00 64 00 37 00 22 00 00 00                   1.d.7."...      
0x3bb6b120	FILE	83456	DATA	Bears.htm	
3c 48 54 4d 4c 3e 3c 48 45 41 44 3e 3c 53 54 59 <HTML><HEAD><STY
4c 45 3e 42 4f 44 59 20 7b 66 6f 6e 74 2d 66 61 LE>BODY {font-fa
6d 69 6c 79 3a 20 54 61 68 6f 6d 61 3b 66 6f 6e mily: Tahoma;fon
74 2d 73 69 7a 65 3a 20 31 31 70 74 3b 63 6f 6c t-size: 11pt;col
6f 72 3a 20 34 62 33 30 30 38 3b 6d 61 72 67 69 or: 4b3008;margi
6e 2d 6c 65 66 74 3a 20 32 35 20 70 78 3b 6d 61 n-left: 25 px;ma
72 67 69 6e 2d 74 6f 70 3a 20 37 35 20 70 78 3b rgin-top: 75 px;
62 61 63 6b 67 72 6f 75 6e 64 2d 70 6f 73 69 74 background-posit
69 6f 6e 3a 20 74 6f 70 20 6c 65 66 74 3b 62 61 ion: top left;ba
63 6b 67 72 6f 75 6e 64 2d 72 65 70 65 61 74 3a ckground-repeat:
20 72 65 70 65 61 74 2d 78 3b 7d 3c 2f 53 54 59  repeat-x;}</STY
4c 45 3e 3c 2f 48 45 41 44 3e 20 3c 42 4f 44 59 LE></HEAD> <BODY
20 62 61 63 6b 67 72 6f 75 6e 64 3d 22 42 65 61  background="Bea
72 73 2e 6a 70 67 22 3e 3c 42 4f 44 59 20 62 67 rs.jpg"><BODY bg
63 6f 6c 6f 72 3d 22 66 66 66 66 66 66 22 3e 3c color="ffffff"><
2f 42 4f 44 59 3e 20 3c 2f 48 54 4d 4c 3e 20    /BODY> </HTML>  
0x3bbd6da0	FILE	45039	DATA	Solitaire.lnk	
4c 00 00 00 01 14 02 00 00 00 00 00 c0 00 00 00 L...............
00 00 00 46 c5 01 00 00 00 00 00 00 00 00 00 00 ...F............
00 00 00 00 00 00 00 00 00 00 00 00 00 00 00 00 ................
00 00 00 00 00 00 00 00 00 00 00 00 01 00 00 00 ................
00 00 00 00 00 00 00 00 00 00 00 00 36 00 14 00 ............6...
1f 80 df 8f 22 ed a8 9e 70 48 83 b1 96 b0 2c fe ...."...pH....,.
0d 52 20 00 00 00 47 46 53 49 2b 86 d8 00 53 64 .R ...GFSI+...Sd
57 49 a8 21 3d 98 d7 4c 76 be 00 00 00 00 00 00 WI.!=..Lv.......
00 00 00 00 28 00 40 00 25 00 53 00 79 00 73 00 ....(.@.%.S.y.s.
74 00 65 00 6d 00 52 00 6f 00 6f 00 74 00 25 00 t.e.m.R.o.o.t.%.
5c 00 73 00 79 00 73 00 74 00 65 00 6d 00 33 00 \.s.y.s.t.e.m.3.
32 00 5c 00 67 00 61 00 6d 00 65 00 75 00 78 00 2.\.g.a.m.e.u.x.
2e 00 64 00 6c 00 6c 00 2c 00 2d 00 31 00 30 00 ..d.l.l.,.-.1.0.
33 00 30 00 39 00 36 00 25 00 50 00 72 00 6f 00 3.0.9.6.%.P.r.o.
67 00 72 00 61 00 6d 00 46 00 69 00 6c 00 65 00 g.r.a.m.F.i.l.e.
73 00 25 00 5c 00 4d 00 69 00 63 00 72 00 6f 00 s.%.\.M.i.c.r.o.
73 00 6f 00 66 00 74 00 20 00 47 00 61 00 6d 00 s.o.f.t. .G.a.m.
65 00 73 00 5c 00 53 00 6f 00 6c 00 69 00 74 00 e.s.\.S.o.l.i.t.
61 00 69 00 72 00 65 00 5c 00 53 00 6f 00 6c 00 a.i.r.e.\.S.o.l.
69 00 74 00 61 00 69 00 72 00 65 00 2e 00 65 00 i.t.a.i.r.e...e.
78 00 65 00 28 00 00 00 09 00 00 a0 1c 00 00 00 x.e.(...........
31 53 50 53 e2 8a 58 46 bc 4c 38 43 bb fc 13 93 1SPS..XF.L8C....
26 98 6d ce 00 00 00 00 00 00 00 00 00 00 00 00 &.m.............
0x3bcf11a0	FILE	608	DATA	container.dat	-
0x3bee3120	FILE	25888	DATA	login.cmd	
40 65 63 68 6f 20 6f 66 66 0d 0a 72 65 6d 0d 0a @echo off..rem..
72 65 6d 20 20 44 65 66 61 75 6c 74 20 67 6c 6f rem  Default glo
62 61 6c 20 6c 6f 67 69 6e 20 73 63 72 69 70 74 bal login script
20 66 6f 72 20 74 68 65 20 54 65 6c 6e 65 74 20  for the Telnet 
53 65 72 76 65 72 0d 0a 72 65 6d 0d 0a 72 65 6d Server..rem..rem
20 20 49 6e 20 74 68 65 20 64 65 66 61 75 6c 74   In the default
20 73 65 74 75 70 2c 20 74 68 69 73 20 63 6f 6d  setup, this com
6d 61 6e 64 20 73 63 72 69 70 74 20 69 73 20 65 mand script is e
78 65 63 75 74 65 64 20 77 68 65 6e 20 74 68 65 xecuted when the
0d 0a 72 65 6d 20 20 69 6e 69 74 69 61 6c 20 63 ..rem  initial c
6f 6d 6d 61 6e 64 20 73 68 65 6c 6c 20 69 73 20 ommand shell is 
69 6e 76 6f 6b 65 64 2e 20 20 49 74 2c 20 69 6e invoked.  It, in
20 74 75 72 6e 2c 20 77 69 6c 6c 20 74 72 79 20  turn, will try 
74 6f 20 69 6e 76 6f 6b 65 0d 0a 72 65 6d 20 20 to invoke..rem  
74 68 65 20 69 6e 64 69 76 69 64 75 61 6c 20 75 the individual u
73 65 72 27 73 20 6c 6f 67 69 6e 20 73 63 72 69 ser's login scri
70 74 2e 0d 0a 72 65 6d 0d 0a 0d 0a 65 63 68 6f pt...rem....echo
20 2a 3d 3d 3d 3d 3d 3d 3d 3d 3d 3d 3d 3d 3d 3d  *==============
3d 3d 3d 3d 3d 3d 3d 3d 3d 3d 3d 3d 3d 3d 3d 3d ================
3d 3d 3d 3d 3d 3d 3d 3d 3d 3d 3d 3d 3d 3d 3d 3d ================
3d 3d 3d 3d 3d 3d 3d 3d 3d 3d 3d 3d 3d 3d 3d 3d ================
3d 0d 0a 65 63 68 6f 20 4d 69 63 72 6f 73 6f 66 =..echo Microsof
74 20 54 65 6c 6e 65 74 20 53 65 72 76 65 72 2e t Telnet Server.
0d 0a 65 63 68 6f 20 2a 3d 3d 3d 3d 3d 3d 3d 3d ..echo *========
3d 3d 3d 3d 3d 3d 3d 3d 3d 3d 3d 3d 3d 3d 3d 3d ================
3d 3d 3d 3d 3d 3d 3d 3d 3d 3d 3d 3d 3d 3d 3d 3d ================
3d 3d 3d 3d 3d 3d 3d 3d 3d 3d 3d 3d 3d 3d 3d 3d ================
3d 3d 3d 3d 3d 3d 3d 0d 0a 0d 0a 63 64 20 2f 64 =======....cd /d
20 25 48 4f 4d 45 44 52 49 56 45 25 5c 25 48 4f  %HOMEDRIVE%\%HO
4d 45 50 41 54 48 25 20 0d 0a 0d 0a             MEPATH% ....    
0x3bee3e70	FILE	25891	DATA	winrm.cmd	
40 63 73 63 72 69 70 74 20 2f 2f 6e 6f 6c 6f 67 @cscript //nolog
6f 20 22 25 7e 64 70 6e 30 2e 76 62 73 22 20 25 o "%~dpn0.vbs" %
2a 0d 0a                                        *..             
0x3bee7920	FILE	83454	DATA	oeold.xml	
ff fe 3c 00 3f 00 78 00 6d 00 6c 00 20 00 76 00 ..<.?.x.m.l. .v.
65 00 72 00 73 00 69 00 6f 00 6e 00 3d 00 22 00 e.r.s.i.o.n.=.".
31 00 2e 00 30 00 22 00 20 00 65 00 6e 00 63 00 1...0.". .e.n.c.
6f 00 64 00 69 00 6e 00 67 00 3d 00 22 00 55 00 o.d.i.n.g.=.".U.
54 00 46 00 2d 00 31 00 36 00 22 00 3f 00 3e 00 T.F.-.1.6.".?.>.
0d 00 0a 00 3c 00 69 00 64 00 65 00 6e 00 74 00 ....<.i.d.e.n.t.
69 00 74 00 69 00 65 00 73 00 3e 00 0d 00 0a 00 i.t.i.e.s.>.....
3c 00 6c 00 61 00 73 00 74 00 4e 00 65 00 77 00 <.l.a.s.t.N.e.w.
49 00 64 00 65 00 6e 00 74 00 54 00 69 00 6d 00 I.d.e.n.t.T.i.m.
65 00 3e 00 32 00 30 00 31 00 37 00 2d 00 20 00 e.>.2.0.1.7.-. .
31 00 2d 00 32 00 39 00 54 00 20 00 30 00 3a 00 1.-.2.9.T. .0.:.
34 00 35 00 3a 00 33 00 37 00 5a 00 3c 00 2f 00 4.5.:.3.7.Z.<./.
6c 00 61 00 73 00 74 00 4e 00 65 00 77 00 49 00 l.a.s.t.N.e.w.I.
64 00 65 00 6e 00 74 00 54 00 69 00 6d 00 65 00 d.e.n.t.T.i.m.e.
3e 00 0d 00 0a 00 3c 00 2f 00 69 00 64 00 65 00 >.....<./.i.d.e.
6e 00 74 00 69 00 74 00 69 00 65 00 73 00 3e 00 n.t.i.t.i.e.s.>.
0d 00 0a 00                                     ....            
0x3bfef928	FILE	83590	DATA	counters.dat	
00 00 00 00 11 00 00 00 06 00 00 00 00 00 00 00 ................
00 00 00 00 00 00 00 00 00 00 00 00 00 00 00 00 ................
00 00 00 00 00 00 00 00 00 00 00 00 00 00 00 00 ................
00 00 00 00 00 00 00 00 00 00 00 00 00 00 00 00 ................
00 00 00 00 00 00 00 00 00 00 00 00 00 00 00 00 ................
00 00 00 00 00 00 00 00 00 00 00 00 00 00 00 00 ................
00 00 00 00 00 00 00 00 00 00 00 00 00 00 00 00 ................
00 00 00 00 00 00 00 00 00 00 00 00 00 00 00 00 ................
0x3c06d5b0	FILE	40509	DATA	deselectedTab_1x1.gif	
47 49 46 38 39 61 01 00 01 00 a2 00 00 00 00 00 GIF89a..........
ff ff ff 66 99 cc 21 61 7f ff e1 7c ff ff ff 00 ...f..!a...|....
00 00 00 00 00 21 f9 04 01 00 00 05 00 2c 00 00 .....!.......,..
00 00 01 00 01 00 00 03 02 28 09 00 3b          .........(..;   
0x3c06d9b0	FILE	40510	DATA	deselectedTab_1x1.gif	
47 49 46 38 39 61 01 00 01 00 a2 00 00 00 00 00 GIF89a..........
ff ff ff 66 99 cc 21 61 7f ff e1 7c ff ff ff 00 ...f..!a...|....
00 00 00 00 00 21 f9 04 01 00 00 05 00 2c 00 00 .....!.......,..
00 00 01 00 01 00 00 03 02 28 09 00 3b          .........(..;   
0x3c06ddb0	FILE	40511	DATA	deselectedTab_1x1.gif	
47 49 46 38 39 61 01 00 01 00 a2 00 00 00 00 00 GIF89a..........
ff ff ff 66 99 cc 21 61 7f ff e1 7c ff ff ff 00 ...f..!a...|....
00 00 00 00 00 21 f9 04 01 00 00 05 00 2c 00 00 .....!.......,..
00 00 01 00 01 00 00 03 02 28 09 00 3b          .........(..;   
0x3c073d18	FILE	45031	DATA	Run.lnk	
4c 00 00 00 01 14 02 00 00 00 00 00 c0 00 00 00 L...............
00 00 00 46 c5 01 00 00 00 00 00 00 00 00 00 00 ...F............
00 00 00 00 00 00 00 00 00 00 00 00 00 00 00 00 ................
00 00 00 00 00 00 00 00 e7 ff ff ff 01 00 00 00 ................
00 00 00 00 00 00 00 00 00 00 00 00 16 00 14 00 ................
1f 80 f3 a1 59 25 d7 21 d4 11 bd af 00 c0 4f 60 ....Y%.!......O`
b9 f0 00 00 1c 00 40 00 25 00 77 00 69 00 6e 00 ......@.%.w.i.n.
64 00 69 00 72 00 25 00 5c 00 65 00 78 00 70 00 d.i.r.%.\.e.x.p.
6c 00 6f 00 72 00 65 00 72 00 2e 00 65 00 78 00 l.o.r.e.r...e.x.
65 00 2c 00 2d 00 37 00 30 00 30 00 33 00 1d 00 e.,.-.7.0.0.3...
25 00 77 00 69 00 6e 00 64 00 69 00 72 00 25 00 %.w.i.n.d.i.r.%.
5c 00 73 00 79 00 73 00 74 00 65 00 6d 00 33 00 \.s.y.s.t.e.m.3.
32 00 5c 00 73 00 68 00 65 00 6c 00 6c 00 33 00 2.\.s.h.e.l.l.3.
32 00 2e 00 64 00 6c 00 6c 00 28 00 00 00 09 00 2...d.l.l.(.....
00 a0 1c 00 00 00 31 53 50 53 e2 8a 58 46 bc 4c ......1SPS..XF.L
38 43 bb fc 13 93 26 98 6d ce 00 00 00 00 00 00 8C....&.m.......
00 00 00 00 00 00                               ......          
0x3c168dc8	FILE	45071	DATA	System.AddIn.Contract.ni.dll.aux	
05 00 00 00 14 01 00 00 0b 00 00 00 98 00 00 00 ................
0d 00 00 00 5c 00 00 00 53 79 73 74 65 6d 2e 41 ....\...System.A
64 64 49 6e 2e 43 6f 6e 74 72 61 63 74 2c 20 56 ddIn.Contract, V
65 72 73 69 6f 6e 3d 34 2e 30 2e 30 2e 30 2c 20 ersion=4.0.0.0, 
43 75 6c 74 75 72 65 3d 6e 65 75 74 72 61 6c 2c Culture=neutral,
20 50 75 62 6c 69 63 4b 65 79 54 6f 6b 65 6e 3d  PublicKeyToken=
62 30 33 66 35 66 37 66 31 31 64 35 30 61 33 61 b03f5f7f11d50a3a
00 cc cc cc 07 00 00 00 04 00 00 00 09 11 00 00 ................
02 00 00 00 08 00 00 00 00 e0 13 4a ba 62 d0 01 ...........J.b..
09 00 00 00 10 00 00 00 cd fa e0 80 cf dd 77 4f ..............wO
a4 8d 8b a2 dd 06 78 31 04 00 00 00 6c 00 00 00 ......x1....l...
01 00 00 00 4c 00 00 00 6d 73 63 6f 72 6c 69 62 ....L...mscorlib
2c 20 56 65 72 73 69 6f 6e 3d 34 2e 30 2e 30 2e , Version=4.0.0.
30 2c 20 43 75 6c 74 75 72 65 3d 6e 65 75 74 72 0, Culture=neutr
61 6c 2c 20 50 75 62 6c 69 63 4b 65 79 54 6f 6b al, PublicKeyTok
65 6e 3d 62 37 37 61 35 63 35 36 31 39 33 34 65 en=b77a5c561934e
30 38 39 00 03 00 00 00 10 00 00 00 de 5a 0a 24 089..........Z.$
05 89 c6 33 5b 2d aa 38 e9 f2 d2 e4             ...3[-.8....    
0x3c3a0858	FILE	520	DATA	MpIdleTask	-
0x3c3a0b80	FILE	520	DATA	MpIdleTask	-
0x3c705e88	FILE	571	DATA	TMP000000069B837210FFAA6383	-
0x3cae85b0	FILE	83665	DATA	FXSAPIDebugLogFile.txt	-
0x3cb7d1c0	FILE	40568	DATA	unSelectedTab_rightCorner.gif	
47 49 46 38 39 61 04 00 03 00 a2 00 00 00 00 00 GIF89a..........
ff ff ff 66 99 cc 9e bf df a1 c0 e0 ff ff ff 00 ...f............
00 00 00 00 00 21 f9 04 01 00 00 05 00 2c 00 00 .....!.......,..
00 00 04 00 03 00 00 03 06 28 3a 55 da 2e 01 00 .........(:U....
3b                                              ;               
0x3cb7d5b8	FILE	40569	DATA	selectedTab_rightCorner.gif	
47 49 46 38 39 61 04 00 03 00 a2 00 00 00 00 00 GIF89a..........
ff ff ff 66 99 cc 9e bf df a1 c0 e0 ff ff ff 00 ...f............
00 00 00 00 00 21 f9 04 01 00 00 05 00 2c 00 00 .....!.......,..
00 00 04 00 03 00 00 03 06 28 3a 55 da 2e 01 00 .........(:U....
3b                                              ;               
0x3eceb9b8	FILE	85610	DATA	MountPointManagerRemoteDatabase	-
0x3f0744d0	FILE	571	DATA	TMP000000095C40F5B305293C2D	-
0x3f07da50	FILE	571	DATA	TMP00000008F432D15F5E0BE674	-
0x3f1a7d80	FILE	3	DATA	$Volume	-
0x3fa048a0	FILE	435	DATA	MP Scheduled Scan	-
0x3fa04bd8	FILE	435	DATA	MP Scheduled Scan	-
0x3fa4e1c8	FILE	568	DATA	0ae26567-c262-44c4-b0df-727b7192f4fb	
00 00 00 00 00 00 00 00 00 00 00 00 8c c0 96 96 ................
a6 08 d3 01                                     ....            
